# Blender 4.2.16 LTS
# www.blender.org
o Cube_002_Cube_013_140669730939053
v -0.781311 0.315910 -0.044652
v -0.781311 0.315910 0.044652
v -0.781311 0.271259 -0.000000
v -0.781311 0.284337 0.031573
v -0.781311 0.284337 -0.031574
v -0.781311 0.360562 -0.000000
v -0.781311 0.347483 0.031573
v -0.781311 0.347483 -0.031574
v -1.169793 0.328710 -0.012801
v -1.169793 0.297807 -0.000000
v -1.169793 0.315910 0.018103
v -1.169793 0.303109 0.012801
v -1.169793 0.303109 -0.012801
v -1.169793 0.315910 -0.018104
v -1.169793 0.328710 0.012801
v -1.169793 0.334014 -0.000000
v -1.043466 0.337265 0.021354
v -1.136300 0.334065 0.018155
v -1.043466 0.315910 0.030200
v -1.136300 0.315910 0.025675
v -1.043466 0.346110 -0.000000
v -1.169793 0.328710 0.012801
v -1.169793 0.315910 0.018103
v -1.136300 0.341584 -0.000000
v -1.169793 0.334014 -0.000000
v -1.169793 0.328710 -0.012801
v -1.136300 0.334065 -0.018155
v -1.043466 0.337265 -0.021355
v -1.043466 0.315910 -0.030200
v -1.136300 0.315910 -0.025675
v -1.169793 0.315910 -0.018104
v -1.169793 0.303109 -0.012801
v -1.136300 0.297754 -0.018155
v -1.043466 0.294556 -0.021355
v -1.043466 0.285710 -0.000000
v -1.136300 0.290235 -0.000000
v -1.169793 0.297807 -0.000000
v -1.169793 0.303109 0.012801
v -1.136300 0.297754 0.018155
v -1.043466 0.294556 0.021354
v -1.043466 0.315910 0.030200
v -1.136300 0.315910 0.025675
v -1.169793 0.315910 0.018103
v -1.043466 0.294556 -0.021355
v -1.043466 0.315910 -0.032153
v -1.043466 0.293175 -0.022736
v -1.043466 0.315910 -0.030200
v -1.043466 0.285710 -0.000000
v -1.043466 0.337265 -0.021355
v -1.043466 0.283757 -0.000000
v -1.043466 0.338645 -0.022736
v -1.043466 0.293175 0.022735
v -1.043466 0.348062 -0.000000
v -1.043466 0.294556 0.021354
v -1.043466 0.315910 0.030200
v -1.043466 0.315910 0.032152
v -1.043466 0.346110 -0.000000
v -1.043466 0.337265 0.021354
v -1.043466 0.338645 0.022735
v -1.043466 0.315910 0.032152
v -1.043466 0.315910 0.030200
v -1.021535 0.284337 0.031573
v -0.781311 0.284337 0.031573
v -0.781311 0.315910 0.044652
v -1.021535 0.315910 0.044652
v -1.021535 0.271259 -0.000000
v -0.781311 0.271259 -0.000000
v -1.021535 0.284337 -0.031574
v -0.781311 0.284337 -0.031574
v -1.021535 0.315910 -0.044652
v -0.781311 0.315910 -0.044652
v -1.021535 0.347483 -0.031574
v -0.781311 0.347483 -0.031574
v -1.021535 0.360562 -0.000000
v -0.781311 0.360562 -0.000000
v -1.021535 0.347483 0.031573
v -0.781311 0.347483 0.031573
v -1.021535 0.315910 0.044652
v -0.781311 0.315910 0.044652
v -1.043466 0.293175 0.022735
v -1.021535 0.315910 0.044652
v -1.043466 0.315910 0.032152
v -1.021535 0.284337 0.031573
v -1.021535 0.271259 -0.000000
v -1.043466 0.283757 -0.000000
v -1.043466 0.293175 -0.022736
v -1.021535 0.284337 -0.031574
v -1.021535 0.315910 -0.044652
v -1.043466 0.315910 -0.032153
v -1.043466 0.338645 -0.022736
v -1.021535 0.347483 -0.031574
v -1.021535 0.360562 -0.000000
v -1.043466 0.348062 -0.000000
v -1.043466 0.338645 0.022735
v -1.021535 0.347483 0.031573
v -1.021535 0.315910 0.044652
v -1.043466 0.315910 0.032152
vn 1.0000 0.0005 0.0005
vn -1.0000 -0.0000 -0.0000
vn -1.0000 0.0005 0.0005
vn -0.0483 0.6890 0.7231
vn -0.1323 0.6831 0.7182
vn -0.0484 0.0005 0.9988
vn -0.1314 0.0005 0.9913
vn -0.0483 0.9988 0.0006
vn -0.2204 0.6799 0.6994
vn -0.2203 0.0006 0.9754
vn -0.1324 0.9912 -0.0000
vn -0.2203 0.9754 0.0005
vn -0.2204 0.6799 -0.6994
vn -0.1323 0.6831 -0.7182
vn -0.0483 0.6890 -0.7232
vn -0.0483 0.0006 -0.9988
vn -0.1318 0.0002 -0.9913
vn -0.2205 -0.0000 -0.9754
vn -0.2204 -0.6799 -0.6994
vn -0.1323 -0.6831 -0.7182
vn -0.0483 -0.6890 -0.7232
vn -0.0487 -0.9988 -0.0000
vn -0.1324 -0.9912 -0.0000
vn -0.2204 -0.9754 0.0003
vn -0.2204 -0.6799 0.6994
vn -0.1323 -0.6831 0.7182
vn -0.0483 -0.6890 0.7232
vn -0.1315 0.0004 0.9913
vn -0.2203 0.0005 0.9754
vn 0.0005 -0.6913 0.7226
vn 0.0005 0.0005 1.0000
vn 0.0005 -1.0000 0.0005
vn 0.0005 -0.6913 -0.7226
vn 0.0005 0.0005 -1.0000
vn 0.0005 0.6913 -0.7226
vn 0.0005 1.0000 0.0005
vn 0.0005 0.6913 0.7226
vn -0.4951 -0.6134 0.6153
vn -0.4948 0.0004 0.8690
vn -0.4948 0.0003 0.8690
vn -0.4949 -0.5916 0.6365
vn -0.4951 -0.8688 -0.0000
vn -0.4951 -0.6134 -0.6153
vn -0.4949 -0.5916 -0.6365
vn -0.4947 0.0006 -0.8690
vn -0.4948 0.0006 -0.8690
vn -0.4951 0.6134 -0.6153
vn -0.4949 0.5916 -0.6365
vn -0.4952 0.8688 -0.0000
vn -0.4951 0.6134 0.6153
vn -0.4949 0.5916 0.6365
vn -0.4948 0.0005 0.8690
vn -0.4948 0.0007 0.8690
vt 0.750000 0.010000
vt 0.750000 0.490000
vt 0.990000 0.250000
vt 0.919706 0.419706
vt 0.919706 0.080294
vt 0.510000 0.250000
vt 0.580294 0.419706
vt 0.580294 0.080294
vt 0.375000 1.000000
vt 0.750000 1.000000
vt 0.000000 1.000000
vt 0.875000 1.000000
vt 0.625000 1.000000
vt 0.500000 1.000000
vt 0.125000 1.000000
vt 0.250000 1.000000
vt 1.000000 1.000000
vt 0.875000 0.500000
vt 1.000000 0.500000
vt 0.750000 0.500000
vt 0.625000 0.500000
vt 0.500000 0.500000
vt 0.375000 0.500000
vt 0.250000 0.500000
vt 0.125000 0.500000
vt 0.000000 0.500000
s 1
f 1/1/1 2/2/1 3/3/1
f 3/3/1 2/2/1 4/4/1
f 1/1/1 3/3/1 5/5/1
f 1/1/1 6/6/1 2/2/1
f 2/2/1 6/6/1 7/7/1
f 6/6/1 1/1/1 8/8/1
f 9/9/2 10/10/3 11/11/3
f 11/11/3 10/10/3 12/12/3
f 10/10/3 9/9/2 13/13/3
f 13/13/3 9/9/2 14/14/3
f 9/9/2 11/11/3 15/15/3
f 9/9/2 15/15/3 16/16/3
f 17/15/4 18/15/5 19/11/6
f 20/11/7 19/11/6 18/15/5
f 21/16/8 18/15/5 17/15/4
f 18/15/5 22/15/9 20/11/7
f 23/11/10 20/11/7 22/15/9
f 24/16/11 22/15/9 18/15/5
f 18/15/5 21/16/8 24/16/11
f 22/15/9 24/16/11 25/16/12
f 24/16/11 26/9/13 25/16/12
f 21/16/8 27/9/14 24/16/11
f 26/9/13 24/16/11 27/9/14
f 27/9/14 21/16/8 28/9/15
f 29/14/16 27/9/14 28/9/15
f 30/14/17 26/9/13 27/9/14
f 27/9/14 29/14/16 30/14/17
f 26/9/13 30/14/17 31/14/18
f 31/14/18 30/14/17 32/13/19
f 30/14/17 29/14/16 33/13/20
f 33/13/20 32/13/19 30/14/17
f 34/13/21 33/13/20 29/14/16
f 35/10/22 33/13/20 34/13/21
f 36/10/23 32/13/19 33/13/20
f 33/13/20 35/10/22 36/10/23
f 32/13/19 36/10/23 37/10/24
f 37/10/24 36/10/23 38/12/25
f 36/10/23 35/10/22 39/12/26
f 39/12/26 38/12/25 36/10/23
f 40/12/27 39/12/26 35/10/22
f 41/17/6 39/12/26 40/12/27
f 39/12/26 41/17/6 42/17/28
f 42/17/28 38/12/25 39/12/26
f 38/12/25 42/17/28 43/17/29
f 44/13/3 45/14/3 46/13/3
f 45/14/3 44/13/3 47/14/3
f 46/13/3 48/10/3 44/13/3
f 49/9/3 45/14/3 47/14/3
f 46/13/3 50/10/3 48/10/3
f 45/14/3 49/9/3 51/9/3
f 52/12/3 48/10/3 50/10/3
f 53/16/3 51/9/3 49/9/3
f 48/10/3 52/12/3 54/12/3
f 52/12/3 55/17/3 54/12/3
f 55/17/3 52/12/3 56/17/3
f 53/16/3 49/9/3 57/16/3
f 58/15/3 53/16/3 57/16/3
f 53/16/3 58/15/3 59/15/3
f 60/11/3 59/15/3 58/15/3
f 58/15/3 61/11/3 60/11/3
f 62/12/30 63/18/30 64/19/31
f 62/12/30 64/19/31 65/17/31
f 66/10/32 63/18/30 62/12/30
f 66/10/32 67/20/32 63/18/30
f 68/13/33 67/20/32 66/10/32
f 68/13/33 69/21/33 67/20/32
f 70/14/34 69/21/33 68/13/33
f 70/14/34 71/22/34 69/21/33
f 72/9/35 71/22/34 70/14/34
f 72/9/35 73/23/35 71/22/34
f 74/16/36 73/23/35 72/9/35
f 73/23/35 74/16/36 75/24/36
f 75/24/36 74/16/36 76/15/37
f 75/24/36 76/15/37 77/25/37
f 78/11/31 77/25/37 76/15/37
f 78/11/31 79/26/31 77/25/37
f 80/12/38 81/17/39 82/17/40
f 81/17/39 80/12/38 83/12/41
f 84/10/42 83/12/41 80/12/38
f 85/10/42 84/10/42 80/12/38
f 86/13/43 84/10/42 85/10/42
f 84/10/42 86/13/43 87/13/44
f 88/14/45 87/13/44 86/13/43
f 89/14/46 88/14/45 86/13/43
f 90/9/47 88/14/45 89/14/46
f 88/14/45 90/9/47 91/9/48
f 90/9/47 92/16/49 91/9/48
f 92/16/49 90/9/47 93/16/49
f 94/15/50 92/16/49 93/16/49
f 92/16/49 94/15/50 95/15/51
f 96/11/52 95/15/51 94/15/50
f 97/11/53 96/11/52 94/15/50
o Cube_005_Cube_069_121294691542287
v -1.646492 0.158291 -0.015991
v -1.646492 0.132174 0.021307
v -1.637063 0.145233 0.002658
v -1.669258 0.163700 -0.023716
v -1.669258 0.126766 0.029032
v -1.692026 0.132174 0.021307
v -1.692026 0.158291 -0.015991
v -1.701455 0.145233 0.002658
v -1.728160 0.122829 -0.029624
v -1.610106 0.107235 -0.007353
v -1.610106 0.122829 -0.029624
v -1.728160 0.107235 -0.007353
v -1.564198 -0.642856 -0.544814
v -1.774070 -0.642856 -0.377642
v -1.774070 -0.642856 -0.544814
v -1.564198 -0.642856 -0.377642
v -1.774070 -0.601370 -0.544814
v -1.564198 -0.601370 -0.544814
v -1.550516 -0.622114 -0.558496
v -1.787752 -0.622114 -0.558496
v -1.564198 -0.642856 -0.544814
v -1.774070 -0.642856 -0.544814
v -1.610106 -0.508358 -0.411627
v -1.728160 -0.523951 -0.389356
v -1.728160 -0.508358 -0.411627
v -1.610106 -0.523951 -0.389356
v -1.564198 -0.642856 -0.544814
v -1.550516 -0.622111 -0.363960
v -1.564198 -0.642856 -0.377642
v -1.550516 -0.622114 -0.558496
v -1.564198 -0.601369 -0.377642
v -1.564198 -0.601370 -0.544814
v -1.787752 -0.622114 -0.558496
v -1.774070 -0.601369 -0.377642
v -1.774070 -0.601370 -0.544814
v -1.787752 -0.622111 -0.363960
v -1.774070 -0.642856 -0.544814
v -1.774070 -0.642856 -0.377642
v -1.610106 0.107235 -0.007353
v -1.610106 -0.508358 -0.411627
v -1.610106 0.122829 -0.029624
v -1.610106 -0.523951 -0.389356
v -1.728160 0.122829 -0.029624
v -1.728160 -0.508358 -0.411627
v -1.728160 0.107235 -0.007353
v -1.728160 -0.523951 -0.389356
v -1.692026 -0.535442 -0.386204
v -1.669258 0.126766 0.029032
v -1.692026 0.132174 0.021307
v -1.669258 -0.540851 -0.378479
v -1.692026 0.158291 -0.015991
v -1.669258 -0.503917 -0.431227
v -1.692026 -0.509326 -0.423502
v -1.669258 0.163700 -0.023716
v -1.669258 -0.503917 -0.431227
v -1.669258 0.163700 -0.023716
v -1.646492 0.158291 -0.015991
v -1.646492 -0.509323 -0.423502
v -1.646492 -0.535442 -0.386204
v -1.669258 0.126766 0.029032
v -1.669258 -0.540851 -0.378479
v -1.646492 0.132174 0.021307
v -1.646492 -0.509323 -0.423502
v -1.646492 0.158291 -0.015991
v -1.637063 0.145233 0.002658
v -1.637063 -0.522384 -0.404853
v -1.646492 0.132174 0.021307
v -1.646492 -0.535442 -0.386204
v -1.692026 0.132174 0.021307
v -1.701455 -0.522384 -0.404853
v -1.692026 -0.535442 -0.386204
v -1.701455 0.145233 0.002658
v -1.692026 -0.509326 -0.423502
v -1.692026 0.158291 -0.015991
v -1.610106 -0.523951 -0.389356
v -1.610106 0.107235 -0.007353
v -1.728160 -0.523951 -0.389356
v -1.728160 0.107235 -0.007353
v -1.610106 0.122829 -0.029624
v -1.610106 -0.508358 -0.411627
v -1.728160 0.122829 -0.029624
v -1.728160 -0.508358 -0.411627
v -1.787752 -0.622111 -0.363960
v -1.550516 -0.622111 -0.363960
v -1.564198 -0.601369 -0.377642
v -1.774070 -0.601369 -0.377642
v -1.564198 -0.642856 -0.377642
v -1.774070 -0.642856 -0.377642
v -1.698972 -0.514120 -0.435340
v -1.723886 -0.610922 -0.466848
v -1.711280 -0.531163 -0.411000
v -1.707886 -0.610922 -0.505476
v -1.707886 -0.610920 -0.428220
v -1.669258 -0.610922 -0.521477
v -1.698972 -0.548205 -0.386660
v -1.669258 -0.555265 -0.376578
v -1.669258 -0.610922 -0.412220
v -1.669258 -0.507060 -0.445423
v -1.639545 -0.514120 -0.435341
v -1.630631 -0.610922 -0.505476
v -1.614630 -0.610922 -0.466848
v -1.627237 -0.531163 -0.411000
v -1.630631 -0.610920 -0.428220
v -1.639545 -0.548205 -0.386660
v -1.669258 -0.555265 -0.376578
v -1.669258 -0.610922 -0.412220
v -1.669258 -0.555265 -0.376578
v -1.692026 -0.535442 -0.386204
v -1.698972 -0.548205 -0.386660
v -1.669258 -0.540851 -0.378479
v -1.711280 -0.531163 -0.411000
v -1.701455 -0.522384 -0.404853
v -1.692026 -0.509326 -0.423502
v -1.698972 -0.514120 -0.435340
v -1.669258 -0.503917 -0.431227
v -1.669258 -0.507060 -0.445423
v -1.639545 -0.514120 -0.435341
v -1.646492 -0.509323 -0.423502
v -1.627237 -0.531163 -0.411000
v -1.637063 -0.522384 -0.404853
v -1.646492 -0.535442 -0.386204
v -1.639545 -0.548205 -0.386660
v -1.669258 -0.555265 -0.376578
v -1.669258 -0.540851 -0.378479
v -1.774070 -0.601370 -0.544814
v -1.564198 -0.601369 -0.377642
v -1.564198 -0.601370 -0.544814
v -1.774070 -0.601369 -0.377642
vn 0.0003 0.8191 0.5737
vn -0.0000 0.8192 0.5736
vn -0.0000 0.8191 0.5736
vn 0.0004 0.8190 0.5738
vn 0.0005 0.8190 0.5738
vn 0.0007 0.8189 0.5740
vn 0.0005 -1.0000 0.0005
vn 0.0003 0.5505 -0.8348
vn -0.0000 0.5506 -0.8348
vn 0.0005 0.0005 -1.0000
vn -0.0000 -0.5506 -0.8348
vn 0.0005 -0.5505 -0.8348
vn 0.0004 -0.8190 -0.5738
vn 0.0006 -0.8190 -0.5738
vn 0.8348 -0.5506 -0.0000
vn 1.0000 0.0005 0.0005
vn 0.8348 0.5506 -0.0000
vn 0.8348 0.5505 0.0005
vn -1.0000 0.0005 0.0005
vn -0.8348 0.5506 -0.0000
vn -0.8348 -0.5505 0.0005
vn -0.8348 -0.5506 -0.0000
vn -0.8038 -0.3103 0.5076
vn 0.0005 -0.5213 0.8534
vn -0.8078 -0.3074 0.5029
vn 0.0004 -0.5212 0.8534
vn -0.8038 0.3103 -0.5076
vn 0.0004 0.5212 -0.8534
vn -0.8079 0.3074 -0.5029
vn 0.0005 0.5212 -0.8534
vn 0.0006 0.5213 -0.8534
vn 0.8038 0.3103 -0.5077
vn 0.8078 0.3074 -0.5029
vn 0.8038 -0.3103 0.5076
vn 0.0005 -0.5212 0.8534
vn 0.0007 -0.5213 0.8534
vn 0.8079 -0.3074 0.5029
vn 0.8079 0.3074 -0.5028
vn 0.8038 0.3103 -0.5076
vn 1.0000 0.0034 -0.0063
vn 1.0000 -0.0034 0.0063
vn 0.8079 -0.3074 0.5028
vn 0.8038 -0.3103 0.5075
vn -0.8079 -0.3074 0.5028
vn -1.0000 -0.0034 0.0063
vn -0.8038 -0.3102 0.5076
vn -1.0000 0.0034 -0.0063
vn -0.8079 0.3074 -0.5028
vn -0.8038 0.3102 -0.5076
vn -0.0000 -0.5178 0.8555
vn 0.0004 0.5175 -0.8557
vn -0.0000 0.5178 -0.8555
vn 0.0006 0.5175 -0.8557
vn 0.0005 0.0005 1.0000
vn -0.0000 0.5506 0.8348
vn 0.0005 0.5505 0.8348
vn 0.0005 -0.5505 0.8348
vn -0.0000 -0.5506 0.8348
vn -0.6982 0.4656 -0.5438
vn -0.9866 0.1598 -0.0318
vn -0.9931 0.1021 0.0582
vn -0.7803 0.4207 -0.4628
vn -0.8612 -0.1920 0.4706
vn 0.0005 0.5993 -0.8005
vn -0.7097 -0.3219 0.6267
vn 0.0005 -0.5261 0.8504
vn 0.0004 -0.5261 0.8504
vn 0.6982 0.4656 -0.5438
vn 0.7803 0.4207 -0.4627
vn 0.9866 0.1598 -0.0318
vn 0.9931 0.1021 0.0581
vn 0.8612 -0.1920 0.4706
vn 0.7097 -0.3219 0.6267
vn 0.0006 -0.5261 0.8504
vn 0.0005 0.1305 0.9915
vn -0.4100 0.1911 0.8918
vn -0.6704 0.3413 0.6589
vn -0.7371 0.5535 0.3876
vn -0.7371 0.5536 0.3876
vn -0.4100 0.9034 -0.1256
vn -0.6709 0.7354 0.0953
vn 0.0003 0.9763 -0.2163
vn 0.0007 0.9763 -0.2164
vn 0.6709 0.7354 0.0952
vn 0.4100 0.9034 -0.1255
vn 0.7374 0.5535 0.3872
vn 0.7371 0.5536 0.3876
vn 0.4100 0.1911 0.8918
vn 0.6704 0.3413 0.6589
vn 0.0007 0.1304 0.9915
vn 0.0005 0.1305 0.9914
vn 0.0005 1.0000 0.0005
vt 0.625000 0.500000
vt 0.875000 0.500000
vt 0.750000 0.500000
vt 0.500000 0.500000
vt 0.000000 0.500000
vt 0.125000 0.500000
vt 0.375000 0.500000
vt 0.250000 0.500000
vt 0.375000 0.250000
vt 0.625000 0.250000
vt 0.625000 1.000000
vt 0.375000 0.750000
vt 0.625000 0.750000
vt 0.375000 1.000000
vt 0.875000 0.625000
vt 0.625000 0.625000
vt 0.875000 0.750000
vt 0.625000 0.000000
vt 0.375000 0.125000
vt 0.375000 0.000000
vt 0.625000 0.125000
vt 0.375000 0.625000
vt 0.125000 0.950000
vt 0.000000 0.950000
vt 0.500000 0.950000
vt 0.375000 0.950000
vt 0.625000 0.950000
vt 0.875000 0.950000
vt 1.000000 0.500000
vt 1.000000 0.950000
vt 0.750000 0.950000
vt 0.250000 0.950000
vt 0.125000 0.750000
vt 0.125000 0.625000
s 1
f 98/27/54 99/28/55 100/29/56
f 101/30/57 99/28/55 98/27/54
f 99/28/55 101/30/57 102/31/58
f 101/30/57 103/32/57 102/31/58
f 103/32/57 101/30/57 104/33/59
f 103/32/57 104/33/59 105/34/56
f 106/27/54 107/35/57 108/36/55
f 107/35/57 106/27/54 109/33/55
f 110/37/60 111/38/60 112/39/60
f 111/38/60 110/37/60 113/40/60
f 114/27/61 115/28/62 116/41/63
f 114/27/61 116/41/63 117/42/63
f 118/43/64 117/42/63 116/41/63
f 117/42/63 118/43/64 119/39/65
f 120/37/66 121/38/66 122/39/66
f 121/38/66 120/37/66 123/40/67
f 124/44/68 125/45/69 126/46/68
f 125/45/69 124/44/68 127/47/69
f 127/47/69 128/35/70 125/45/69
f 128/35/70 127/47/69 129/36/71
f 130/42/72 131/33/73 132/27/73
f 130/42/72 133/48/72 131/33/73
f 134/39/74 133/48/72 130/42/72
f 133/48/72 134/39/74 135/38/75
f 136/35/69 137/44/69 138/36/69
f 137/44/69 136/35/69 139/46/69
f 140/27/72 141/39/72 142/33/72
f 142/33/72 141/39/72 143/38/72
f 144/49/76 145/31/77 146/32/78
f 145/31/77 144/49/76 147/50/79
f 148/33/80 149/51/81 150/52/82
f 149/51/81 148/33/80 151/30/81
f 152/51/83 153/30/84 154/27/85
f 154/27/85 155/53/86 152/51/83
f 156/54/87 157/55/88 158/56/89
f 157/55/88 156/54/87 159/28/90
f 160/53/91 161/27/92 162/29/93
f 162/29/93 163/57/94 160/53/91
f 163/57/94 162/29/93 164/28/95
f 164/28/95 165/54/96 163/57/94
f 166/32/97 167/58/98 168/49/99
f 167/58/98 166/32/97 169/34/100
f 169/34/100 170/52/101 167/58/98
f 170/52/101 169/34/100 171/33/102
f 172/59/103 173/32/103 174/38/103
f 174/38/103 173/32/103 175/33/103
f 176/28/104 177/43/105 178/27/105
f 178/27/105 177/43/105 179/39/106
f 180/48/107 181/60/107 182/32/108
f 180/48/107 182/32/108 183/33/109
f 180/48/107 184/59/110 181/60/107
f 184/59/110 180/48/107 185/38/111
f 186/52/112 187/58/113 188/58/114
f 187/58/113 186/52/112 189/52/115
f 190/49/116 188/58/114 187/58/113
f 186/52/112 191/51/117 189/52/115
f 188/58/114 190/49/116 192/49/118
f 190/49/116 193/50/119 192/49/118
f 190/49/116 194/50/120 193/50/119
f 195/51/117 191/51/117 186/52/112
f 196/53/121 191/51/117 195/51/117
f 191/51/117 196/53/121 197/53/122
f 197/53/122 196/53/121 198/57/123
f 198/57/123 196/53/121 199/57/124
f 198/57/123 199/57/124 200/54/125
f 200/54/125 199/57/124 201/54/126
f 202/56/119 200/54/125 201/54/126
f 200/54/125 202/56/119 203/56/127
f 204/50/128 205/49/129 206/49/130
f 205/49/129 204/50/128 207/50/128
f 205/49/129 208/58/131 206/49/130
f 205/49/129 209/58/132 208/58/131
f 210/52/133 208/58/131 209/58/132
f 208/58/131 210/52/133 211/52/134
f 212/51/135 211/52/134 210/52/133
f 211/52/134 212/51/135 213/51/136
f 214/53/137 213/51/136 212/51/135
f 214/53/137 212/51/135 215/53/138
f 215/53/138 216/57/139 214/53/137
f 216/57/139 215/53/138 217/57/140
f 218/54/141 216/57/139 217/57/140
f 216/57/139 218/54/141 219/54/142
f 220/56/143 219/54/142 218/54/141
f 220/56/143 218/54/141 221/56/144
f 222/27/145 223/35/145 224/36/145
f 223/35/145 222/27/145 225/33/145
o Cube_005_Cube_069_121294691542287.001
v -1.692988 0.155050 -0.001305
v -1.692988 0.128933 -0.038603
v -1.702417 0.141992 -0.019954
v -1.670222 0.160459 0.006420
v -1.670222 0.123525 -0.046328
v -1.647454 0.128933 -0.038603
v -1.647454 0.155050 -0.001305
v -1.638025 0.141992 -0.019954
v -1.611320 0.119588 0.012328
v -1.729374 0.103994 -0.009943
v -1.729374 0.119588 0.012328
v -1.611320 0.103994 -0.009943
v -1.775282 -0.646097 0.527518
v -1.565410 -0.646097 0.360346
v -1.565410 -0.646097 0.527518
v -1.775282 -0.646097 0.360346
v -1.565410 -0.604610 0.527518
v -1.775282 -0.604610 0.527518
v -1.788964 -0.625354 0.541200
v -1.551728 -0.625354 0.541200
v -1.775282 -0.646097 0.527518
v -1.565410 -0.646097 0.527518
v -1.729374 -0.511598 0.394331
v -1.611320 -0.527192 0.372060
v -1.611320 -0.511598 0.394331
v -1.729374 -0.527192 0.372060
v -1.775282 -0.646097 0.527518
v -1.788964 -0.625352 0.346664
v -1.775282 -0.646097 0.360346
v -1.788964 -0.625354 0.541200
v -1.775282 -0.604610 0.360346
v -1.775282 -0.604610 0.527518
v -1.551728 -0.625354 0.541200
v -1.565410 -0.604610 0.360346
v -1.565410 -0.604610 0.527518
v -1.551728 -0.625352 0.346664
v -1.565410 -0.646097 0.527518
v -1.565410 -0.646097 0.360346
v -1.729374 0.103994 -0.009943
v -1.729374 -0.511598 0.394331
v -1.729374 0.119588 0.012328
v -1.729374 -0.527192 0.372060
v -1.611320 0.119588 0.012328
v -1.611320 -0.511598 0.394331
v -1.611320 0.103994 -0.009943
v -1.611320 -0.527192 0.372060
v -1.647454 -0.538682 0.368908
v -1.670222 0.123525 -0.046328
v -1.647454 0.128933 -0.038603
v -1.670222 -0.544091 0.361183
v -1.647454 0.155050 -0.001305
v -1.670222 -0.507157 0.413931
v -1.647454 -0.512566 0.406206
v -1.670222 0.160459 0.006420
v -1.670222 -0.507157 0.413931
v -1.670222 0.160459 0.006420
v -1.692988 0.155050 -0.001305
v -1.692988 -0.512564 0.406206
v -1.692988 -0.538682 0.368908
v -1.670222 0.123525 -0.046328
v -1.670222 -0.544091 0.361183
v -1.692988 0.128933 -0.038603
v -1.692988 -0.512564 0.406206
v -1.692988 0.155050 -0.001305
v -1.702417 0.141992 -0.019954
v -1.702417 -0.525624 0.387557
v -1.692988 0.128933 -0.038603
v -1.692988 -0.538682 0.368908
v -1.647454 0.128933 -0.038603
v -1.638025 -0.525624 0.387557
v -1.647454 -0.538682 0.368908
v -1.638025 0.141992 -0.019954
v -1.647454 -0.512566 0.406206
v -1.647454 0.155050 -0.001305
v -1.729374 -0.527192 0.372060
v -1.729374 0.103994 -0.009943
v -1.611320 -0.527192 0.372060
v -1.611320 0.103994 -0.009943
v -1.729374 0.119588 0.012328
v -1.729374 -0.511598 0.394331
v -1.611320 0.119588 0.012328
v -1.611320 -0.511598 0.394331
v -1.551728 -0.625352 0.346664
v -1.788964 -0.625352 0.346664
v -1.775282 -0.604610 0.360346
v -1.565410 -0.604610 0.360346
v -1.775282 -0.646097 0.360346
v -1.565410 -0.646097 0.360346
v -1.640508 -0.517360 0.418044
v -1.615594 -0.614161 0.449552
v -1.628200 -0.534403 0.393704
v -1.631594 -0.614161 0.488180
v -1.631594 -0.614161 0.410924
v -1.670222 -0.614161 0.504181
v -1.640508 -0.551446 0.369364
v -1.670222 -0.558506 0.359282
v -1.670222 -0.614162 0.394924
v -1.670222 -0.510300 0.428127
v -1.699935 -0.517360 0.418045
v -1.708849 -0.614161 0.488180
v -1.724850 -0.614161 0.449552
v -1.712243 -0.534403 0.393704
v -1.708849 -0.614161 0.410924
v -1.699935 -0.551446 0.369364
v -1.670222 -0.558506 0.359282
v -1.670222 -0.614162 0.394924
v -1.670222 -0.558506 0.359282
v -1.647454 -0.538682 0.368908
v -1.640508 -0.551446 0.369364
v -1.670222 -0.544091 0.361183
v -1.628200 -0.534403 0.393704
v -1.638025 -0.525624 0.387557
v -1.647454 -0.512566 0.406206
v -1.640508 -0.517360 0.418044
v -1.670222 -0.507157 0.413931
v -1.670222 -0.510300 0.428127
v -1.699935 -0.517360 0.418045
v -1.692988 -0.512564 0.406206
v -1.712243 -0.534403 0.393704
v -1.702417 -0.525624 0.387557
v -1.692988 -0.538682 0.368908
v -1.699935 -0.551446 0.369364
v -1.670222 -0.558506 0.359282
v -1.670222 -0.544091 0.361183
v -1.565410 -0.604610 0.527518
v -1.775282 -0.604610 0.360346
v -1.775282 -0.604610 0.527518
v -1.565410 -0.604610 0.360346
vn -0.0006 0.8190 -0.5739
vn -0.0000 0.8192 -0.5736
vn -0.0004 0.8190 -0.5738
vn -0.0007 0.8189 -0.5740
vn -0.0000 0.8191 -0.5736
vn -0.0007 0.8190 -0.5738
vn -0.0005 -1.0000 -0.0005
vn -0.0000 0.5506 0.8348
vn -0.0005 0.0005 1.0000
vn -0.0006 -0.5505 0.8348
vn -0.0003 -0.5506 0.8348
vn -0.0003 -0.8190 0.5737
vn -0.0004 -0.8190 0.5738
vn -0.0006 -0.8190 0.5739
vn -0.8348 -0.5505 -0.0005
vn -1.0000 0.0005 -0.0005
vn -0.8348 -0.5506 -0.0000
vn -0.8348 0.5506 -0.0000
vn 1.0000 0.0005 -0.0005
vn 0.8348 0.5506 -0.0000
vn 0.8348 -0.5505 -0.0003
vn 0.8348 -0.5505 -0.0005
vn 0.8038 -0.3103 -0.5076
vn -0.0005 -0.5213 -0.8534
vn 0.8078 -0.3074 -0.5029
vn -0.0004 -0.5212 -0.8534
vn 0.8038 0.3103 0.5076
vn -0.0004 0.5212 0.8534
vn 0.8078 0.3074 0.5029
vn -0.0005 0.5212 0.8534
vn -0.0006 0.5213 0.8534
vn -0.8038 0.3103 0.5076
vn -0.8078 0.3074 0.5029
vn -0.8038 -0.3103 -0.5076
vn -0.0005 -0.5212 -0.8534
vn -0.0006 -0.5213 -0.8534
vn -0.8079 -0.3074 -0.5029
vn -0.8079 0.3074 0.5028
vn -1.0000 0.0034 0.0063
vn -1.0000 -0.0034 -0.0063
vn -0.8079 -0.3074 -0.5028
vn 0.8079 -0.3074 -0.5028
vn 1.0000 -0.0034 -0.0063
vn 0.8038 -0.3102 -0.5076
vn 1.0000 0.0034 0.0063
vn 0.8079 0.3074 0.5028
vn 0.8038 0.3102 0.5076
vn -0.0000 -0.5178 -0.8555
vn -0.0000 0.5178 0.8555
vn -0.0004 0.5175 0.8557
vn -0.0005 0.0005 -1.0000
vn -0.0006 0.5505 -0.8348
vn -0.0003 0.5506 -0.8348
vn -0.0000 -0.5506 -0.8348
vn -0.0006 -0.5505 -0.8348
vn 0.6982 0.4656 0.5438
vn 0.9866 0.1598 0.0318
vn 0.9931 0.1021 -0.0582
vn 0.7803 0.4207 0.4627
vn 0.8612 -0.1920 -0.4706
vn -0.0005 0.5993 0.8005
vn 0.7097 -0.3219 -0.6267
vn -0.0005 -0.5261 -0.8504
vn -0.6982 0.4656 0.5438
vn -0.7803 0.4207 0.4627
vn -0.9866 0.1598 0.0318
vn -0.9931 0.1021 -0.0581
vn -0.8612 -0.1920 -0.4706
vn -0.7097 -0.3219 -0.6267
vn -0.0007 -0.5261 -0.8504
vn -0.0005 0.1305 -0.9914
vn 0.4100 0.1911 -0.8918
vn 0.6704 0.3412 -0.6589
vn -0.0005 0.1305 -0.9915
vn 0.7371 0.5535 -0.3876
vn 0.7373 0.5535 -0.3873
vn 0.4100 0.9034 0.1256
vn 0.6708 0.7354 -0.0953
vn -0.0005 0.9763 0.2164
vn -0.0006 0.9763 0.2164
vn -0.6709 0.7354 -0.0952
vn -0.4100 0.9034 0.1255
vn -0.7374 0.5535 -0.3872
vn -0.7371 0.5536 -0.3876
vn -0.4100 0.1911 -0.8918
vn -0.6704 0.3413 -0.6589
vn -0.0005 0.1304 -0.9915
vn -0.0005 1.0000 -0.0005
vt 0.625000 0.500000
vt 0.875000 0.500000
vt 0.750000 0.500000
vt 0.500000 0.500000
vt 0.000000 0.500000
vt 0.125000 0.500000
vt 0.375000 0.500000
vt 0.250000 0.500000
vt 0.375000 0.250000
vt 0.625000 0.250000
vt 0.625000 1.000000
vt 0.375000 0.750000
vt 0.625000 0.750000
vt 0.375000 1.000000
vt 0.875000 0.625000
vt 0.625000 0.625000
vt 0.875000 0.750000
vt 0.625000 0.000000
vt 0.375000 0.125000
vt 0.375000 0.000000
vt 0.625000 0.125000
vt 0.375000 0.625000
vt 0.125000 0.950000
vt 0.000000 0.950000
vt 0.500000 0.950000
vt 0.375000 0.950000
vt 0.625000 0.950000
vt 0.875000 0.950000
vt 1.000000 0.500000
vt 1.000000 0.950000
vt 0.750000 0.950000
vt 0.250000 0.950000
vt 0.125000 0.750000
vt 0.125000 0.625000
s 1
f 226/61/146 227/62/147 228/63/148
f 229/64/148 227/62/147 226/61/146
f 227/62/147 229/64/148 230/65/146
f 229/64/148 231/66/147 230/65/146
f 231/66/147 229/64/148 232/67/149
f 231/66/147 232/67/149 233/68/150
f 234/61/148 235/69/148 236/70/151
f 235/69/148 234/61/148 237/67/147
f 238/71/152 239/72/152 240/73/152
f 239/72/152 238/71/152 241/74/152
f 242/61/153 243/62/153 244/75/154
f 242/61/153 244/75/154 245/76/154
f 246/77/155 245/76/154 244/75/154
f 245/76/154 246/77/155 247/73/156
f 248/71/157 249/72/158 250/73/158
f 249/72/158 248/71/157 251/74/159
f 252/78/160 253/79/161 254/80/162
f 253/79/161 252/78/160 255/81/161
f 255/81/161 256/69/163 253/79/161
f 256/69/163 255/81/161 257/70/163
f 258/76/164 259/67/165 260/61/165
f 258/76/164 261/82/164 259/67/165
f 262/73/166 261/82/164 258/76/164
f 261/82/164 262/73/166 263/72/167
f 264/69/161 265/78/161 266/70/161
f 265/78/161 264/69/161 267/80/161
f 268/61/164 269/73/164 270/67/164
f 270/67/164 269/73/164 271/72/164
f 272/83/168 273/65/169 274/66/170
f 273/65/169 272/83/168 275/84/171
f 276/67/172 277/85/173 278/86/174
f 277/85/173 276/67/172 279/64/173
f 280/85/175 281/64/176 282/61/177
f 282/61/177 283/87/178 280/85/175
f 284/88/179 285/89/180 286/90/181
f 285/89/180 284/88/179 287/62/182
f 288/87/183 289/61/177 290/63/184
f 290/63/184 291/91/185 288/87/183
f 291/91/185 290/63/184 292/62/186
f 292/62/186 293/88/179 291/91/185
f 294/66/187 295/92/188 296/83/189
f 295/92/188 294/66/187 297/68/190
f 297/68/190 298/86/191 295/92/188
f 298/86/191 297/68/190 299/67/192
f 300/93/193 301/66/193 302/72/193
f 302/72/193 301/66/193 303/67/193
f 304/62/194 305/77/195 306/61/195
f 306/61/195 305/77/195 307/73/195
f 308/82/196 309/94/196 310/66/197
f 308/82/196 310/66/197 311/67/198
f 308/82/196 312/93/199 309/94/196
f 312/93/199 308/82/196 313/72/200
f 314/86/201 315/92/202 316/92/203
f 315/92/202 314/86/201 317/86/204
f 318/83/205 316/92/203 315/92/202
f 314/86/201 319/85/206 317/86/204
f 316/92/203 318/83/205 320/83/207
f 318/83/205 321/84/208 320/83/207
f 318/83/205 322/84/208 321/84/208
f 323/85/206 319/85/206 314/86/201
f 324/87/209 319/85/206 323/85/206
f 319/85/206 324/87/209 325/87/210
f 325/87/210 324/87/209 326/91/211
f 326/91/211 324/87/209 327/91/212
f 326/91/211 327/91/212 328/88/213
f 328/88/213 327/91/212 329/88/214
f 330/90/215 328/88/213 329/88/214
f 328/88/213 330/90/215 331/90/215
f 332/84/216 333/83/217 334/83/218
f 333/83/217 332/84/216 335/84/219
f 333/83/217 336/92/220 334/83/218
f 333/83/217 337/92/221 336/92/220
f 338/86/222 336/92/220 337/92/221
f 336/92/220 338/86/222 339/86/223
f 340/85/224 339/86/223 338/86/222
f 339/86/223 340/85/224 341/85/225
f 342/87/226 341/85/225 340/85/224
f 342/87/226 340/85/224 343/87/227
f 343/87/227 344/91/228 342/87/226
f 344/91/228 343/87/227 345/91/229
f 346/88/230 344/91/228 345/91/229
f 344/91/228 346/88/230 347/88/231
f 348/90/232 347/88/231 346/88/230
f 348/90/232 346/88/230 349/90/216
f 350/61/233 351/69/233 352/70/233
f 351/69/233 350/61/233 353/67/233
o Cube_006_Cube_070_85918211090205
v -3.274536 0.263028 -0.000000
v -3.156718 0.375028 0.144000
v -3.274536 0.375028 -0.000000
v -3.156718 0.263028 0.144000
v -3.156718 0.375028 -0.144000
v -3.156718 0.263028 -0.144000
v -3.337444 0.398228 -0.144000
v -3.337444 0.239828 -0.144000
v -3.458118 0.239828 -0.000000
v -3.458118 0.398228 -0.000000
v -3.458118 0.398228 -0.000000
v -3.458118 0.239828 -0.000000
v -3.337444 0.239828 0.144000
v -3.337444 0.398228 0.144000
v 1.753160 0.176200 -0.000000
v 1.727886 0.076484 0.100421
v 1.727886 0.076484 -0.000000
v 1.753160 0.176200 0.127014
v 1.727886 0.076484 -0.100421
v 1.753160 0.176200 -0.000000
v 1.753160 0.176200 -0.127014
v 1.753160 0.176200 -0.127014
v 1.805464 0.321906 -0.000000
v 1.753160 0.176200 -0.000000
v 1.805464 0.321906 -0.129988
v 1.805464 0.321906 -0.000000
v 1.753160 0.176200 0.127014
v 1.805464 0.321906 0.129988
v 1.789374 0.411967 -0.094332
v 1.805464 0.321906 -0.000000
v 1.805464 0.321906 -0.129988
v 1.789374 0.411967 -0.000000
v 1.789374 0.411967 0.094332
v 1.805464 0.321906 -0.000000
v 1.805464 0.321906 0.129988
v 1.727886 0.076484 -0.000000
v 1.731367 -0.023232 0.086828
v 1.731367 -0.023232 0.000000
v 1.727886 0.076484 0.100421
v 1.731367 -0.023232 -0.086828
v 1.727886 0.076484 -0.000000
v 1.727886 0.076484 -0.100421
v 1.731367 -0.023232 0.000000
v 1.754008 -0.092510 0.084746
v 1.754008 -0.092510 0.000000
v 1.731367 -0.023232 0.086828
v 1.754008 -0.092510 -0.084746
v 1.731367 -0.023232 0.000000
v 1.731367 -0.023232 -0.086828
v -2.000451 0.411056 -0.062984
v -2.000451 0.411056 0.062208
v -2.000451 0.458328 0.029270
v -2.000451 0.442693 0.067675
v -2.000451 0.458328 -0.030046
v -2.000451 0.442693 -0.068452
v 1.730307 -0.175834 -0.084261
v 1.754008 -0.092510 0.000000
v 1.730307 -0.175834 0.000000
v 1.754008 -0.092510 -0.084746
v 1.730307 -0.175834 0.084261
v 1.754008 -0.092510 0.084746
v 1.653637 -0.196129 -0.083777
v 1.730307 -0.175834 -0.084261
v 1.653637 -0.196129 0.000000
v 1.585464 -0.200670 -0.083777
v 1.585464 -0.200670 0.000000
v 1.653637 -0.196129 0.083777
v 1.730307 -0.175834 0.084261
v 1.585464 -0.200670 0.083777
v -1.869729 0.188831 -0.053758
v -1.869729 0.107169 -0.000000
v -1.869729 0.208025 -0.000000
v -1.869729 0.135169 -0.084000
v -1.869729 0.231500 -0.053842
v -1.869729 0.188831 0.053758
v -1.869729 0.231500 0.053842
v -1.869729 0.135169 0.084000
v -1.519729 0.188831 -0.053758
v -1.519729 0.107169 -0.000000
v -1.519729 0.208025 -0.000000
v -1.519729 0.135169 -0.084000
v -1.519729 0.231500 -0.053842
v -1.519729 0.188831 0.053758
v -1.519729 0.231500 0.053842
v -1.519729 0.135169 0.084000
v 0.827300 0.810647 0.044617
v 0.827300 0.869351 0.044617
v 0.827300 0.869351 0.060457
v 0.827300 0.810647 0.060457
v 0.827300 0.810647 -0.060458
v 0.827300 0.869351 -0.060458
v 0.827300 0.869351 -0.044617
v 0.827300 0.810647 -0.044617
v 1.728098 0.449341 -0.000000
v 1.789374 0.411967 0.094332
v 1.789374 0.411967 -0.000000
v 1.789374 0.411967 -0.094332
v -1.079237 0.869351 -0.060457
v -1.079237 0.810647 -0.060457
v -1.079237 0.810647 -0.044617
v -1.079237 0.869351 -0.044617
v -1.079237 0.869351 0.044617
v -1.079237 0.810647 0.044617
v -1.079237 0.810647 0.060458
v -1.079237 0.869351 0.060458
v 0.449120 0.411056 0.062208
v 0.449120 0.458328 0.029270
v 0.449120 0.442693 0.067675
v 0.449120 0.411056 -0.062984
v 0.449120 0.458328 -0.030046
v 0.449120 0.442693 -0.068452
v 0.276110 0.743471 -0.100100
v 0.276110 0.640511 0.100100
v 0.276110 0.640511 -0.100100
v 0.276110 0.743471 0.100100
v 0.276110 0.800671 0.030030
v 0.276110 0.743471 -0.100100
v 0.276110 0.800671 -0.030030
v 0.276110 0.743471 0.100100
v 0.276110 0.629071 -0.100100
v 0.276110 0.629071 0.100100
v 0.276110 0.586171 -0.100100
v 0.276110 0.586171 0.100100
v 0.276110 0.552804 -0.066733
v 0.276110 0.552804 0.066733
v 0.276110 0.586171 -0.100100
v 0.276110 0.552804 0.066733
v 0.276110 0.519438 -0.066733
v 0.276110 0.519438 0.066733
v 0.276110 0.486071 -0.100100
v 0.276110 0.486071 0.100100
v 0.276110 0.519438 -0.066733
v 0.276110 0.486071 -0.100100
v 0.276110 0.486071 0.100100
v 0.276110 0.403062 -0.083289
v 0.276110 0.403062 0.083289
v -1.519729 0.135169 -0.084000
v -1.435729 0.135169 -0.084000
v -1.435729 0.107169 -0.000000
v -1.519729 0.107169 -0.000000
v -1.435729 0.135169 0.084000
v -1.519729 0.135169 0.084000
v -1.869729 0.135169 -0.084000
v -1.785729 0.135169 -0.084000
v -1.785729 0.107169 -0.000000
v -1.869729 0.107169 -0.000000
v -1.785729 0.135169 0.084000
v -1.869729 0.135169 0.084000
v 0.153588 0.745966 0.097044
v 0.153588 0.745966 -0.097044
v 0.153588 0.783146 -0.051553
v 0.153588 0.783146 0.051553
v 0.276110 0.629071 0.100100
v 0.276110 0.629071 -0.100100
v 0.267942 0.634791 -0.090090
v 0.267942 0.634791 0.090090
v 0.018614 0.796457 0.095886
v 0.061514 0.700571 -0.095886
v 0.018614 0.796457 -0.095886
v 0.061514 0.700571 0.095886
v 0.061514 0.636962 -0.095886
v 0.061514 0.636962 0.095886
v -3.163811 0.239828 -0.000000
v -3.124107 0.239828 -0.144000
v -3.088225 0.239828 -0.090196
v -3.337444 0.239828 -0.144000
v -3.458118 0.239828 -0.000000
v -3.337444 0.239828 0.144000
v -3.124107 0.239828 0.144000
v -3.088225 0.239828 0.090196
v -0.116655 0.901310 -0.053683
v -0.009288 0.901310 -0.053683
v -0.062972 0.901310 -0.075920
v 0.012948 0.901310 -0.000000
v -0.138891 0.901310 -0.000000
v -0.116655 0.901310 0.053683
v -0.009288 0.901310 0.053683
v -0.062972 0.901310 0.075920
v 0.276110 0.640511 -0.100100
v 0.267942 0.634791 0.090090
v 0.267942 0.634791 -0.090090
v 0.276110 0.640511 0.100100
v -0.021677 0.838390 0.041295
v -0.062972 0.838390 0.058400
v -0.062972 0.830722 0.071377
v -0.012500 0.830722 0.050471
v -0.004572 0.838390 -0.000000
v 0.008406 0.830722 -0.000000
v -0.021677 0.838390 -0.041295
v -0.012500 0.830721 -0.050472
v -0.062972 0.830721 -0.071378
v -0.062972 0.838390 -0.058400
v -0.113443 0.830722 -0.050472
v -0.104267 0.838390 -0.041295
v -0.134349 0.830722 -0.000000
v -0.121371 0.838390 -0.000000
v -0.104267 0.838390 0.041295
v -0.113443 0.830722 0.050471
v -0.062972 0.838390 0.058400
v -0.062972 0.830722 0.071377
v -0.113443 0.751043 -0.130150
v -0.062972 0.771948 -0.058610
v -0.062972 0.771948 -0.130150
v -0.113443 0.751043 -0.058610
v -0.134349 0.700571 -0.130150
v -0.134349 0.700571 -0.058610
v -0.113443 0.650100 -0.130150
v -0.113443 0.650100 -0.058610
v -0.062972 0.629194 -0.130150
v -0.062972 0.629194 -0.058610
v -0.012500 0.650100 -0.130150
v -0.012500 0.650100 -0.058610
v 0.008406 0.700571 -0.130150
v 0.008406 0.700571 -0.058610
v -0.012500 0.751043 -0.130150
v -0.012500 0.751043 -0.058610
v -0.062972 0.771948 -0.130150
v -0.062972 0.771948 -0.058610
v -0.004572 0.862700 -0.000000
v -0.021677 0.838390 0.041295
v -0.004572 0.838390 -0.000000
v -0.021677 0.862700 0.041295
v -0.062972 0.838390 0.058400
v -0.062972 0.862700 0.058400
v -0.021677 0.862700 -0.041295
v -0.021677 0.838390 -0.041295
v -0.062972 0.862700 -0.058400
v -0.062972 0.838390 -0.058400
v -0.104267 0.862700 -0.041295
v -0.104267 0.838390 -0.041295
v -0.121371 0.862700 -0.000000
v -0.121371 0.838390 -0.000000
v -0.104267 0.862700 0.041295
v -0.104267 0.838390 0.041295
v -0.062972 0.862700 0.058400
v -0.062972 0.838390 0.058400
v -0.402053 0.800671 -0.030030
v -0.238690 0.800671 0.030030
v -0.238690 0.800671 -0.030030
v -0.402054 0.800671 0.030030
v 0.112747 0.800671 -0.030030
v 0.276110 0.800671 0.030030
v 0.276110 0.800671 -0.030030
v 0.112747 0.800671 0.030030
v 0.018614 0.796457 -0.095886
v -0.140881 0.796457 -0.095886
v -0.140881 0.796457 0.095886
v 0.018614 0.796457 0.095886
v -0.009288 0.646888 0.200739
v -0.138891 0.700571 0.200739
v -0.116655 0.646888 0.200739
v -0.062972 0.624651 0.200739
v 0.012948 0.700571 0.200739
v -0.009288 0.754254 0.200739
v -0.116655 0.754254 0.200739
v -0.062972 0.776491 0.200739
v -0.009288 0.754254 -0.200739
v -0.138891 0.700571 -0.200739
v -0.116655 0.754254 -0.200739
v -0.062972 0.776491 -0.200739
v 0.012948 0.700571 -0.200739
v -0.009288 0.646888 -0.200739
v -0.116655 0.646888 -0.200739
v -0.062972 0.624651 -0.200739
v -0.402053 0.403062 -0.083289
v -0.238690 0.403062 -0.083289
v -0.238690 0.403062 0.083289
v -0.402053 0.403062 0.083289
v 0.276110 0.403062 -0.083289
v 0.112747 0.403062 0.083289
v 0.112747 0.403062 -0.083289
v 0.276110 0.403062 0.083289
v 1.585464 -0.200670 -0.083777
v 1.727886 0.076484 -0.100421
v 1.731367 -0.023232 -0.086828
v 1.653637 -0.196129 -0.083777
v 1.754008 -0.092510 -0.084746
v 1.585464 0.321906 -0.129988
v 1.753160 0.176200 -0.127014
v 1.805464 0.321906 -0.129988
v 1.585464 -0.200670 0.083777
v 1.731367 -0.023232 0.086828
v 1.727886 0.076484 0.100421
v 1.653637 -0.196129 0.083777
v 1.754008 -0.092510 0.084746
v 1.585464 0.321906 0.129988
v 1.753160 0.176200 0.127014
v 1.805464 0.321906 0.129988
v -0.279531 0.783146 -0.051553
v -0.402053 0.800671 -0.030030
v -0.238690 0.800671 -0.030030
v -0.361213 0.783146 -0.051553
v -0.279531 0.783146 0.051553
v -0.402054 0.800671 0.030030
v -0.361213 0.783146 0.051553
v -0.238690 0.800671 0.030030
v -0.402053 0.743471 -0.100100
v -0.279531 0.745966 -0.097044
v -0.238690 0.743471 -0.100100
v -0.361213 0.745966 -0.097044
v -0.279531 0.745966 0.097044
v -0.402053 0.743471 0.100100
v -0.238690 0.743471 0.100100
v -0.361213 0.745966 0.097044
v 0.112747 0.800671 -0.030030
v 0.276110 0.800671 -0.030030
v 0.235269 0.783146 -0.051553
v 0.153588 0.783146 -0.051553
v 0.112747 0.743471 -0.100100
v 0.153588 0.783146 -0.051553
v 0.153588 0.745966 -0.097044
v 0.276110 0.743471 -0.100100
v 0.235269 0.745966 -0.097044
v 0.276110 0.800671 -0.030030
v 0.112747 0.743471 -0.100100
v 0.235269 0.745966 -0.097044
v 0.153588 0.783146 0.051553
v 0.276110 0.800671 0.030030
v 0.112747 0.800671 0.030030
v 0.235269 0.783146 0.051553
v 0.235269 0.783146 0.051553
v 0.276110 0.743471 0.100100
v 0.235269 0.745966 0.097044
v 0.112747 0.743471 0.100100
v 0.112747 0.800671 0.030030
v 0.153588 0.745966 0.097044
v 0.276110 0.743471 0.100100
v 0.153588 0.745966 0.097044
v -0.361213 0.783146 0.051553
v -0.402054 0.800671 0.030030
v -0.402053 0.743471 0.100100
v -0.361213 0.745966 0.097044
v -0.361213 0.745966 -0.097044
v -0.361213 0.745966 0.097044
v -0.279531 0.745966 -0.097044
v -0.279531 0.745966 0.097044
v 0.153588 0.745966 -0.097044
v 0.235269 0.745966 0.097044
v 0.235269 0.745966 -0.097044
v 0.153588 0.745966 0.097044
v -3.156718 0.263028 -0.144000
v -3.156718 0.375028 -0.144000
v -3.124107 0.398228 -0.144000
v -3.296717 0.375028 -0.144000
v -3.124107 0.239828 -0.144000
v -3.337444 0.398228 -0.144000
v -3.296717 0.263028 -0.144000
v -3.337444 0.239828 -0.144000
v -3.124107 0.239828 0.144000
v -3.296717 0.263028 0.144000
v -3.337444 0.239828 0.144000
v -3.337444 0.398228 0.144000
v -3.156718 0.263028 0.144000
v -3.296717 0.375028 0.144000
v -3.124107 0.398228 0.144000
v -3.156718 0.375028 0.144000
v -0.021677 0.659276 0.137819
v -0.062972 0.629194 0.130151
v -0.012500 0.650099 0.130151
v -0.062972 0.642171 0.137819
v 0.008406 0.700571 0.130150
v -0.004572 0.700571 0.137819
v -0.012500 0.751042 0.130150
v -0.021677 0.741866 0.137819
v -0.062972 0.771948 0.130150
v -0.062972 0.758971 0.137819
v -0.113443 0.751043 0.130150
v -0.104267 0.741866 0.137819
v -0.134349 0.700571 0.130150
v -0.121371 0.700571 0.137819
v -0.104267 0.659276 0.137819
v -0.113443 0.650099 0.130151
v -0.062972 0.642171 0.137819
v -0.062972 0.629194 0.130151
v -0.021677 0.741866 -0.137819
v -0.062972 0.771948 -0.130150
v -0.012500 0.751043 -0.130150
v -0.062972 0.758971 -0.137819
v 0.008406 0.700571 -0.130150
v -0.004572 0.700571 -0.137819
v -0.012500 0.650100 -0.130150
v -0.021677 0.659276 -0.137819
v -0.062972 0.629194 -0.130150
v -0.062972 0.642171 -0.137819
v -0.113443 0.650100 -0.130150
v -0.104267 0.659276 -0.137819
v -0.134349 0.700571 -0.130150
v -0.121371 0.700571 -0.137819
v -0.104267 0.741866 -0.137819
v -0.113443 0.751043 -0.130150
v -0.062972 0.758971 -0.137819
v -0.062972 0.771948 -0.130150
v -0.238690 0.403062 -0.083289
v -0.402053 0.486071 -0.100100
v -0.238690 0.486071 -0.100100
v -0.402053 0.403062 -0.083289
v -0.402053 0.403062 0.083289
v -0.238690 0.403062 0.083289
v -0.238690 0.486071 0.100100
v -0.402053 0.486071 0.100100
v 0.276110 0.403062 -0.083289
v 0.112747 0.403062 -0.083289
v 0.276110 0.486071 -0.100100
v 0.112747 0.486071 -0.100100
v 0.276110 0.403062 0.083289
v 0.112747 0.486071 0.100100
v 0.112747 0.403062 0.083289
v 0.276110 0.486071 0.100100
v -0.402053 0.640511 -0.100100
v -0.402053 0.640511 0.100100
v -0.402053 0.743471 -0.100100
v -0.402053 0.743471 0.100100
v -0.402054 0.800671 0.030030
v -0.402053 0.800671 -0.030030
v -0.402053 0.743471 0.100100
v -0.238690 0.743471 -0.100100
v -0.402053 0.640511 -0.100100
v -0.402053 0.743471 -0.100100
v -0.238690 0.640511 -0.100100
v -0.361213 0.783146 -0.051553
v -0.402053 0.800671 -0.030030
v -0.361213 0.745966 -0.097044
v -0.238690 0.800671 -0.030030
v -0.279531 0.783146 -0.051553
v -0.279531 0.745966 -0.097044
v -0.402053 0.586171 -0.100100
v -0.402053 0.629071 0.100100
v -0.402053 0.629071 -0.100100
v -0.402053 0.586171 0.100100
v -0.402053 0.552804 -0.066733
v -0.402053 0.552804 0.066733
v -0.402053 0.586171 -0.100100
v -0.402053 0.519438 -0.066733
v -0.402053 0.552804 0.066733
v -0.402053 0.519438 0.066733
v -0.402053 0.486071 -0.100100
v -0.402053 0.519438 -0.066733
v -0.402053 0.486071 0.100100
v -0.402053 0.403062 -0.083289
v -0.402053 0.486071 0.100100
v -0.402053 0.486071 -0.100100
v -0.402053 0.403062 0.083289
v -0.402053 0.640511 0.100100
v -0.238690 0.640511 0.100100
v -0.402053 0.743471 0.100100
v -0.238690 0.743471 0.100100
v -0.279531 0.783146 0.051553
v -0.279531 0.745966 0.097044
v -0.238690 0.800671 0.030030
v -0.238690 0.586171 -0.100100
v -0.402053 0.629071 -0.100100
v -0.238690 0.629071 -0.100100
v -0.402053 0.586171 -0.100100
v -0.402053 0.586171 0.100100
v -0.238690 0.586171 0.100100
v -0.238690 0.629071 0.100100
v -0.402053 0.629071 0.100100
v -0.402053 0.629071 -0.100100
v -0.402053 0.629071 0.100100
v -0.393885 0.634791 -0.090090
v -0.393885 0.634791 0.090090
v 0.276110 0.640511 0.100100
v 0.276110 0.743471 0.100100
v 0.112747 0.640511 0.100100
v 0.112747 0.743471 0.100100
v 0.112747 0.743471 -0.100100
v 0.276110 0.743471 -0.100100
v 0.276110 0.640511 -0.100100
v 0.112747 0.640511 -0.100100
v 0.276110 0.586171 -0.100100
v 0.112747 0.586171 -0.100100
v 0.276110 0.629071 -0.100100
v 0.112747 0.629071 -0.100100
v 0.276110 0.586171 0.100100
v 0.112747 0.629071 0.100100
v 0.112747 0.586171 0.100100
v 0.276110 0.629071 0.100100
v 0.061514 0.700571 -0.095886
v -0.140881 0.604685 -0.095886
v -0.173157 0.700571 -0.095886
v -0.173157 0.636962 -0.095886
v 0.029238 0.604685 -0.095886
v 0.061514 0.636962 -0.095886
v -0.140881 0.604685 0.095886
v 0.061514 0.700571 0.095886
v -0.173157 0.700571 0.095886
v -0.173157 0.636962 0.095886
v 0.029238 0.604685 0.095886
v 0.061514 0.636962 0.095886
v -0.140881 0.796457 -0.095886
v -0.173157 0.700571 -0.095886
v -0.173157 0.764180 -0.095886
v 0.018614 0.796457 -0.095886
v 0.061514 0.700571 -0.095886
v 0.018614 0.796457 0.095886
v -0.173157 0.700571 0.095886
v 0.061514 0.700571 0.095886
v -0.140881 0.796457 0.095886
v -0.173157 0.764180 0.095886
v 0.449120 0.411056 0.062208
v -2.000451 0.442693 0.067675
v -2.000451 0.411056 0.062208
v 0.449120 0.442693 0.067675
v 0.449120 0.411056 -0.062984
v -2.000451 0.411056 -0.062984
v 0.449120 0.442693 -0.068452
v -2.000451 0.442693 -0.068452
v -0.238690 0.629071 0.100100
v -0.393885 0.634791 0.090090
v -0.402053 0.629071 0.100100
v -0.246858 0.634791 0.090090
v -0.393885 0.634791 -0.090090
v -0.238690 0.629071 -0.100100
v -0.402053 0.629071 -0.100100
v -0.246858 0.634791 -0.090090
v 0.112747 0.629071 0.100100
v 0.276110 0.629071 0.100100
v 0.267942 0.634791 0.090090
v 0.120915 0.634791 0.090090
v 0.276110 0.629071 -0.100100
v 0.112747 0.629071 -0.100100
v 0.120915 0.634791 -0.090090
v 0.267942 0.634791 -0.090090
v -0.238690 0.486071 -0.100100
v -0.402053 0.486071 -0.100100
v -0.402053 0.519438 -0.066733
v -0.238690 0.519438 -0.066733
v -0.402053 0.552804 -0.066733
v -0.238690 0.552804 -0.066733
v -0.402053 0.586171 -0.100100
v -0.238690 0.586171 -0.100100
v -0.238690 0.519438 0.066733
v -0.402053 0.519438 0.066733
v -0.402053 0.486071 0.100100
v -0.238690 0.486071 0.100100
v -0.238690 0.552804 0.066733
v -0.402053 0.552804 0.066733
v -0.238690 0.586171 0.100100
v -0.402053 0.586171 0.100100
v 0.112747 0.486071 -0.100100
v 0.276110 0.519438 -0.066733
v 0.276110 0.486071 -0.100100
v 0.112747 0.519438 -0.066733
v 0.276110 0.552804 -0.066733
v 0.112747 0.552804 -0.066733
v 0.276110 0.586171 -0.100100
v 0.112747 0.586171 -0.100100
v 0.112747 0.486071 0.100100
v 0.276110 0.486071 0.100100
v 0.112747 0.519438 0.066733
v 0.276110 0.519438 0.066733
v 0.112747 0.552804 0.066733
v 0.276110 0.552804 0.066733
v 0.112747 0.586171 0.100100
v 0.276110 0.586171 0.100100
v 1.653637 -0.196129 -0.083777
v 1.754008 -0.092510 -0.084746
v 1.730307 -0.175834 -0.084261
v 1.754008 -0.092510 0.084746
v 1.653637 -0.196129 0.083777
v 1.730307 -0.175834 0.084261
v 0.774499 0.865061 -0.060458
v 0.827300 0.810647 -0.060458
v 0.774499 0.810647 -0.060458
v 0.827300 0.869351 -0.060458
v 0.816251 0.876101 -0.060458
v 0.774499 0.810647 0.060457
v 0.827300 0.810647 0.060457
v 0.774499 0.865061 0.060457
v 0.827300 0.869351 0.060457
v 0.816251 0.876101 0.060457
v -0.246858 0.634791 0.090090
v -0.238690 0.629071 -0.100100
v -0.246858 0.634791 -0.090090
v -0.238690 0.629071 0.100100
v -1.079237 0.869351 0.060458
v -1.026436 0.865061 0.060458
v -1.068189 0.876101 0.060458
v -1.079237 0.810647 0.060458
v -1.026436 0.810647 0.060458
v -1.079237 0.869351 -0.060457
v -1.026436 0.865061 -0.060457
v -1.079237 0.810647 -0.060457
v -1.026436 0.810647 -0.060457
v -1.068189 0.876101 -0.060457
v -0.238690 0.743471 0.100100
v -0.238690 0.640511 -0.100100
v -0.238690 0.743471 -0.100100
v -0.238690 0.640511 0.100100
v -0.238690 0.800671 -0.030030
v -0.238690 0.800671 0.030030
v -0.238690 0.743471 -0.100100
v -0.238690 0.586171 0.100100
v -0.238690 0.586171 -0.100100
v -0.238690 0.629071 -0.100100
v -0.238690 0.629071 0.100100
v -0.238690 0.552804 0.066733
v -0.238690 0.552804 -0.066733
v -0.238690 0.586171 0.100100
v -0.238690 0.552804 -0.066733
v -0.238690 0.519438 0.066733
v -0.238690 0.519438 -0.066733
v -0.238690 0.486071 0.100100
v -0.238690 0.486071 -0.100100
v -0.238690 0.519438 0.066733
v -0.238690 0.403062 0.083289
v -0.238690 0.403062 -0.083289
v -0.238690 0.486071 -0.100100
v -0.238690 0.486071 0.100100
v -0.173157 0.764180 -0.095886
v -0.140881 0.796457 0.095886
v -0.140881 0.796457 -0.095886
v -0.173157 0.764180 0.095886
v -0.402053 0.640511 0.100100
v -0.402053 0.640511 -0.100100
v -0.393885 0.634791 0.090090
v -0.393885 0.634791 -0.090090
v 0.061514 0.636962 -0.095886
v 0.029238 0.604685 0.095886
v 0.029238 0.604685 -0.095886
v 0.061514 0.636962 0.095886
v -0.140881 0.604685 -0.095886
v -0.140881 0.604685 0.095886
v 0.029238 0.604685 -0.095886
v 1.585464 0.321906 0.129988
v 1.805464 0.321906 0.129988
v 1.789374 0.411967 0.094332
v 1.585464 0.411967 0.094332
v 1.789374 0.411967 -0.094332
v 1.585464 0.321906 -0.129988
v 1.585464 0.411967 -0.094332
v 1.805464 0.321906 -0.129988
v -0.402053 0.640511 -0.100100
v -0.238690 0.640511 -0.100100
v -0.393885 0.634791 -0.090090
v -0.246858 0.634791 -0.090090
v -0.238690 0.640511 0.100100
v -0.393885 0.634791 0.090090
v -0.246858 0.634791 0.090090
v -0.402053 0.640511 0.100100
v 0.112747 0.640511 -0.100100
v 0.276110 0.640511 -0.100100
v 0.267942 0.634791 -0.090090
v 0.120915 0.634791 -0.090090
v 0.276110 0.640511 0.100100
v 0.120915 0.634791 0.090090
v 0.267942 0.634791 0.090090
v 0.112747 0.640511 0.100100
v -0.004572 0.700571 -0.162129
v -0.021677 0.741866 -0.162129
v -0.021677 0.741866 -0.137819
v -0.062972 0.758971 -0.137819
v -0.062972 0.758971 -0.162129
v -0.004572 0.700571 -0.137819
v -0.021677 0.659276 -0.162129
v -0.021677 0.659276 -0.137819
v -0.062972 0.642171 -0.162129
v -0.062972 0.642171 -0.137819
v -0.104267 0.659276 -0.162129
v -0.104267 0.659276 -0.137819
v -0.121371 0.700571 -0.162129
v -0.121371 0.700571 -0.137819
v -0.104267 0.741866 -0.162129
v -0.104267 0.741866 -0.137819
v -0.062972 0.758971 -0.162129
v -0.062972 0.758971 -0.137819
v -0.279531 0.745966 -0.097044
v -0.279531 0.745966 0.097044
v -0.279531 0.783146 -0.051553
v -0.279531 0.783146 0.051553
v -0.238690 0.640511 -0.100100
v -0.238690 0.640511 0.100100
v -0.246858 0.634791 -0.090090
v -0.246858 0.634791 0.090090
v 0.774499 0.810647 -0.044617
v 0.827300 0.810647 -0.044617
v 0.774499 0.865061 -0.044617
v 0.827300 0.869351 -0.044617
v 0.816251 0.876101 -0.044617
v 0.827300 0.869351 0.044617
v 0.774499 0.865061 0.044617
v 0.816251 0.876101 0.044617
v 0.774499 0.865061 0.044617
v 0.827300 0.869351 0.044617
v 0.827300 0.810647 0.044617
v 0.774499 0.810647 0.044617
v -1.079237 0.869351 0.044617
v -1.026436 0.865061 0.044617
v -1.079237 0.810647 0.044617
v -1.026436 0.810647 0.044617
v -1.068189 0.876101 0.044617
v -1.026436 0.865061 -0.044617
v -1.079237 0.810647 -0.044617
v -1.026436 0.810647 -0.044617
v -1.079237 0.869351 -0.044617
v -1.079237 0.869351 -0.044617
v -1.026436 0.865061 -0.044617
v -1.068189 0.876101 -0.044617
v -1.435729 0.231500 0.053842
v -1.519729 0.231500 0.053842
v -1.435729 0.188831 0.053758
v -1.519729 0.188831 0.053758
v -1.435729 0.135169 0.084000
v -1.519729 0.135169 0.084000
v -1.435729 0.231500 -0.053842
v -1.519729 0.188831 -0.053758
v -1.519729 0.231500 -0.053842
v -1.435729 0.188831 -0.053758
v -1.519729 0.135169 -0.084000
v -1.435729 0.135169 -0.084000
v -1.785729 0.231500 0.053842
v -1.869729 0.231500 0.053842
v -1.785729 0.188831 0.053758
v -1.869729 0.188831 0.053758
v -1.785729 0.135169 0.084000
v -1.869729 0.135169 0.084000
v -1.785729 0.231500 -0.053842
v -1.869729 0.188831 -0.053758
v -1.869729 0.231500 -0.053842
v -1.785729 0.188831 -0.053758
v -1.869729 0.135169 -0.084000
v -1.785729 0.135169 -0.084000
v -0.361213 0.745966 0.097044
v -0.361213 0.745966 -0.097044
v -0.361213 0.783146 0.051553
v -0.361213 0.783146 -0.051553
v -0.113443 0.759181 0.050472
v -0.062972 0.759181 0.071378
v -0.113443 0.830722 0.050471
v -0.062972 0.830722 0.071377
v -0.134349 0.759181 -0.000000
v -0.134349 0.830722 -0.000000
v -0.113443 0.759181 -0.050471
v -0.113443 0.830722 -0.050472
v -0.062972 0.830721 -0.071378
v -0.062972 0.759181 -0.071377
v -0.012500 0.830721 -0.050472
v -0.012500 0.759181 -0.050471
v 0.008406 0.759181 -0.000000
v 0.008406 0.830722 -0.000000
v -0.012500 0.830722 0.050471
v -0.012500 0.759181 0.050472
v -0.062972 0.830722 0.071377
v -0.062972 0.759181 0.071378
v -0.113443 0.650099 0.058610
v -0.062972 0.629193 0.058610
v -0.113443 0.650099 0.130151
v -0.062972 0.629194 0.130151
v -0.134349 0.700571 0.130150
v -0.134349 0.700571 0.058610
v -0.113443 0.751042 0.058610
v -0.113443 0.751043 0.130150
v -0.062972 0.771948 0.130150
v -0.062972 0.771948 0.058610
v -0.012500 0.751042 0.130150
v -0.012500 0.751042 0.058610
v 0.008406 0.700571 0.130150
v 0.008406 0.700571 0.058610
v -0.012500 0.650099 0.058610
v -0.012500 0.650099 0.130151
v -0.062972 0.629194 0.130151
v -0.062972 0.629193 0.058610
v -0.173157 0.636962 0.095886
v -0.173157 0.636962 -0.095886
v -0.140881 0.604685 -0.095886
v -0.140881 0.604685 0.095886
v -0.173157 0.636962 -0.095886
v -0.173157 0.636962 0.095886
v -0.173157 0.700571 -0.095886
v -0.173157 0.700571 0.095886
v -0.173157 0.764180 -0.095886
v -0.173157 0.764180 0.095886
v 0.449120 0.442693 -0.068452
v -2.000451 0.442693 -0.068452
v -2.000451 0.458328 -0.030046
v 0.449120 0.458328 -0.030046
v -2.000451 0.458328 0.029270
v 0.449120 0.458328 0.029270
v -2.000451 0.442693 0.067675
v 0.449120 0.442693 0.067675
v -0.009288 0.754254 0.162129
v -0.004572 0.700571 0.162129
v -0.021677 0.741866 0.162129
v 0.012948 0.700571 0.162129
v -0.062972 0.776491 0.162129
v -0.009288 0.646888 0.162129
v -0.062972 0.758971 0.162129
v -0.021677 0.659276 0.162129
v -0.062972 0.624651 0.162129
v -0.062972 0.642171 0.162129
v -0.116655 0.754254 0.162129
v -0.104267 0.741866 0.162129
v -0.138891 0.700571 0.162129
v -0.121371 0.700571 0.162129
v -0.104267 0.659276 0.162129
v -0.116655 0.646888 0.162129
v -0.062972 0.642171 0.162129
v -0.062972 0.624651 0.162129
v -0.009288 0.646888 -0.162129
v -0.004572 0.700571 -0.162129
v -0.021677 0.659276 -0.162129
v 0.012948 0.700571 -0.162129
v -0.062972 0.624651 -0.162129
v -0.009288 0.754254 -0.162129
v -0.062972 0.642171 -0.162129
v -0.021677 0.741866 -0.162129
v -0.062972 0.776491 -0.162129
v -0.062972 0.758971 -0.162129
v -0.116655 0.646888 -0.162129
v -0.104267 0.659276 -0.162129
v -0.138891 0.700571 -0.162129
v -0.121371 0.700571 -0.162129
v -0.104267 0.741866 -0.162129
v -0.116655 0.754254 -0.162129
v -0.062972 0.758971 -0.162129
v -0.062972 0.776491 -0.162129
v 1.728098 0.449341 -0.000000
v 1.585464 0.449341 -0.000000
v 1.585464 0.411967 0.094332
v 1.789374 0.411967 0.094332
v 1.728098 0.449341 -0.000000
v 1.585464 0.411967 -0.094332
v 1.789374 0.411967 -0.094332
v -3.337444 0.398228 -0.144000
v -3.163811 0.398228 -0.000000
v -3.124107 0.398228 -0.144000
v -3.088225 0.398228 -0.090196
v -3.458118 0.398228 -0.000000
v -3.337444 0.398228 0.144000
v -3.124107 0.398228 0.144000
v -3.088225 0.398228 0.090196
v -0.361213 0.783146 -0.051553
v -0.279531 0.783146 -0.051553
v -0.279531 0.783146 0.051553
v -0.361213 0.783146 0.051553
v 0.235269 0.783146 -0.051553
v 0.153588 0.783146 0.051553
v 0.153588 0.783146 -0.051553
v 0.235269 0.783146 0.051553
v 0.112747 0.629071 -0.100100
v 0.112747 0.629071 0.100100
v 0.120915 0.634791 0.090090
v 0.120915 0.634791 -0.090090
v -0.004572 0.700571 0.162129
v -0.021677 0.659276 0.137819
v -0.004572 0.700571 0.137819
v -0.021677 0.659276 0.162129
v -0.062972 0.642171 0.137819
v -0.062972 0.642171 0.162129
v -0.021677 0.741866 0.162129
v -0.021677 0.741866 0.137819
v -0.062972 0.758971 0.162129
v -0.062972 0.758971 0.137819
v -0.104267 0.741866 0.162129
v -0.104267 0.741866 0.137819
v -0.121371 0.700571 0.162129
v -0.121371 0.700571 0.137819
v -0.104267 0.659276 0.162129
v -0.104267 0.659276 0.137819
v -0.062972 0.642171 0.162129
v -0.062972 0.642171 0.137819
v -0.062972 0.624651 0.200739
v -0.116655 0.646888 0.162129
v -0.062972 0.624651 0.162129
v -0.116655 0.646888 0.200739
v -0.138891 0.700571 0.162129
v -0.138891 0.700571 0.200739
v -0.116655 0.754254 0.162129
v -0.116655 0.754254 0.200739
v -0.062972 0.776491 0.162129
v -0.062972 0.776491 0.200739
v -0.009288 0.754254 0.162129
v -0.009288 0.754254 0.200739
v 0.012948 0.700571 0.162129
v 0.012948 0.700571 0.200739
v -0.009288 0.646888 0.162129
v -0.009288 0.646888 0.200739
v -0.062972 0.624651 0.162129
v -0.062972 0.624651 0.200739
v -0.062972 0.776491 -0.200739
v -0.116655 0.754254 -0.200739
v -0.116655 0.754254 -0.162129
v -0.062972 0.776491 -0.162129
v -0.138891 0.700571 -0.162129
v -0.138891 0.700571 -0.200739
v -0.116655 0.646888 -0.162129
v -0.116655 0.646888 -0.200739
v -0.062972 0.624651 -0.162129
v -0.062972 0.624651 -0.200739
v -0.009288 0.646888 -0.162129
v -0.009288 0.646888 -0.200739
v 0.012948 0.700571 -0.162129
v 0.012948 0.700571 -0.200739
v -0.009288 0.754254 -0.162129
v -0.009288 0.754254 -0.200739
v -0.062972 0.776491 -0.162129
v -0.062972 0.776491 -0.200739
v -0.062972 0.862700 0.075920
v -0.062972 0.901310 0.075920
v -0.116655 0.862700 0.053683
v -0.116655 0.901310 0.053683
v -0.138891 0.862700 -0.000000
v -0.138891 0.901310 -0.000000
v -0.116655 0.862700 -0.053683
v -0.116655 0.901310 -0.053683
v -0.062972 0.862700 -0.075920
v -0.062972 0.901310 -0.075920
v -0.009288 0.862700 -0.053683
v -0.009288 0.901310 -0.053683
v 0.012948 0.862700 -0.000000
v 0.012948 0.901310 -0.000000
v -0.009288 0.862700 0.053683
v -0.009288 0.901310 0.053683
v -0.062972 0.862700 0.075920
v -0.062972 0.901310 0.075920
v 0.112747 0.640511 0.100100
v 0.112747 0.640511 -0.100100
v 0.120915 0.634791 -0.090090
v 0.120915 0.634791 0.090090
v -0.009288 0.862700 -0.053683
v -0.004572 0.862700 -0.000000
v -0.021677 0.862700 -0.041295
v 0.012948 0.862700 -0.000000
v -0.062972 0.862700 -0.075920
v -0.009288 0.862700 0.053683
v -0.062972 0.862700 -0.058400
v -0.021677 0.862700 0.041295
v -0.062972 0.862700 0.075920
v -0.062972 0.862700 0.058400
v -0.116655 0.862700 -0.053683
v -0.104267 0.862700 -0.041295
v -0.138891 0.862700 -0.000000
v -0.121371 0.862700 -0.000000
v -0.104267 0.862700 0.041295
v -0.116655 0.862700 0.053683
v -0.062972 0.862700 0.058400
v -0.062972 0.862700 0.075920
v -1.026436 0.810647 0.044617
v -1.026436 0.865061 0.044617
v -1.026436 0.865061 0.060458
v -1.026436 0.810647 0.060458
v -1.068189 0.876101 0.060458
v -1.068189 0.876101 0.044617
v -1.079237 0.869351 0.060458
v -1.079237 0.869351 0.044617
v -1.068189 0.876101 -0.044617
v -1.026436 0.865061 -0.060457
v -1.068189 0.876101 -0.060457
v -1.079237 0.869351 -0.044617
v -1.079237 0.869351 -0.060457
v -1.026436 0.865061 -0.044617
v -1.026436 0.810647 -0.060457
v -1.026436 0.810647 -0.044617
v 0.112747 0.743471 0.100100
v 0.112747 0.743471 -0.100100
v 0.112747 0.640511 -0.100100
v 0.112747 0.640511 0.100100
v 0.112747 0.743471 -0.100100
v 0.112747 0.743471 0.100100
v 0.112747 0.800671 -0.030030
v 0.112747 0.800671 0.030030
v 0.112747 0.586171 0.100100
v 0.112747 0.629071 -0.100100
v 0.112747 0.586171 -0.100100
v 0.112747 0.629071 0.100100
v 0.112747 0.586171 0.100100
v 0.112747 0.552804 0.066733
v 0.112747 0.552804 -0.066733
v 0.112747 0.552804 -0.066733
v 0.112747 0.519438 0.066733
v 0.112747 0.519438 -0.066733
v 0.112747 0.486071 -0.100100
v 0.112747 0.486071 0.100100
v 0.112747 0.519438 0.066733
v 0.112747 0.403062 0.083289
v 0.112747 0.486071 -0.100100
v 0.112747 0.403062 -0.083289
v 0.112747 0.486071 0.100100
v 0.235269 0.745966 -0.097044
v 0.235269 0.783146 0.051553
v 0.235269 0.783146 -0.051553
v 0.235269 0.745966 0.097044
v 0.774499 0.865061 -0.060458
v 0.774499 0.810647 -0.060458
v 0.774499 0.810647 -0.044617
v 0.774499 0.865061 -0.044617
v 0.816251 0.876101 -0.060458
v 0.816251 0.876101 -0.044617
v 0.827300 0.869351 -0.060458
v 0.827300 0.869351 -0.044617
v 0.816251 0.876101 0.044617
v 0.774499 0.865061 0.044617
v 0.774499 0.865061 0.060457
v 0.774499 0.810647 0.060457
v 0.774499 0.810647 0.044617
v 0.816251 0.876101 0.060457
v 0.827300 0.869351 0.044617
v 0.827300 0.869351 0.060457
v -1.435729 0.107169 -0.000000
v -1.435729 0.188831 0.053758
v -1.435729 0.135169 0.084000
v -1.435729 0.208025 -0.000000
v -1.435729 0.231500 0.053842
v -1.435729 0.188831 -0.053758
v -1.435729 0.231500 -0.053842
v -1.435729 0.135169 -0.084000
v -1.785729 0.107169 -0.000000
v -1.785729 0.188831 0.053758
v -1.785729 0.135169 0.084000
v -1.785729 0.208025 -0.000000
v -1.785729 0.231500 0.053842
v -1.785729 0.188831 -0.053758
v -1.785729 0.231500 -0.053842
v -1.785729 0.135169 -0.084000
v 1.585464 -0.200670 0.000000
v 1.585464 0.321906 0.129988
v 1.585464 0.321906 -0.129988
v 1.585464 -0.200670 0.083777
v 1.585464 -0.200670 -0.083777
v 1.585464 0.449341 -0.000000
v 1.585464 0.411967 -0.094332
v 1.585464 0.411967 0.094332
v -3.088225 0.239828 -0.090196
v -3.088225 0.398228 -0.090196
v -3.163811 0.398228 -0.000000
v -3.163811 0.239828 -0.000000
v -3.163811 0.239828 -0.000000
v -3.163811 0.398228 -0.000000
v -3.088225 0.398228 0.090196
v -3.088225 0.239828 0.090196
v -3.088225 0.398228 -0.090196
v -3.124107 0.239828 -0.144000
v -3.124107 0.398228 -0.144000
v -3.088225 0.239828 -0.090196
v -3.088225 0.239828 0.090196
v -3.088225 0.398228 0.090196
v -3.124107 0.398228 0.144000
v -3.124107 0.239828 0.144000
v -3.296717 0.263028 -0.144000
v -3.296717 0.375028 -0.144000
v -3.414536 0.375028 -0.000000
v -3.414536 0.263028 -0.000000
v -3.296717 0.263028 0.144000
v -3.296717 0.375028 0.144000
v -3.296717 0.263028 0.144000
v -3.274536 0.263028 -0.000000
v -3.156718 0.263028 0.144000
v -3.296717 0.263028 -0.144000
v -3.156718 0.263028 -0.144000
v -3.296717 0.375028 -0.144000
v -3.274536 0.375028 -0.000000
v -3.156718 0.375028 -0.144000
v -3.296717 0.375028 0.144000
v -3.156718 0.375028 0.144000
vn -0.4742 0.8804 0.0005
vn -0.6745 -0.4909 0.5514
vn -0.4742 -0.8804 0.0005
vn -0.6743 0.4909 0.5517
vn -0.6743 -0.4909 -0.5517
vn -0.6745 0.4909 -0.5514
vn -0.7664 0.0005 -0.6423
vn -0.7665 -0.0000 -0.6423
vn -0.7664 0.0005 0.6423
vn -0.7665 -0.0000 0.6423
vn 0.9565 -0.2918 0.0005
vn 0.9923 -0.1239 0.0005
vn 0.9943 -0.1070 -0.0000
vn 0.9550 -0.2965 0.0005
vn 0.9565 -0.2918 -0.0000
vn 0.9943 -0.1070 0.0005
vn 0.9965 -0.0838 0.0005
vn 0.9930 -0.1180 0.0005
vn 0.9291 0.3699 0.0005
vn 0.9965 -0.0835 0.0005
vn 0.9931 -0.1177 0.0005
vn 0.8255 0.5644 0.0005
vn 0.9943 -0.1068 0.0005
vn 0.9859 0.1675 0.0005
vn 0.9847 0.1744 -0.0000
vn 0.9923 -0.1236 0.0005
vn 0.9943 -0.1068 -0.0000
vn 0.9847 0.1744 0.0005
vn 0.9847 0.1745 0.0005
vn 0.9997 0.0232 0.0005
vn 0.9998 0.0191 0.0005
vn 0.9847 0.1745 -0.0000
vn -1.0000 0.0005 0.0005
vn 0.7022 -0.7120 0.0005
vn 0.9998 0.0188 0.0005
vn 0.7007 -0.7134 0.0005
vn 0.9997 0.0229 0.0005
vn 0.1621 -0.9868 -0.0000
vn 0.1619 -0.9868 -0.0000
vn 0.0665 -0.9978 -0.0000
vn 0.1619 -0.9868 0.0003
vn 0.0662 -0.9978 0.0002
vn 1.0000 0.0005 0.0005
vn 0.8722 0.4891 0.0005
vn 0.5207 0.8537 -0.0000
vn 0.9291 0.3699 0.0004
vn 0.8254 0.5645 0.0005
vn -0.8722 0.4891 0.0004
vn -0.8722 0.4891 0.0005
vn 0.0005 -0.3601 -0.9329
vn 0.0004 -0.3601 -0.9329
vn 0.0005 -1.0000 0.0005
vn 0.0005 -0.3601 0.9329
vn 0.0004 -0.3601 0.9329
vn 0.5736 0.8191 -0.0000
vn 0.5739 0.8189 0.0006
vn 0.5439 0.8391 0.0004
vn 0.9780 0.2088 -0.0000
vn 0.5439 0.8391 0.0005
vn 0.9780 0.2087 0.0005
vn 0.9240 -0.3825 0.0005
vn -0.0000 -1.0000 -0.0000
vn 0.0005 1.0000 0.0005
vn 0.5736 -0.8191 -0.0000
vn 0.3597 0.8609 0.3597
vn 0.0005 0.8611 0.5084
vn 0.0005 0.8611 0.5085
vn 0.5087 0.8609 -0.0000
vn 0.5085 0.8610 0.0003
vn 0.3601 0.8606 -0.3601
vn 0.3597 0.8609 -0.3597
vn 0.0004 0.8611 -0.5085
vn -0.3597 0.8609 -0.3597
vn -0.5085 0.8611 0.0004
vn -0.3597 0.8609 0.3597
vn -0.7071 0.7071 -0.0000
vn -0.7071 -0.7071 -0.0000
vn 0.7071 -0.7071 -0.0000
vn 0.7071 0.7071 -0.0000
vn 0.7071 -0.0000 0.7071
vn 0.0005 0.0005 1.0000
vn 0.7071 -0.0000 -0.7071
vn 0.0005 0.0005 -1.0000
vn -0.7071 -0.0000 -0.7071
vn -0.7071 -0.0000 0.7071
vn 0.0003 0.0005 1.0000
vn -0.0005 0.9421 -0.3355
vn 0.0005 0.9421 0.3355
vn 0.0005 0.9421 -0.3355
vn -0.0005 0.9421 0.3355
vn 0.5440 0.8391 0.0005
vn -0.3825 0.9240 0.0005
vn 0.0161 -0.0836 -0.9964
vn 0.0161 -0.0835 -0.9964
vn 0.0083 0.1460 -0.9893
vn 0.0073 0.1618 -0.9868
vn 0.0161 -0.0836 0.9964
vn 0.0161 -0.0835 0.9964
vn 0.0083 0.1460 0.9893
vn 0.0073 0.1618 0.9868
vn -0.0000 0.7755 -0.6314
vn -0.0005 0.9420 -0.3356
vn 0.0005 0.9420 -0.3355
vn -0.0005 0.7753 -0.6316
vn 0.0004 0.7753 0.6316
vn -0.0005 0.9420 0.3356
vn -0.0000 0.7755 0.6314
vn 0.0005 0.9420 0.3356
vn -0.0005 0.4286 -0.9035
vn -0.0000 0.7746 -0.6324
vn 0.0005 0.4286 -0.9035
vn 0.0003 0.7745 0.6326
vn -0.0005 0.4286 0.9035
vn 0.0005 0.4286 0.9035
vn -0.0000 0.7746 0.6324
vn 0.0005 0.9420 -0.3356
vn -0.0000 0.7754 -0.6314
vn 0.0001 0.7743 -0.6328
vn 0.0005 0.7753 -0.6316
vn -0.0001 0.7743 -0.6328
vn -0.0004 0.7744 -0.6327
vn 0.0003 0.7745 -0.6326
vn -0.0005 0.9420 0.3355
vn 0.0005 0.7752 0.6317
vn -0.0001 0.7743 0.6328
vn -0.0005 0.7752 0.6318
vn 0.0001 0.7743 0.6328
vn -0.0005 0.4285 0.9035
vn -0.0003 0.7745 0.6326
vn -0.0005 0.7753 0.6316
vn 0.3597 -0.3597 0.8609
vn 0.0005 -0.5085 0.8611
vn 0.3597 -0.3597 0.8610
vn 0.0005 -0.5084 0.8611
vn 0.5085 0.0003 0.8610
vn 0.5085 0.0004 0.8611
vn 0.3597 0.3597 0.8609
vn -0.0000 0.5088 0.8609
vn -0.3597 0.3597 0.8609
vn -0.5085 0.0003 0.8610
vn -0.5085 0.0004 0.8611
vn -0.3597 -0.3597 0.8609
vn 0.0004 -0.5085 0.8611
vn 0.0004 -0.5084 0.8611
vn 0.3597 0.3597 -0.8609
vn 0.0006 0.5085 -0.8611
vn 0.0007 0.5084 -0.8611
vn 0.5087 -0.0000 -0.8609
vn 0.3597 -0.3597 -0.8609
vn -0.0000 -0.5088 -0.8609
vn -0.3598 -0.3598 -0.8609
vn -0.3597 -0.3598 -0.8609
vn -0.5085 0.0004 -0.8611
vn -0.3597 0.3597 -0.8609
vn 0.0005 0.5085 -0.8611
vn 0.0005 0.5084 -0.8611
vn -0.0000 -0.1985 -0.9801
vn 0.0003 -0.1987 -0.9801
vn -0.0000 -0.1985 0.9801
vn 0.0003 -0.1987 0.9801
vn 0.0003 -0.1986 -0.9801
vn 0.0003 -0.1986 0.9801
vn 0.0005 0.4285 -0.9036
vn -0.0005 0.4285 -0.9036
vn -0.0003 0.4286 -0.9035
vn -0.0005 0.4285 0.9036
vn 0.0005 0.4285 0.9036
vn 0.0004 0.4286 0.9035
vn 0.0005 0.7754 0.6314
vn -0.5736 0.8191 -0.0000
vn -0.5738 0.8190 0.0003
vn -0.0000 -0.1703 0.9854
vn 0.0003 -0.1704 0.9854
vn -0.0000 -0.1703 -0.9854
vn 0.0004 0.8683 0.4960
vn -0.0000 0.8682 0.4961
vn 0.0004 0.8683 -0.4960
vn -0.0000 0.8682 -0.4961
vn 0.0005 0.7071 -0.7071
vn -0.0000 0.3827 -0.9239
vn -0.0000 -0.3827 -0.9239
vn -0.0000 -0.7071 -0.7071
vn 0.0005 -0.7071 -0.7071
vn 0.0005 0.3826 0.9239
vn -0.0000 0.3827 0.9239
vn 0.0005 0.7071 0.7071
vn -0.0000 -0.3827 0.9239
vn 0.0005 -0.7071 0.7071
vn 0.0005 0.3826 -0.9239
vn 0.0003 -0.3826 0.9239
vn 0.0003 -0.7071 0.7071
vn -0.9239 0.3826 0.0005
vn -0.3826 0.9239 0.0005
vn -0.5736 -0.8191 -0.0000
vn -0.5739 -0.8189 0.0006
vn 0.9239 -0.3826 0.0005
vn 0.3826 -0.9239 0.0005
vn -0.3825 -0.9240 0.0005
vn 0.3825 -0.9240 0.0005
vn 0.0083 0.1462 0.9892
vn 0.0073 0.1619 0.9868
vn 0.0005 0.6246 0.7809
vn 0.0005 0.6246 -0.7809
vn 0.0083 0.1462 -0.9892
vn 0.0073 0.1619 -0.9868
vn 0.0004 -0.8683 -0.4960
vn 0.0003 -0.8683 -0.4960
vn -0.0000 -0.8682 -0.4961
vn 0.0005 -0.8683 0.4960
vn -0.0000 -0.8682 0.4961
vn 0.0003 -0.8683 0.4961
vn 0.0004 -0.8683 0.4960
vn 0.0003 -0.8683 0.4960
vn 0.0003 1.0000 0.0005
vn 0.0005 -0.0024 1.0000
vn -0.0000 0.2528 0.9675
vn 0.0004 -0.3602 0.9329
vn 0.0005 -0.3602 0.9329
vn 0.0005 -0.0024 -1.0000
vn -0.0000 0.2528 -0.9675
vn 0.0005 -0.3602 -0.9329
vn 0.0005 -0.0025 1.0000
vn 0.0005 -0.0025 -1.0000
vn 0.0004 -0.3602 -0.9329
vn -0.7071 0.0005 0.7071
vn 0.0004 0.0005 1.0000
vn -0.7071 0.0005 -0.7071
vn 0.7071 0.0003 -0.7071
vn 0.0004 -1.0000 0.0005
vn -0.7071 0.7071 0.0005
vn 0.7071 -0.7071 0.0005
vn 0.0006 -1.0000 0.0005
vn -0.9239 -0.3826 0.0005
vn -0.3826 -0.9239 0.0005
vn -0.9240 -0.3825 0.0005
vn -0.9240 0.3825 0.0005
vn -0.0000 0.9262 -0.3771
vn 0.0005 0.9263 -0.3768
vn 0.0005 0.9814 -0.1920
vn -0.0000 0.9814 -0.1921
vn -0.0000 0.9814 0.1921
vn 0.0003 0.9814 0.1920
vn -0.0000 0.9262 0.3771
vn 0.0003 0.9262 0.3769
vn 0.0005 0.6247 0.7809
vn 0.0005 1.0000 0.0004
vn 0.0005 0.6247 -0.7809
vn -0.0000 1.0000 -0.0000
vn -0.5739 0.8189 0.0006
vn 0.0003 -1.0000 0.0005
vn 0.7924 0.6101 -0.0000
vn 0.7923 0.6101 -0.0000
vn -0.1445 0.9895 -0.0000
vn 0.7922 0.6102 0.0003
vn -0.7923 0.6101 -0.0000
vn -0.7924 0.6101 -0.0000
vn 0.1443 0.9895 0.0003
vn 0.1445 0.9895 -0.0000
vn 0.8722 0.4891 0.0004
vn 0.7664 0.0006 0.6423
vn 0.7664 0.0006 -0.6423
vn 0.8320 -0.0000 -0.5548
vn 0.8321 0.0003 -0.5547
vn 0.8320 -0.0000 0.5548
vn 0.8321 0.0005 0.5546
vn 0.4424 0.8205 0.3620
vn 0.4423 -0.8205 0.3621
vn 0.8084 -0.5886 0.0005
vn 0.8084 0.5886 0.0005
vn 0.4423 0.8205 -0.3621
vn 0.4424 -0.8205 -0.3620
vn -0.6745 0.4909 0.5514
vn 0.4423 0.8205 0.3621
vn -0.6745 -0.4909 -0.5514
vn 0.4423 -0.8205 -0.3621
vt 0.375000 0.125000
vt 0.625000 0.206818
vt 0.625000 0.125000
vt 0.375000 0.206818
vt 0.625000 0.043182
vt 0.375000 0.043182
vt 0.625000 0.750000
vt 0.375000 0.750000
vt 0.375000 0.625000
vt 0.625000 0.625000
vt 0.375000 0.500000
vt 0.625000 0.500000
vt 0.539573 0.125000
vt 0.506194 0.250000
vt 0.506194 0.125000
vt 0.539573 0.250000
vt 0.506194 0.000000
vt 0.539573 0.000000
vt 0.606330 0.125000
vt 0.606330 0.000000
vt 0.606330 0.250000
vt 0.625000 0.060677
vt 0.625000 0.140169
vt 0.625000 0.219662
vt 0.472815 0.250000
vt 0.472815 0.125000
vt 0.472815 0.000000
vt 0.406058 0.250000
vt 0.406058 0.125000
vt 0.406058 0.000000
vt 0.375000 0.679468
vt 0.445532 0.750000
vt 0.375000 0.570532
vt 0.445532 0.500000
vt 0.168701 0.750000
vt 0.125000 0.625000
vt 0.168701 0.625000
vt 0.125000 0.750000
vt 0.168701 0.500000
vt 0.125000 0.500000
vt 0.212401 0.750000
vt 0.212401 0.625000
vt 0.212401 0.500000
vt 0.500000 0.750000
vt 0.500000 0.500000
vt 0.375000 0.187500
vt 0.625000 0.187500
vt 0.625000 0.250000
vt 0.375000 0.250000
vt 0.375000 0.000000
vt 0.625000 0.000000
vt 0.625000 0.062500
vt 0.375000 0.062500
vt 0.625000 1.000000
vt 0.125000 0.679468
vt 0.445532 1.000000
vt 0.125000 0.570532
vt 0.445532 0.250000
vt 0.400000 0.500000
vt 0.400000 0.750000
vt 0.125000 0.569916
vt 0.125000 0.680084
vt 0.125000 0.648265
vt 0.125000 0.601735
vt 0.387500 0.750000
vt 0.387500 0.500000
vt 0.500000 0.000000
vt 0.500000 0.250000
vt 0.417077 0.000000
vt 0.417077 0.250000
vt 0.181229 0.750000
vt 0.125000 0.703295
vt 0.181229 0.500000
vt 0.125000 0.546705
vt 0.375000 1.000000
vt 0.500000 1.000000
vt 0.250000 1.000000
vt 0.750000 1.000000
vt 0.875000 1.000000
vt 0.125000 1.000000
vt 0.000000 1.000000
vt 1.000000 1.000000
vt 1.000000 0.500000
vt 0.875000 0.500000
vt 0.750000 0.500000
vt 0.250000 0.500000
vt 0.000000 0.500000
vt 0.875000 0.750000
vt 0.653051 0.764026
vt 0.653051 0.485974
vt 0.506194 1.000000
vt 0.472815 1.000000
vt 0.375000 0.912599
vt 0.406058 1.000000
vt 0.606330 0.750000
vt 0.539573 1.000000
vt 0.606330 1.000000
vt 0.375000 0.337401
vt 0.606330 0.500000
vt 0.625000 0.937500
vt 0.625000 0.812500
vt 0.625000 0.312500
vt 0.625000 0.437500
vt 0.375000 0.680084
vt 0.375000 0.569916
vt 0.402778 0.914151
vt 0.597222 0.914151
vt 0.625000 0.943771
vt 0.597222 0.786991
vt 0.375000 0.943771
vt 0.402778 0.786991
vt 0.375000 0.306229
vt 0.402778 0.463009
vt 0.402778 0.335849
vt 0.597222 0.463009
vt 0.625000 0.306229
vt 0.597222 0.335849
vt 0.400000 1.000000
vt 0.400000 0.250000
vt 0.352077 0.761462
vt 0.417077 0.750000
vt 0.375000 0.965615
vt 0.417077 1.000000
vt 0.352077 0.488538
vt 0.417077 0.500000
vt 0.375000 0.284385
vt 0.582923 0.750000
vt 0.582923 0.500000
vt 0.387500 0.250000
vt 0.387500 1.000000
vt 0.390529 0.956299
vt 0.390529 0.293701
vt 0.625000 0.875000
vt 0.625000 0.375000
vt 0.387500 0.000000
vt 0.400000 0.000000
vt 0.159385 0.500000
vt 0.159385 0.750000
vt 0.625000 0.540451
vt 0.625000 0.709549
vt 0.375000 0.687500
vt 0.625000 0.687500
vt 0.875000 0.687500
vt 0.750000 0.687500
vt 0.875000 0.562500
vt 0.625000 0.562500
vt 0.750000 0.562500
vt 0.375000 0.562500
vt 0.375000 0.601735
vt 0.375000 0.648265
vt 0.875000 0.625000
vt 0.875000 0.560677
vt 0.875000 0.689323
vt 0.818771 0.750000
vt 0.875000 0.703295
vt 0.818771 0.500000
vt 0.875000 0.546705
vt 0.750000 0.750000
vt 0.375000 0.046705
vt 0.625000 0.046705
vt 0.625000 0.203295
vt 0.375000 0.203295
vt 0.375000 0.706818
vt 0.625000 0.706818
vt 0.375000 0.543182
vt 0.625000 0.543182
vt 0.125000 0.543182
vt 0.125000 0.706818
vt 0.875000 0.706818
vt 0.875000 0.543182
s 1
f 354/95/234 355/96/235 356/97/236
f 355/96/235 354/95/234 357/98/237
f 358/99/238 354/95/234 356/97/236
f 358/99/238 359/100/239 354/95/234
f 360/101/240 361/102/241 362/103/240
f 360/101/240 362/103/240 363/104/241
f 364/104/242 365/103/243 366/105/242
f 364/104/242 366/105/242 367/106/243
f 368/107/244 369/108/245 370/109/246
f 369/108/245 368/107/244 371/110/247
f 372/111/245 373/107/248 370/109/249
f 374/112/247 373/107/248 372/111/245
f 375/112/247 376/113/250 377/107/244
f 376/113/250 375/112/247 378/114/251
f 379/113/250 380/110/247 377/107/248
f 380/110/247 379/113/250 381/115/251
f 382/116/252 383/113/253 384/114/254
f 383/113/253 382/116/252 385/117/255
f 386/118/252 387/113/253 385/117/255
f 387/113/253 386/118/252 388/115/254
f 389/109/256 390/119/257 391/120/258
f 390/119/257 389/109/256 392/108/259
f 393/121/257 394/109/260 391/120/261
f 395/111/259 394/109/260 393/121/257
f 396/120/262 397/122/263 398/123/264
f 397/122/263 396/120/262 399/119/257
f 400/124/263 401/120/265 398/123/264
f 402/121/257 401/120/265 400/124/263
f 403/106/266 404/101/266 405/125/266
f 405/125/266 404/101/266 406/126/266
f 407/127/266 403/106/266 405/125/266
f 403/106/266 407/127/266 408/128/266
f 409/129/267 410/130/268 411/131/269
f 410/130/268 409/129/267 412/132/270
f 410/130/268 413/133/267 411/131/269
f 413/133/267 410/130/268 414/134/270
f 411/131/269 415/135/271 416/129/267
f 415/135/271 411/131/269 417/136/272
f 418/102/273 415/135/271 417/136/272
f 418/102/273 417/136/272 419/103/273
f 411/131/269 420/137/274 417/136/272
f 419/103/273 417/136/272 420/137/274
f 420/137/274 411/131/269 421/133/267
f 419/103/273 420/137/274 422/105/275
f 423/138/266 424/103/266 425/104/266
f 424/103/266 423/138/266 426/102/266
f 425/104/266 427/101/266 423/138/266
f 424/103/266 428/139/266 425/104/266
f 428/139/266 429/106/266 425/104/266
f 428/139/266 424/103/266 430/105/266
f 431/138/266 432/103/266 433/104/266
f 432/103/266 431/138/266 434/102/266
f 433/104/266 435/101/266 431/138/266
f 432/103/266 436/139/266 433/104/266
f 436/139/266 437/106/266 433/104/266
f 436/139/266 432/103/266 438/105/266
f 439/140/276 440/141/277 441/142/277
f 439/140/276 441/142/277 442/143/276
f 443/144/276 444/145/277 445/146/277
f 443/144/276 445/146/277 446/147/276
f 447/117/278 448/118/279 449/117/280
f 449/117/280 450/116/252 447/117/278
f 451/142/281 452/143/266 453/140/266
f 451/142/281 453/140/266 454/141/282
f 455/146/281 456/147/266 457/144/266
f 455/146/281 457/144/266 458/145/282
f 459/148/276 460/149/276 461/150/276
f 460/149/276 459/148/276 462/142/276
f 460/149/276 462/142/276 463/151/276
f 462/142/276 464/152/276 463/151/276
f 465/101/276 466/153/276 467/154/276
f 466/153/276 465/101/276 468/106/276
f 469/106/276 470/101/276 471/101/276
f 472/106/276 470/101/276 469/106/276
f 473/102/276 474/105/276 475/102/276
f 475/102/276 474/105/276 476/105/276
f 477/102/276 476/105/276 478/105/276
f 479/102/276 476/105/276 477/102/276
f 477/102/276 480/105/276 481/102/276
f 481/102/276 480/105/276 482/105/276
f 483/102/276 482/105/276 484/105/276
f 482/105/276 483/102/276 485/102/276
f 486/102/276 487/105/276 488/102/276
f 488/102/276 487/105/276 489/105/276
f 490/102/283 491/132/284 492/130/285
f 490/102/283 492/130/285 493/103/285
f 493/103/285 492/130/285 494/134/286
f 493/103/285 494/134/286 495/105/287
f 496/102/283 497/132/283 498/130/285
f 496/102/283 498/130/285 499/103/285
f 499/103/285 498/130/285 500/134/286
f 499/103/285 500/134/286 501/105/286
f 502/155/276 503/156/276 504/157/276
f 502/155/276 504/157/276 505/158/276
f 506/105/288 507/102/288 508/159/289
f 506/105/288 508/159/289 509/160/288
f 510/142/290 511/161/291 512/145/292
f 511/161/291 510/142/290 513/162/293
f 511/161/291 513/162/293 514/163/294
f 514/163/294 513/162/293 515/164/294
f 516/130/295 517/165/285 518/166/285
f 517/165/285 516/130/295 519/102/285
f 519/102/285 516/130/295 520/103/285
f 516/130/295 521/105/285 520/103/285
f 521/105/285 516/130/295 522/167/285
f 522/167/285 516/130/295 523/168/285
f 524/148/296 525/169/296 526/170/296
f 524/148/296 527/171/296 525/169/296
f 528/172/296 527/171/296 524/148/296
f 527/171/296 528/172/296 529/173/296
f 527/171/296 529/173/296 530/174/296
f 530/174/296 529/173/296 531/175/296
f 532/154/297 533/160/297 534/159/297
f 532/154/297 535/153/297 533/160/297
f 536/174/298 537/175/299 538/175/300
f 538/175/300 539/174/298 536/174/298
f 539/174/298 540/171/301 536/174/298
f 540/171/301 539/174/298 541/171/302
f 541/171/302 542/169/303 540/171/301
f 541/171/302 543/169/304 542/169/303
f 544/170/305 542/169/303 543/169/304
f 542/169/303 544/170/305 545/170/305
f 546/148/306 545/170/305 544/170/305
f 545/170/305 546/148/306 547/148/306
f 548/172/307 547/148/306 546/148/306
f 547/148/306 548/172/307 549/172/307
f 548/172/307 550/173/308 549/172/307
f 548/172/307 551/173/308 550/173/308
f 551/173/308 552/176/300 550/173/308
f 552/176/300 551/173/308 553/176/299
f 554/173/309 555/177/296 556/176/296
f 555/177/296 554/173/309 557/178/309
f 558/172/266 557/178/309 554/173/309
f 557/178/309 558/172/266 559/179/266
f 560/148/310 559/179/266 558/172/266
f 559/179/266 560/148/310 561/106/310
f 562/170/285 561/106/310 560/148/310
f 561/106/310 562/170/285 563/139/285
f 564/169/311 563/139/285 562/170/285
f 563/139/285 564/169/311 565/105/311
f 566/171/276 565/105/311 564/169/311
f 565/105/311 566/171/276 567/180/276
f 568/174/312 567/180/276 566/171/276
f 567/180/276 568/174/312 569/134/312
f 570/175/296 569/134/312 568/174/312
f 569/134/312 570/175/296 571/181/296
f 572/171/276 573/174/313 574/171/276
f 573/174/313 572/171/276 575/174/313
f 575/174/313 576/175/314 573/174/313
f 576/175/314 575/174/313 577/175/314
f 574/171/276 578/169/315 572/171/276
f 578/169/315 574/171/276 579/169/315
f 580/170/316 578/169/315 579/169/315
f 580/170/316 579/169/315 581/170/316
f 582/148/317 580/170/316 581/170/316
f 582/148/317 581/170/316 583/148/317
f 582/148/317 583/148/317 584/172/266
f 583/148/317 585/172/266 584/172/266
f 584/172/266 585/172/266 586/173/318
f 585/172/266 587/173/318 586/173/318
f 587/173/318 588/176/319 586/173/318
f 589/176/319 588/176/319 587/173/318
f 590/101/320 591/178/321 592/182/322
f 591/178/321 590/101/320 593/106/323
f 594/182/320 595/106/321 596/101/322
f 595/106/321 594/182/320 597/178/323
f 598/182/324 599/183/325 600/184/325
f 598/182/324 600/184/325 601/178/324
f 602/174/314 603/172/314 604/173/314
f 602/174/314 604/173/314 605/175/314
f 603/172/314 602/174/314 606/171/314
f 607/169/314 603/172/314 606/171/314
f 603/172/314 607/169/314 608/148/314
f 608/148/314 607/169/314 609/170/314
f 610/174/316 611/172/316 612/173/316
f 610/174/316 612/173/316 613/175/316
f 611/172/316 610/174/316 614/171/316
f 615/169/316 611/172/316 614/171/316
f 611/172/316 615/169/316 616/148/316
f 616/148/316 615/169/316 617/170/316
f 618/102/285 619/132/285 620/134/285
f 618/102/285 620/134/285 621/105/285
f 622/102/285 623/134/285 624/132/285
f 623/134/285 622/102/285 625/105/285
f 626/102/326 627/185/326 628/186/326
f 628/186/326 629/187/326 626/102/326
f 629/187/326 628/186/326 630/188/327
f 627/185/326 626/102/326 631/189/328
f 631/189/328 632/190/326 627/185/326
f 631/189/328 633/191/329 632/190/326
f 634/105/330 635/119/330 636/108/330
f 635/119/330 634/105/330 637/192/330
f 637/192/330 638/122/331 635/119/330
f 634/105/330 636/108/330 639/193/332
f 639/193/332 636/108/330 640/110/330
f 640/110/330 641/115/333 639/193/332
f 642/194/334 643/101/335 644/148/336
f 643/101/335 642/194/334 645/195/337
f 646/196/338 647/106/339 648/197/340
f 649/142/341 647/106/339 646/196/338
f 650/101/342 651/194/343 652/148/344
f 651/194/343 650/101/342 653/195/343
f 654/196/345 655/106/346 656/142/347
f 655/106/346 654/196/345 657/197/348
f 658/148/335 659/101/349 660/195/334
f 658/148/335 660/195/334 661/194/350
f 662/148/342 658/148/335 663/194/337
f 664/194/351 662/148/342 663/194/337
f 660/195/352 665/101/344 666/195/353
f 665/101/344 660/195/352 667/101/349
f 664/194/354 665/101/344 668/148/342
f 665/101/344 664/194/354 669/195/355
f 670/196/340 671/106/341 672/142/356
f 671/106/341 670/196/340 673/197/338
f 674/197/357 675/106/347 671/106/341
f 675/106/347 674/197/357 676/197/358
f 677/142/346 670/196/359 678/142/339
f 670/196/359 677/142/346 679/196/360
f 676/197/348 677/142/361 680/106/347
f 677/142/361 676/197/348 681/196/362
f 682/197/363 683/106/339 684/106/346
f 682/197/363 684/106/346 685/197/360
f 686/198/296 687/199/296 688/156/296
f 688/156/296 687/199/296 689/155/296
f 690/156/296 691/199/296 692/198/296
f 691/199/296 690/156/296 693/155/296
f 694/200/316 695/201/316 696/202/316
f 697/203/316 696/202/316 695/201/316
f 696/202/316 698/204/316 694/200/316
f 696/202/316 697/203/316 699/101/316
f 698/204/316 700/205/316 694/200/316
f 700/205/316 699/101/316 697/203/316
f 700/205/316 698/204/316 701/102/316
f 699/101/316 700/205/316 701/102/316
f 702/206/314 703/207/314 704/105/314
f 705/106/314 704/105/314 703/207/314
f 703/207/314 702/206/314 706/208/314
f 705/106/314 703/207/314 707/209/314
f 708/210/314 706/208/314 702/206/314
f 707/209/314 708/210/314 705/106/314
f 706/208/314 708/210/314 709/211/314
f 708/210/314 707/209/314 709/211/314
f 710/174/364 711/175/365 712/174/366
f 711/175/365 710/174/364 713/175/367
f 714/171/368 710/174/364 712/174/366
f 710/174/364 714/171/368 715/171/369
f 716/169/370 715/171/369 714/171/368
f 715/171/369 716/169/370 717/169/370
f 718/170/371 717/169/370 716/169/370
f 717/169/370 718/170/371 719/170/371
f 720/148/372 719/170/371 718/170/371
f 719/170/371 720/148/372 721/148/372
f 722/172/373 721/148/372 720/148/372
f 721/148/372 722/172/373 723/172/374
f 722/172/373 724/173/375 723/172/374
f 722/172/373 725/173/375 724/173/375
f 726/176/376 724/173/375 725/173/375
f 725/173/375 727/176/377 726/176/376
f 728/174/378 729/175/379 730/174/378
f 729/175/379 728/174/378 731/175/380
f 732/171/381 728/174/378 730/174/378
f 728/174/378 732/171/381 733/171/381
f 734/169/382 733/171/381 732/171/381
f 733/171/381 734/169/382 735/169/382
f 736/170/383 735/169/382 734/169/382
f 735/169/382 736/170/383 737/170/383
f 738/148/384 737/170/383 736/170/383
f 737/170/383 738/148/384 739/148/385
f 740/172/386 739/148/385 738/148/384
f 739/148/385 740/172/386 741/172/386
f 740/172/386 742/173/387 741/172/386
f 740/172/386 743/173/387 742/173/387
f 744/176/388 742/173/387 743/173/387
f 743/173/387 745/176/389 744/176/388
f 746/169/390 747/102/390 748/169/391
f 747/102/390 746/169/390 749/102/390
f 750/105/392 751/143/392 752/143/392
f 750/105/392 752/143/392 753/105/393
f 754/102/390 755/169/390 756/102/390
f 757/169/394 756/102/390 755/169/390
f 758/105/392 759/143/392 760/143/392
f 759/143/392 758/105/392 761/105/395
f 762/154/266 763/153/266 764/101/266
f 764/101/266 763/153/266 765/106/266
f 764/101/266 766/106/266 767/101/266
f 764/101/266 768/106/266 766/106/266
f 769/148/396 770/154/316 771/101/397
f 770/154/316 769/148/396 772/212/316
f 773/195/337 771/101/398 774/101/335
f 771/101/398 773/195/337 775/195/351
f 776/148/349 769/148/344 777/194/352
f 777/194/352 769/148/344 778/194/353
f 779/102/266 780/105/266 781/102/266
f 780/105/266 779/102/266 782/105/266
f 782/105/266 783/102/266 784/105/266
f 782/105/266 785/102/266 783/102/266
f 786/102/266 787/105/266 783/102/266
f 787/105/266 786/102/266 788/105/266
f 789/102/266 788/105/266 790/102/266
f 789/102/266 791/105/266 788/105/266
f 792/102/266 793/105/266 794/102/266
f 793/105/266 792/102/266 795/105/266
f 796/153/314 797/213/314 798/106/399
f 797/213/314 799/142/400 798/106/399
f 799/142/401 800/196/402 801/196/358
f 800/196/402 799/142/401 802/142/341
f 803/169/316 804/102/316 805/169/316
f 804/102/316 803/169/316 806/102/316
f 807/105/314 808/143/314 809/143/314
f 807/105/314 809/143/314 810/105/314
f 811/102/403 812/105/403 813/159/404
f 813/159/404 812/105/403 814/160/403
f 815/153/314 816/106/400 817/213/314
f 817/213/314 816/106/400 818/142/399
f 819/148/397 820/101/396 821/154/316
f 819/148/397 821/154/316 822/212/316
f 823/102/316 824/169/316 825/102/316
f 826/169/316 825/102/316 824/169/316
f 827/105/314 828/143/314 829/143/314
f 828/143/314 827/105/314 830/105/314
f 831/170/316 832/214/316 833/138/316
f 833/138/316 832/214/316 834/215/316
f 832/214/316 831/170/316 835/216/316
f 835/216/316 831/170/316 836/217/316
f 837/218/314 838/162/314 839/139/314
f 837/218/314 839/139/314 840/219/314
f 841/220/314 838/162/314 837/218/314
f 838/162/314 841/220/314 842/164/314
f 843/183/316 844/138/316 845/221/316
f 846/148/316 844/138/316 843/183/316
f 844/138/316 846/148/316 847/170/316
f 848/142/314 849/139/314 850/162/314
f 849/139/314 848/142/314 851/184/314
f 849/139/314 851/184/314 852/222/314
f 853/148/405 854/126/406 855/101/405
f 854/126/406 853/148/405 856/150/406
f 857/142/407 858/106/407 859/152/407
f 860/128/407 859/152/407 858/106/407
f 861/143/408 862/160/409 863/105/409
f 862/160/409 861/143/408 864/223/408
f 865/159/410 866/169/411 867/102/410
f 866/169/411 865/159/410 868/224/411
f 869/143/408 870/105/409 871/160/409
f 869/143/408 871/160/409 872/223/408
f 873/102/411 874/169/411 875/224/411
f 873/102/411 875/224/411 876/159/411
f 877/169/412 878/102/412 879/102/413
f 877/169/412 879/102/413 880/169/413
f 881/102/414 880/169/413 879/102/413
f 880/169/413 881/102/414 882/169/414
f 883/102/415 882/169/414 881/102/414
f 882/169/414 883/102/415 884/169/416
f 885/143/417 886/105/418 887/105/419
f 885/143/417 887/105/419 888/143/419
f 886/105/418 885/143/417 889/143/420
f 886/105/418 889/143/420 890/105/420
f 890/105/420 889/143/420 891/143/421
f 890/105/420 891/143/421 892/105/421
f 893/169/412 894/102/422 895/102/412
f 894/102/422 893/169/412 896/169/413
f 894/102/422 896/169/413 897/102/414
f 898/169/414 897/102/414 896/169/413
f 897/102/414 898/169/414 899/102/415
f 900/169/416 899/102/415 898/169/414
f 901/143/419 902/105/419 903/143/417
f 904/105/418 903/143/417 902/105/419
f 904/105/418 905/143/423 903/143/417
f 905/143/423 904/105/418 906/105/420
f 906/105/420 907/143/424 905/143/423
f 907/143/424 906/105/420 908/105/421
f 909/187/326 910/188/326 911/225/326
f 912/122/330 913/192/330 914/226/330
f 915/101/316 916/169/316 917/102/316
f 916/169/316 915/101/316 918/148/316
f 918/148/316 915/101/316 919/227/316
f 920/105/314 921/143/314 922/106/314
f 923/142/314 922/106/314 921/143/314
f 922/106/314 923/142/314 924/228/314
f 925/223/288 926/144/288 927/229/288
f 928/143/288 926/144/288 925/223/288
f 929/148/314 930/101/314 931/227/314
f 932/169/314 930/101/314 929/148/314
f 930/101/314 932/169/314 933/102/314
f 934/142/316 935/106/316 936/143/316
f 936/143/316 935/106/316 937/105/316
f 935/106/316 934/142/316 938/228/316
f 939/142/276 940/230/276 941/145/276
f 940/230/276 939/142/276 942/213/276
f 939/142/276 943/145/276 944/142/276
f 939/142/276 945/145/276 943/145/276
f 946/143/276 947/144/276 948/144/276
f 948/144/276 949/143/276 946/143/276
f 947/144/276 950/143/276 951/144/276
f 947/144/276 952/143/276 950/143/276
f 953/144/276 950/143/276 954/143/276
f 954/143/276 955/144/276 953/144/276
f 956/143/276 957/144/276 955/144/276
f 956/143/276 955/144/276 958/143/276
f 959/143/276 960/144/276 961/144/276
f 961/144/276 962/143/276 959/143/276
f 963/221/425 964/184/426 965/183/426
f 964/184/426 963/221/425 966/222/425
f 967/153/427 968/154/427 969/160/428
f 969/160/428 968/154/427 970/159/427
f 971/132/429 972/231/430 973/232/430
f 972/231/430 971/132/429 974/134/429
f 975/214/431 972/231/432 976/218/431
f 975/214/431 977/232/432 972/231/432
f 978/193/433 979/115/434 980/118/435
f 978/193/433 980/118/435 981/233/419
f 982/148/436 983/189/437 984/234/412
f 983/189/437 982/148/436 985/191/438
f 986/154/439 987/212/440 988/159/441
f 988/159/441 987/212/440 989/224/441
f 990/213/442 991/160/443 992/223/444
f 991/160/443 990/213/442 993/153/445
f 994/212/441 995/154/441 996/159/441
f 994/212/441 996/159/441 997/224/439
f 998/153/443 999/223/443 1000/160/442
f 999/223/443 998/153/443 1001/213/446
f 1002/171/276 1003/174/312 1004/174/312
f 1003/174/312 1005/175/296 1004/174/312
f 1003/174/312 1006/175/296 1005/175/296
f 1002/171/276 1004/174/312 1007/171/276
f 1008/169/311 1002/171/276 1007/171/276
f 1008/169/311 1007/171/276 1009/169/311
f 1010/170/285 1008/169/311 1009/169/311
f 1010/170/285 1009/169/311 1011/170/285
f 1012/148/310 1010/170/285 1011/170/285
f 1012/148/310 1011/170/285 1013/148/310
f 1014/172/266 1012/148/310 1013/148/310
f 1014/172/266 1013/148/310 1015/172/266
f 1016/173/309 1014/172/266 1015/172/266
f 1016/173/309 1015/172/266 1017/173/309
f 1018/176/447 1016/173/309 1017/173/309
f 1018/176/447 1017/173/309 1019/176/447
f 1020/156/266 1021/155/266 1022/157/266
f 1022/157/266 1021/155/266 1023/158/266
f 1024/230/297 1025/213/297 1026/229/297
f 1026/229/297 1025/213/297 1027/223/297
f 1028/235/314 1029/147/314 1030/236/314
f 1031/237/314 1030/236/314 1029/147/314
f 1030/236/314 1031/237/314 1032/238/314
f 1033/239/316 1034/240/316 1035/241/316
f 1036/240/316 1037/239/316 1038/140/316
f 1036/240/316 1038/140/316 1039/242/316
f 1040/237/316 1041/236/316 1042/147/316
f 1042/147/316 1041/236/316 1043/235/316
f 1041/236/316 1040/237/316 1044/238/316
f 1045/240/314 1046/140/314 1047/242/314
f 1045/240/314 1048/239/314 1046/140/314
f 1049/239/314 1050/240/314 1051/241/314
f 1052/142/448 1053/106/448 1054/162/449
f 1055/139/449 1054/162/449 1053/106/448
f 1056/143/450 1054/162/449 1055/139/449
f 1057/105/451 1056/143/450 1055/139/449
f 1058/148/452 1059/138/453 1060/101/452
f 1059/138/453 1058/148/452 1061/170/453
f 1061/170/453 1062/102/454 1059/138/453
f 1062/102/454 1061/170/453 1063/169/454
f 1064/142/455 1065/106/455 1066/162/449
f 1067/139/449 1066/162/449 1065/106/455
f 1068/143/450 1066/162/449 1067/139/449
f 1069/105/451 1068/143/450 1067/139/449
f 1070/148/456 1071/138/453 1072/101/456
f 1071/138/453 1070/148/456 1073/170/453
f 1073/170/453 1074/102/457 1071/138/453
f 1074/102/457 1073/170/453 1075/169/454
f 1076/199/276 1077/198/276 1078/243/276
f 1078/243/276 1077/198/276 1079/244/276
f 1080/178/458 1081/177/459 1082/173/318
f 1081/177/459 1083/176/459 1082/173/318
f 1082/173/318 1084/179/266 1080/178/458
f 1084/179/266 1082/173/318 1085/172/266
f 1085/172/266 1086/106/460 1084/179/266
f 1086/106/460 1085/172/266 1087/148/317
f 1088/170/316 1086/106/460 1087/148/317
f 1086/106/460 1088/170/316 1089/139/316
f 1090/169/315 1089/139/316 1088/170/316
f 1089/139/316 1090/169/315 1091/105/461
f 1090/169/315 1092/180/276 1091/105/461
f 1092/180/276 1090/169/315 1093/171/276
f 1093/171/276 1094/174/313 1092/180/276
f 1092/180/276 1094/174/313 1095/134/313
f 1095/134/313 1094/174/313 1096/175/314
f 1097/181/314 1095/134/313 1096/175/314
f 1098/178/310 1099/177/462 1100/173/310
f 1099/177/462 1101/176/285 1100/173/310
f 1098/178/310 1100/173/310 1102/172/266
f 1103/179/266 1098/178/310 1102/172/266
f 1102/172/266 1104/106/463 1103/179/266
f 1104/106/463 1102/172/266 1105/148/463
f 1104/106/463 1105/148/463 1106/170/296
f 1107/139/296 1104/106/463 1106/170/296
f 1107/139/296 1106/170/296 1108/169/312
f 1109/105/312 1107/139/296 1108/169/312
f 1109/105/312 1108/169/312 1110/171/276
f 1111/180/276 1109/105/312 1110/171/276
f 1110/171/276 1112/134/464 1111/180/276
f 1112/134/464 1110/171/276 1113/174/311
f 1112/134/464 1113/174/311 1114/175/465
f 1115/181/285 1112/134/464 1114/175/465
f 1116/219/466 1117/215/466 1118/214/467
f 1118/214/467 1119/218/467 1116/219/466
f 1120/215/468 1121/219/468 1122/138/266
f 1122/138/266 1121/219/468 1123/139/266
f 1122/138/266 1123/139/266 1124/221/469
f 1124/221/469 1123/139/266 1125/222/469
f 1126/134/470 1127/105/471 1128/127/472
f 1126/134/470 1128/127/472 1129/151/473
f 1129/151/473 1128/127/472 1130/125/474
f 1129/151/473 1130/125/474 1131/149/475
f 1131/149/475 1130/125/474 1132/102/476
f 1131/149/475 1132/102/476 1133/132/477
f 1134/169/316 1135/171/316 1136/169/316
f 1135/171/316 1134/169/316 1137/171/316
f 1138/170/316 1134/169/316 1136/169/316
f 1139/174/316 1135/171/316 1137/171/316
f 1138/170/316 1136/169/316 1140/170/316
f 1135/171/316 1139/174/316 1141/174/316
f 1142/175/316 1141/174/316 1139/174/316
f 1141/174/316 1142/175/316 1143/175/316
f 1144/148/316 1138/170/316 1140/170/316
f 1144/148/316 1140/170/316 1145/148/316
f 1145/148/316 1146/172/316 1144/148/316
f 1145/148/316 1147/172/316 1146/172/316
f 1148/173/316 1146/172/316 1147/172/316
f 1146/172/316 1148/173/316 1149/173/316
f 1150/176/316 1149/173/316 1148/173/316
f 1149/173/316 1150/176/316 1151/176/316
f 1152/169/314 1153/171/314 1154/169/314
f 1153/171/314 1152/169/314 1155/171/314
f 1156/170/314 1152/169/314 1154/169/314
f 1157/174/314 1153/171/314 1155/171/314
f 1156/170/314 1154/169/314 1158/170/314
f 1153/171/314 1157/174/314 1159/174/314
f 1160/175/314 1159/174/314 1157/174/314
f 1159/174/314 1160/175/314 1161/175/314
f 1162/148/314 1156/170/314 1158/170/314
f 1162/148/314 1158/170/314 1163/148/314
f 1163/148/314 1164/172/314 1162/148/314
f 1163/148/314 1165/172/314 1164/172/314
f 1166/173/314 1164/172/314 1165/172/314
f 1164/172/314 1166/173/314 1167/173/314
f 1168/176/314 1167/173/314 1166/173/314
f 1167/173/314 1168/176/314 1169/176/314
f 1170/245/296 1171/104/296 1172/233/419
f 1172/233/419 1173/246/478 1170/245/296
f 1174/245/479 1175/234/412 1171/104/479
f 1175/234/412 1174/245/479 1176/247/480
f 1177/101/296 1178/245/481 1179/248/296
f 1178/245/481 1180/249/296 1179/248/296
f 1178/245/481 1177/101/296 1181/104/296
f 1182/106/296 1178/245/481 1181/104/296
f 1178/245/481 1182/106/296 1183/250/296
f 1184/251/296 1178/245/481 1183/250/296
f 1185/244/285 1186/157/285 1187/158/285
f 1185/244/285 1187/158/285 1188/243/285
f 1189/244/285 1190/158/285 1191/157/285
f 1190/158/285 1189/244/285 1192/243/285
f 1193/144/403 1194/143/482 1195/223/403
f 1193/144/403 1195/223/403 1196/229/482
f 1197/171/276 1198/174/311 1199/171/276
f 1198/174/311 1197/171/276 1200/174/311
f 1200/174/311 1201/175/285 1198/174/311
f 1201/175/285 1200/174/311 1202/175/285
f 1199/171/276 1203/169/312 1197/171/276
f 1203/169/312 1199/171/276 1204/169/312
f 1204/169/312 1205/170/296 1203/169/312
f 1206/170/296 1205/170/296 1204/169/312
f 1206/170/296 1207/148/309 1205/170/296
f 1208/148/309 1207/148/309 1206/170/296
f 1208/148/309 1209/172/266 1207/148/309
f 1209/172/266 1208/148/309 1210/172/266
f 1210/172/266 1211/173/310 1209/172/266
f 1212/173/310 1211/173/310 1210/172/266
f 1212/173/310 1213/176/483 1211/173/310
f 1214/176/483 1213/176/483 1212/173/310
f 1215/176/285 1216/173/310 1217/176/285
f 1216/173/310 1215/176/285 1218/173/310
f 1218/173/310 1219/172/266 1216/173/310
f 1219/172/266 1218/173/310 1220/172/266
f 1219/172/266 1220/172/266 1221/148/309
f 1221/148/309 1220/172/266 1222/148/309
f 1221/148/309 1222/148/309 1223/170/296
f 1223/170/296 1222/148/309 1224/170/296
f 1223/170/296 1224/170/296 1225/169/312
f 1225/169/312 1224/170/296 1226/169/312
f 1226/169/312 1227/171/276 1225/169/312
f 1227/171/276 1226/169/312 1228/171/276
f 1227/171/276 1228/171/276 1229/174/311
f 1229/174/311 1228/171/276 1230/174/311
f 1229/174/311 1230/174/311 1231/175/285
f 1231/175/285 1230/174/311 1232/175/285
f 1233/176/296 1234/173/309 1235/173/309
f 1233/176/296 1235/173/309 1236/176/296
f 1234/173/309 1237/172/266 1235/173/309
f 1234/173/309 1238/172/266 1237/172/266
f 1238/172/266 1239/148/310 1237/172/266
f 1238/172/266 1240/148/310 1239/148/310
f 1240/148/310 1241/170/285 1239/148/310
f 1240/148/310 1242/170/285 1241/170/285
f 1242/170/285 1243/169/311 1241/170/285
f 1242/170/285 1244/169/311 1243/169/311
f 1244/169/311 1245/171/276 1243/169/311
f 1244/169/311 1246/171/276 1245/171/276
f 1246/171/276 1247/174/312 1245/171/276
f 1246/171/276 1248/174/312 1247/174/312
f 1248/174/312 1249/175/296 1247/174/312
f 1248/174/312 1250/175/296 1249/175/296
f 1251/176/314 1252/176/314 1253/173/318
f 1253/173/318 1252/176/314 1254/173/318
f 1255/172/266 1253/173/318 1254/173/318
f 1256/172/266 1255/172/266 1254/173/318
f 1257/148/317 1255/172/266 1256/172/266
f 1258/148/317 1257/148/317 1256/172/266
f 1258/148/317 1259/170/316 1257/148/317
f 1258/148/317 1260/170/316 1259/170/316
f 1260/170/316 1261/169/315 1259/170/316
f 1260/170/316 1262/169/315 1261/169/315
f 1262/169/315 1263/171/276 1261/169/315
f 1263/171/276 1262/169/315 1264/171/276
f 1264/171/276 1265/174/313 1263/171/276
f 1265/174/313 1264/171/276 1266/174/313
f 1266/174/313 1267/175/314 1265/174/313
f 1267/175/314 1266/174/313 1268/175/314
f 1269/213/427 1270/230/427 1271/229/427
f 1269/213/427 1271/229/427 1272/223/427
f 1273/169/285 1274/171/285 1275/169/285
f 1274/171/285 1273/169/285 1276/171/285
f 1277/170/285 1273/169/285 1275/169/285
f 1278/174/285 1274/171/285 1276/171/285
f 1277/170/285 1275/169/285 1279/170/285
f 1274/171/285 1278/174/285 1280/174/285
f 1281/175/285 1280/174/285 1278/174/285
f 1280/174/285 1281/175/285 1282/175/285
f 1283/148/285 1277/170/285 1279/170/285
f 1283/148/285 1279/170/285 1284/148/285
f 1284/148/285 1285/172/285 1283/148/285
f 1284/148/285 1286/172/285 1285/172/285
f 1287/173/285 1285/172/285 1286/172/285
f 1285/172/285 1287/173/285 1288/173/285
f 1289/176/285 1288/173/285 1287/173/285
f 1288/173/285 1289/176/285 1290/176/285
f 1291/235/276 1292/236/484 1293/101/485
f 1291/235/276 1293/101/485 1294/102/276
f 1292/236/484 1295/252/486 1293/101/485
f 1295/252/486 1292/236/484 1296/238/486
f 1296/238/486 1297/182/282 1295/252/486
f 1297/182/282 1296/238/486 1298/237/282
f 1299/241/486 1300/106/487 1301/179/486
f 1301/179/486 1302/239/282 1299/241/486
f 1303/178/282 1302/239/282 1301/179/486
f 1300/106/487 1299/241/486 1304/240/485
f 1304/240/485 1305/105/276 1300/106/487
f 1305/105/276 1304/240/485 1306/242/276
f 1307/142/266 1308/145/266 1309/230/266
f 1309/230/266 1310/213/266 1307/142/266
f 1311/145/266 1312/142/266 1313/145/266
f 1313/145/266 1312/142/266 1314/142/266
f 1315/143/266 1316/144/266 1317/144/266
f 1316/144/266 1315/143/266 1318/143/266
f 1319/143/266 1317/144/266 1320/143/266
f 1320/143/266 1317/144/266 1321/144/266
f 1322/144/266 1323/143/266 1320/143/266
f 1323/143/266 1322/144/266 1324/144/266
f 1325/144/266 1326/143/266 1324/144/266
f 1324/144/266 1326/143/266 1327/143/266
f 1328/143/266 1329/144/266 1330/144/266
f 1329/144/266 1328/143/266 1331/143/266
f 1332/198/266 1333/243/266 1334/244/266
f 1332/198/266 1335/199/266 1333/243/266
f 1336/101/488 1337/102/266 1338/235/266
f 1336/101/488 1338/235/266 1339/236/489
f 1340/252/490 1336/101/488 1339/236/489
f 1340/252/490 1339/236/489 1341/238/491
f 1342/182/492 1340/252/490 1341/238/491
f 1342/182/492 1341/238/491 1343/237/277
f 1344/241/491 1345/240/488 1346/106/489
f 1345/240/488 1347/105/266 1346/106/489
f 1345/240/488 1348/242/266 1347/105/266
f 1344/241/491 1346/106/489 1349/179/491
f 1350/239/492 1344/241/491 1349/179/491
f 1350/239/492 1349/179/491 1351/178/277
f 1352/95/276 1353/162/276 1354/143/276
f 1353/162/276 1352/95/276 1355/97/276
f 1353/162/276 1355/97/276 1356/142/276
f 1352/95/276 1357/161/276 1355/97/276
f 1357/161/276 1358/145/276 1355/97/276
f 1357/161/276 1352/95/276 1359/144/276
f 1360/95/276 1361/162/276 1362/143/276
f 1361/162/276 1360/95/276 1363/97/276
f 1361/162/276 1363/97/276 1364/142/276
f 1360/95/276 1365/161/276 1363/97/276
f 1365/161/276 1366/145/276 1363/97/276
f 1365/161/276 1360/95/276 1367/144/276
f 1368/103/266 1369/193/266 1370/189/266
f 1369/193/266 1368/103/266 1371/105/266
f 1368/103/266 1370/189/266 1372/102/266
f 1369/193/266 1373/104/266 1370/189/266
f 1370/189/266 1373/104/266 1374/234/266
f 1373/104/266 1369/193/266 1375/233/266
f 1376/253/493 1377/254/493 1378/97/493
f 1376/253/493 1378/97/493 1379/95/493
f 1380/95/494 1381/97/494 1382/255/494
f 1380/95/494 1382/255/494 1383/256/494
f 1384/254/495 1385/144/495 1386/145/496
f 1385/144/495 1384/254/495 1387/253/495
f 1388/256/497 1389/255/497 1390/210/497
f 1388/256/497 1390/210/497 1391/206/498
f 1392/257/499 1393/258/500 1394/104/501
f 1392/257/499 1394/104/501 1395/103/502
f 1394/104/501 1396/259/503 1395/103/502
f 1396/259/503 1394/104/501 1397/260/504
f 1395/103/502 1398/259/503 1399/130/234
f 1399/130/234 1398/259/503 1400/261/505
f 1399/130/234 1401/257/506 1395/103/502
f 1402/262/239 1401/257/506 1399/130/234
f 1403/258/500 1404/245/236 1394/104/501
f 1404/245/236 1403/258/500 1405/263/507
f 1394/104/501 1404/245/236 1406/260/508
f 1406/260/508 1404/245/236 1407/264/235
o Cylinder_006_Cylinder_014_120470944380948
v 0.790136 0.658690 -0.040560
v 0.790136 0.658690 0.040560
v 0.790136 0.641889 -0.000000
v 0.790136 0.756611 -0.000000
v 0.790136 0.699250 0.057361
v 0.790136 0.739811 0.040560
v 0.790136 0.699250 -0.057361
v 0.790136 0.739811 -0.040560
v -1.049101 0.661311 -0.037869
v -1.049101 0.737049 -0.037869
v -1.049101 0.699180 -0.053555
v -1.049101 0.661311 0.037869
v -1.049101 0.645625 -0.000000
v -1.049101 0.737049 0.037869
v -1.049101 0.699180 0.053555
v -1.049101 0.752735 -0.000000
v -1.016456 0.764229 -0.065049
v -0.976249 0.699180 -0.111211
v -1.016456 0.699180 -0.091993
v -0.976249 0.777818 -0.078638
v -0.976249 0.810391 -0.000000
v -1.016456 0.634131 -0.065049
v -0.976249 0.620542 -0.078638
v -1.049101 0.699180 -0.053555
v -1.049101 0.737049 -0.037869
v -1.049101 0.752735 -0.000000
v -1.049101 0.661311 -0.037869
v -0.976249 0.587970 -0.000000
v -1.049101 0.645625 -0.000000
v -1.016456 0.607187 -0.000000
v -1.016456 0.791173 -0.000000
v -1.016456 0.764229 0.065049
v -1.049101 0.737049 0.037869
v -0.976249 0.777818 0.078638
v -1.049101 0.699180 0.053555
v -0.976249 0.699180 0.111211
v -1.016456 0.699180 0.091993
v -1.016456 0.634131 0.065049
v -1.049101 0.661311 0.037869
v -0.976249 0.620542 0.078638
v -1.049101 0.699180 0.053555
v -0.976249 0.699180 0.111211
v -1.016456 0.699180 0.091993
v 0.701421 0.699250 -0.119115
v 0.750383 0.629578 -0.069672
v 0.701421 0.615023 -0.084227
v 0.701421 0.580135 -0.000000
v 0.750383 0.699250 -0.098532
v 0.750383 0.768923 -0.069672
v 0.701421 0.783477 -0.084227
v 0.790136 0.699250 -0.057361
v 0.790136 0.658690 -0.040560
v 0.701421 0.818365 -0.000000
v 0.790136 0.641889 -0.000000
v 0.790136 0.739811 -0.040560
v 0.750383 0.600719 -0.000000
v 0.750383 0.629578 0.069672
v 0.790136 0.658690 0.040560
v 0.701421 0.615023 0.084227
v 0.790136 0.699250 0.057361
v 0.701421 0.699250 0.119115
v 0.750383 0.699250 0.098532
v 0.750383 0.797782 -0.000000
v 0.790136 0.756611 -0.000000
v 0.790136 0.739811 0.040560
v 0.750383 0.768923 0.069672
v 0.701421 0.783477 0.084227
v 0.790136 0.699250 0.057361
v 0.701421 0.699250 0.119115
v 0.750383 0.699250 0.098532
vn 0.8936 -0.3174 -0.3174
vn 0.8936 -0.3174 0.3174
vn 0.8936 -0.4489 0.0005
vn 0.8936 0.4489 0.0004
vn 0.8936 0.0005 0.4489
vn 0.8936 0.3174 0.3174
vn 0.8936 0.0004 -0.4489
vn 0.8936 0.3174 -0.3174
vn -0.9094 -0.2940 -0.2941
vn -0.9094 0.2941 -0.2940
vn -0.9095 0.0005 -0.4157
vn -0.9094 -0.2941 0.2940
vn -0.9095 -0.4157 0.0004
vn -0.9094 0.2940 0.2941
vn -0.9095 0.0004 0.4157
vn -0.9095 0.4157 0.0005
vn -0.5870 0.5725 -0.5725
vn -0.4312 0.0005 -0.9022
vn -0.5865 -0.0000 -0.8099
vn -0.4312 0.6380 -0.6380
vn -0.4312 0.9022 -0.0000
vn -0.5869 -0.5725 -0.5725
vn -0.4312 -0.6380 -0.6380
vn -0.9094 0.0005 -0.4159
vn -0.9094 0.2941 -0.2941
vn -0.9094 0.4159 0.0005
vn -0.9094 -0.2941 -0.2941
vn -0.4312 -0.9022 0.0003
vn -0.9094 -0.4159 0.0004
vn -0.5865 -0.8099 -0.0000
vn -0.5866 0.8099 0.0003
vn -0.5869 0.5725 0.5725
vn -0.9094 0.2941 0.2941
vn -0.4312 0.6380 0.6380
vn -0.9094 0.0005 0.4159
vn -0.4312 0.0006 0.9023
vn -0.5867 0.0005 0.8098
vn -0.5865 -0.5727 0.5727
vn -0.9094 -0.2941 0.2941
vn -0.4312 -0.6380 0.6380
vn -0.9095 0.0004 0.4158
vn -0.4312 0.0004 0.9022
vn -0.5867 0.0002 0.8098
vn 0.3875 -0.0000 -0.9219
vn 0.5431 -0.5937 -0.5937
vn 0.3875 -0.6518 -0.6518
vn 0.3876 -0.9218 -0.0000
vn 0.5431 -0.0000 -0.8397
vn 0.5431 0.5937 -0.5937
vn 0.3875 0.6518 -0.6519
vn 0.3875 0.9219 -0.0000
vn 0.8936 0.3174 -0.3175
vn 0.5432 -0.8396 0.0005
vn 0.5431 -0.5937 0.5937
vn 0.3875 -0.6518 0.6518
vn 0.3876 0.0004 0.9218
vn 0.5432 0.0003 0.8396
vn 0.5431 0.8397 -0.0000
vn 0.8936 0.4489 0.0005
vn 0.8936 0.3175 0.3174
vn 0.5431 0.5937 0.5937
vn 0.3875 0.6518 0.6518
vn 0.8936 0.0004 0.4489
vn 0.3876 0.0005 0.9218
vn 0.5432 0.0005 0.8396
vt 0.919706 0.080294
vt 0.919706 0.419706
vt 0.990000 0.250000
vt 0.510000 0.250000
vt 0.750000 0.490000
vt 0.580294 0.419706
vt 0.750000 0.010000
vt 0.580294 0.080294
vt 0.419706 0.080294
vt 0.080294 0.080294
vt 0.250000 0.010000
vt 0.419706 0.419706
vt 0.490000 0.250000
vt 0.080294 0.419706
vt 0.250000 0.490000
vt 0.010000 0.250000
vt 0.375000 1.000000
vt 0.500000 1.000000
vt 0.250000 1.000000
vt 0.625000 1.000000
vt 0.750000 1.000000
vt 0.125000 1.000000
vt 0.000000 1.000000
vt 0.875000 1.000000
vt 1.000000 1.000000
vt 0.500000 0.500000
vt 0.625000 0.500000
vt 0.750000 0.500000
vt 0.375000 0.500000
vt 0.250000 0.500000
vt 0.875000 0.500000
vt 1.000000 0.500000
vt 0.125000 0.500000
vt 0.000000 0.500000
s 1
f 1408/265/509 1409/266/510 1410/267/511
f 1408/265/509 1411/268/512 1409/266/510
f 1409/266/510 1411/268/512 1412/269/513
f 1412/269/513 1411/268/512 1413/270/514
f 1414/271/515 1411/268/512 1408/265/509
f 1411/268/512 1414/271/515 1415/272/516
f 1416/273/517 1417/274/518 1418/275/519
f 1417/274/518 1416/273/517 1419/276/520
f 1419/276/520 1416/273/517 1420/277/521
f 1417/274/518 1419/276/520 1421/278/522
f 1421/278/522 1419/276/520 1422/279/523
f 1417/274/518 1421/278/522 1423/280/524
f 1424/281/525 1425/282/526 1426/282/527
f 1425/282/526 1424/281/525 1427/281/528
f 1424/281/525 1428/283/529 1427/281/528
f 1426/282/527 1425/282/526 1429/284/530
f 1425/282/526 1430/284/531 1429/284/530
f 1424/281/525 1426/282/527 1431/282/532
f 1429/284/530 1431/282/532 1426/282/527
f 1432/281/533 1424/281/525 1431/282/532
f 1433/283/534 1424/281/525 1432/281/533
f 1431/282/532 1429/284/530 1434/284/535
f 1435/285/536 1429/284/530 1430/284/531
f 1429/284/530 1436/285/537 1434/284/535
f 1429/284/530 1435/285/536 1437/285/538
f 1429/284/530 1437/285/538 1436/285/537
f 1424/281/525 1433/283/534 1438/283/539
f 1428/283/529 1424/281/525 1438/283/539
f 1433/283/534 1439/286/540 1438/283/539
f 1439/286/540 1428/283/529 1438/283/539
f 1439/286/540 1433/283/534 1440/286/541
f 1428/283/529 1439/286/540 1441/286/542
f 1442/287/543 1439/286/540 1440/286/541
f 1443/287/544 1441/286/542 1439/286/540
f 1439/286/540 1442/287/543 1444/287/545
f 1444/287/545 1443/287/544 1439/286/540
f 1445/288/546 1436/285/537 1437/285/538
f 1437/285/538 1435/285/536 1445/288/546
f 1436/285/537 1445/288/546 1446/288/547
f 1435/285/536 1447/288/548 1445/288/546
f 1445/288/546 1448/289/549 1446/288/547
f 1449/289/550 1445/288/546 1447/288/548
f 1448/289/549 1445/288/546 1450/289/551
f 1445/288/546 1449/289/550 1450/289/551
f 1451/290/552 1452/291/553 1453/291/554
f 1452/291/553 1454/292/555 1453/291/554
f 1452/291/553 1451/290/552 1455/290/556
f 1451/290/552 1456/293/557 1455/290/556
f 1456/293/557 1451/290/552 1457/293/558
f 1452/291/553 1455/290/556 1458/290/515
f 1456/293/557 1458/290/515 1455/290/556
f 1459/291/509 1452/291/553 1458/290/515
f 1460/294/559 1456/293/557 1457/293/558
f 1461/292/511 1452/291/553 1459/291/509
f 1458/290/515 1456/293/557 1462/293/560
f 1452/291/553 1461/292/511 1463/292/561
f 1454/292/555 1452/291/553 1463/292/561
f 1461/292/511 1464/295/562 1463/292/561
f 1464/295/562 1454/292/555 1463/292/561
f 1464/295/562 1461/292/511 1465/295/510
f 1454/292/555 1464/295/562 1466/295/563
f 1467/296/513 1464/295/562 1465/295/510
f 1464/295/562 1468/296/564 1466/295/563
f 1464/295/562 1467/296/513 1469/296/565
f 1468/296/564 1464/295/562 1469/296/565
f 1470/294/566 1462/293/560 1456/293/557
f 1456/293/557 1460/294/559 1470/294/566
f 1462/293/560 1470/294/566 1471/294/567
f 1470/294/566 1472/297/568 1471/294/567
f 1470/294/566 1460/294/559 1473/297/569
f 1470/294/566 1473/297/569 1472/297/568
f 1460/294/559 1474/297/570 1473/297/569
f 1473/297/569 1475/298/571 1472/297/568
f 1476/298/572 1473/297/569 1474/297/570
f 1475/298/571 1473/297/569 1477/298/573
f 1473/297/569 1476/298/572 1477/298/573
o Cylinder_021_Cylinder_028_101512007898195
v -1.883860 0.116508 -0.000000
v -1.883860 0.152796 0.036288
v -1.883860 0.152796 -0.036288
v -1.883860 0.127136 0.025660
v -1.883860 0.127136 -0.025660
v -1.883860 0.189084 -0.000000
v -1.883860 0.178455 -0.025660
v -1.883860 0.178455 0.025660
v -0.565279 0.170632 -0.101762
v -0.613530 0.150645 -0.101762
v -0.605252 0.170632 -0.101762
v -0.585265 0.178911 -0.101762
v -0.565279 0.130659 -0.101762
v -0.557000 0.150645 -0.101762
v -0.605252 0.130659 -0.101762
v -0.585265 0.122380 -0.101762
v -0.565279 0.130659 0.101762
v -0.613530 0.150645 0.101762
v -0.605252 0.130659 0.101762
v -0.585265 0.122380 0.101762
v -0.565279 0.170632 0.101762
v -0.557000 0.150645 0.101762
v -0.605252 0.170632 0.101762
v -0.585265 0.178911 0.101762
v 0.634721 0.130659 -0.091247
v 0.594748 0.170632 -0.091247
v 0.634721 0.170632 -0.091247
v 0.614735 0.178911 -0.091247
v 0.643000 0.150645 -0.091247
v 0.594748 0.130659 -0.091247
v 0.586469 0.150645 -0.091247
v 0.614735 0.122380 -0.091247
v 0.594748 0.130659 0.091247
v 0.594748 0.170632 0.091247
v 0.586469 0.150645 0.091247
v 0.634721 0.130659 0.091247
v 0.614735 0.122380 0.091247
v 0.634721 0.170632 0.091247
v 0.614735 0.178911 0.091247
v 0.643000 0.150645 0.091247
v -1.883860 0.127136 0.025660
v -1.434744 0.127136 0.025660
v -1.434744 0.152796 0.036288
v -1.883860 0.152796 0.036288
v -1.883860 0.116508 -0.000000
v -1.434744 0.116508 -0.000000
v -1.883860 0.127136 -0.025660
v -1.434744 0.127136 -0.025660
v -1.883860 0.152796 -0.036288
v -1.434744 0.152796 -0.036288
v -1.883860 0.178455 -0.025660
v -1.434744 0.178455 -0.025660
v -1.883860 0.189084 -0.000000
v -1.434744 0.189084 -0.000000
v -1.883860 0.178455 0.025660
v -1.434744 0.178455 0.025660
v -1.883860 0.152796 0.036288
v -1.434744 0.152796 0.036288
v -0.605252 0.170632 -0.101762
v -0.585265 0.178911 0.101762
v -0.585265 0.178911 -0.101762
v -0.605252 0.170632 0.101762
v -0.613530 0.150645 -0.101762
v -0.613530 0.150645 0.101762
v -0.605252 0.130659 -0.101762
v -0.605252 0.130659 0.101762
v -0.585265 0.122380 -0.101762
v -0.585265 0.122380 0.101762
v -0.565279 0.130659 -0.101762
v -0.565279 0.130659 0.101762
v -0.557000 0.150645 -0.101762
v -0.557000 0.150645 0.101762
v -0.565279 0.170632 -0.101762
v -0.565279 0.170632 0.101762
v -0.585265 0.178911 -0.101762
v -0.585265 0.178911 0.101762
v -1.434744 0.152796 -0.036288
v -1.434744 0.152796 0.036288
v -1.434744 0.116508 -0.000000
v -1.434744 0.127136 0.025660
v -1.434744 0.127136 -0.025660
v -1.434744 0.189084 -0.000000
v -1.434744 0.178455 0.025660
v -1.434744 0.178455 -0.025660
v 0.594748 0.170632 -0.091247
v 0.614735 0.178911 0.091247
v 0.614735 0.178911 -0.091247
v 0.594748 0.170632 0.091247
v 0.586469 0.150645 -0.091247
v 0.586469 0.150645 0.091247
v 0.594748 0.130659 -0.091247
v 0.594748 0.130659 0.091247
v 0.614735 0.122380 -0.091247
v 0.614735 0.122380 0.091247
v 0.634721 0.130659 -0.091247
v 0.634721 0.130659 0.091247
v 0.643000 0.150645 -0.091247
v 0.643000 0.150645 0.091247
v 0.634721 0.170632 -0.091247
v 0.634721 0.170632 0.091247
v 0.614735 0.178911 -0.091247
v 0.614735 0.178911 0.091247
vn -1.0000 0.0005 0.0005
vn 0.0005 0.0005 -1.0000
vn 0.0005 0.0005 1.0000
vn -0.0000 -0.7071 0.7071
vn 0.0005 -1.0000 0.0005
vn -0.0000 -0.7071 -0.7071
vn -0.0000 0.7071 -0.7071
vn 0.0005 1.0000 0.0005
vn -0.0000 0.7071 0.7071
vn 0.0005 0.0006 1.0000
vn -0.5808 0.8140 0.0005
vn 0.0003 1.0000 0.0005
vn 0.0004 1.0000 0.0005
vn -0.5808 0.8141 -0.0000
vn -0.5808 -0.8140 -0.0000
vn -0.5808 -0.8140 0.0005
vn 0.5807 -0.8141 0.0005
vn 0.5807 -0.8141 -0.0000
vn 1.0000 0.0005 0.0005
vn 0.5808 0.8140 -0.0000
vn 0.5807 0.8141 0.0005
vn -0.5807 0.8141 0.0005
vn -0.5807 0.8141 -0.0000
vn -0.5807 -0.8141 -0.0000
vn -0.5807 -0.8141 0.0005
vn 0.5808 0.8140 0.0005
vt 0.750000 1.000000
vt 0.000000 1.000000
vt 0.500000 1.000000
vt 0.875000 1.000000
vt 0.625000 1.000000
vt 0.250000 1.000000
vt 0.375000 1.000000
vt 0.125000 1.000000
vt 0.080294 0.419706
vt 0.490000 0.250000
vt 0.419706 0.419706
vt 0.250000 0.490000
vt 0.080294 0.080294
vt 0.010000 0.250000
vt 0.419706 0.080294
vt 0.250000 0.010000
vt 0.580294 0.080294
vt 0.990000 0.250000
vt 0.919706 0.080294
vt 0.750000 0.010000
vt 0.580294 0.419706
vt 0.510000 0.250000
vt 0.919706 0.419706
vt 0.750000 0.490000
vt 0.875000 0.500000
vt 1.000000 0.500000
vt 1.000000 1.000000
vt 0.750000 0.500000
vt 0.625000 0.500000
vt 0.500000 0.500000
vt 0.375000 0.500000
vt 0.250000 0.500000
vt 0.125000 0.500000
vt 0.000000 0.500000
s 1
f 1478/299/574 1479/300/574 1480/301/574
f 1479/300/574 1478/299/574 1481/302/574
f 1478/299/574 1480/301/574 1482/303/574
f 1479/300/574 1483/304/574 1480/301/574
f 1480/301/574 1483/304/574 1484/305/574
f 1483/304/574 1479/300/574 1485/306/574
f 1486/307/575 1487/308/575 1488/309/575
f 1486/307/575 1488/309/575 1489/310/575
f 1487/308/575 1486/307/575 1490/311/575
f 1490/311/575 1486/307/575 1491/312/575
f 1487/308/575 1490/311/575 1492/313/575
f 1492/313/575 1490/311/575 1493/314/575
f 1494/315/576 1495/316/576 1496/317/576
f 1494/315/576 1496/317/576 1497/318/576
f 1494/315/576 1498/319/576 1495/316/576
f 1498/319/576 1494/315/576 1499/320/576
f 1498/319/576 1500/321/576 1495/316/576
f 1500/321/576 1498/319/576 1501/322/576
f 1502/311/575 1503/309/575 1504/307/575
f 1504/307/575 1503/309/575 1505/310/575
f 1502/311/575 1504/307/575 1506/312/575
f 1502/311/575 1507/313/575 1503/309/575
f 1503/309/575 1507/313/575 1508/308/575
f 1507/313/575 1502/311/575 1509/314/575
f 1510/317/576 1511/321/576 1512/316/576
f 1511/321/576 1510/317/576 1513/315/576
f 1513/315/576 1510/317/576 1514/318/576
f 1515/319/576 1511/321/576 1513/315/576
f 1511/321/576 1515/319/576 1516/322/576
f 1515/319/576 1513/315/576 1517/320/576
f 1518/302/577 1519/323/577 1520/324/576
f 1518/302/577 1520/324/576 1521/325/576
f 1522/299/578 1519/323/577 1518/302/577
f 1522/299/578 1523/326/578 1519/323/577
f 1524/303/579 1523/326/578 1522/299/578
f 1524/303/579 1525/327/579 1523/326/578
f 1526/301/575 1525/327/579 1524/303/579
f 1526/301/575 1527/328/575 1525/327/579
f 1528/305/580 1527/328/575 1526/301/575
f 1528/305/580 1529/329/580 1527/328/575
f 1529/329/580 1528/305/580 1530/304/581
f 1529/329/580 1530/304/581 1531/330/581
f 1531/330/581 1530/304/581 1532/306/582
f 1531/330/581 1532/306/582 1533/331/582
f 1534/300/583 1533/331/582 1532/306/582
f 1534/300/583 1535/332/583 1533/331/582
f 1536/302/584 1537/324/585 1538/325/586
f 1537/324/585 1536/302/584 1539/323/587
f 1540/299/574 1539/323/587 1536/302/584
f 1539/323/587 1540/299/574 1541/326/574
f 1542/303/588 1541/326/574 1540/299/574
f 1541/326/574 1542/303/588 1543/327/589
f 1544/301/578 1543/327/589 1542/303/588
f 1543/327/589 1544/301/578 1545/328/578
f 1546/305/590 1545/328/578 1544/301/578
f 1545/328/578 1546/305/590 1547/329/591
f 1548/304/592 1547/329/591 1546/305/590
f 1547/329/591 1548/304/592 1549/330/592
f 1550/306/593 1549/330/592 1548/304/592
f 1549/330/592 1550/306/593 1551/331/594
f 1552/300/581 1551/331/594 1550/306/593
f 1551/331/594 1552/300/581 1553/332/581
f 1554/328/592 1555/332/592 1556/326/592
f 1556/326/592 1555/332/592 1557/323/592
f 1554/328/592 1556/326/592 1558/327/592
f 1554/328/592 1559/330/592 1555/332/592
f 1555/332/592 1559/330/592 1560/331/592
f 1559/330/592 1554/328/592 1561/329/592
f 1562/302/595 1563/324/586 1564/325/586
f 1563/324/586 1562/302/595 1565/323/596
f 1566/299/574 1565/323/596 1562/302/595
f 1565/323/596 1566/299/574 1567/326/574
f 1568/303/597 1567/326/574 1566/299/574
f 1567/326/574 1568/303/597 1569/327/598
f 1570/301/578 1569/327/598 1568/303/597
f 1569/327/598 1570/301/578 1571/328/578
f 1572/305/590 1571/328/578 1570/301/578
f 1571/328/578 1572/305/590 1573/329/591
f 1574/304/592 1573/329/591 1572/305/590
f 1573/329/591 1574/304/592 1575/330/592
f 1576/306/593 1575/330/592 1574/304/592
f 1575/330/592 1576/306/593 1577/331/599
f 1578/300/581 1577/331/599 1576/306/593
f 1577/331/599 1578/300/581 1579/332/581
o Plane_001_Plane_001_113789227660955
v -3.565430 0.353280 -0.039969
v -3.565430 0.313311 -0.056525
v -3.565430 0.313311 -0.038702
v -3.565430 0.273342 -0.039969
v -3.565430 0.340677 -0.027366
v -3.565430 0.285945 -0.027366
v -3.565430 0.352013 -0.000000
v -3.565430 0.274609 -0.000000
v -3.565430 0.369836 -0.000000
v -3.565430 0.256786 -0.000000
v -3.565430 0.353280 0.039969
v -3.565430 0.273342 0.039969
v -3.565430 0.340677 0.027366
v -3.565430 0.313311 0.038702
v -3.565430 0.313311 0.056525
v -3.565430 0.285945 0.027366
v -3.565430 0.313311 0.038702
v -3.565430 0.313311 0.056525
v -3.565430 0.274609 -0.000000
v -3.565430 0.285945 0.027366
v -3.489802 0.313311 -0.000000
v -3.565430 0.313311 0.038702
v -3.489802 0.313311 -0.000000
v -3.565430 0.285945 -0.027366
v -3.489802 0.313311 -0.000000
v -3.565430 0.313311 -0.038702
v -3.489802 0.313311 -0.000000
v -3.565430 0.340677 -0.027366
v -3.489802 0.313311 -0.000000
v -3.565430 0.352013 -0.000000
v -3.489802 0.313311 -0.000000
v -3.565430 0.340677 0.027366
v -3.489802 0.313311 -0.000000
v -3.565430 0.313311 0.038702
v -3.489802 0.313311 -0.000000
v 0.834287 0.795153 0.100299
v 0.834287 0.807029 -0.000000
v 0.834287 0.836697 -0.000000
v 0.834287 0.795153 -0.100299
v 0.834287 0.774173 0.079319
v 0.834287 0.694853 0.141844
v 0.834287 0.694853 0.112174
v 0.834287 0.774173 -0.079319
v 0.834287 0.694853 -0.141844
v 0.834287 0.694853 -0.112174
v 0.834287 0.615534 -0.079319
v 0.834287 0.594554 -0.100299
v 0.834287 0.553009 -0.000000
v 0.834287 0.582679 -0.000000
v 0.834287 0.615534 0.079319
v 0.834287 0.594554 0.100299
v 0.834287 0.694853 0.141844
v 0.834287 0.694853 0.112174
v 0.754935 0.182404 -0.087407
v 0.639936 0.102405 0.087407
v 0.639935 0.102405 -0.087407
v 0.754936 0.182404 0.087407
v 0.729935 0.264021 0.087407
v 0.729935 0.264021 -0.087407
v 0.540199 0.188906 -0.079666
v 0.632302 -0.200447 0.079666
v 0.632302 -0.200447 -0.079666
v 0.540199 0.188906 0.079666
v 0.632302 -0.200447 -0.079666
v 0.632302 -0.200447 0.079666
v 0.638640 -0.227244 -0.079666
v 0.638640 -0.227244 0.079666
v 0.651320 -0.280843 -0.079666
v 0.651320 -0.280843 0.079666
v -2.064439 0.228530 0.084781
v -2.064439 0.270920 -0.102340
v -2.064439 0.193412 -0.000000
v -2.064439 0.228530 -0.084781
v -2.064439 0.313311 0.119899
v -2.064439 0.398092 0.084781
v -2.064439 0.433210 -0.000000
v -2.064439 0.398092 -0.084781
v -2.064439 0.313311 -0.119899
v 0.108167 0.264021 -0.097119
v 0.108167 0.264021 0.097119
v 0.108167 0.003527 -0.097119
v 0.108167 0.003527 0.097119
v 0.651320 -0.280843 0.079666
v 0.372230 -0.346861 0.079666
v 0.651320 -0.280843 -0.079666
v 0.372230 -0.346861 -0.079666
v -1.836440 0.381714 -0.066430
v -1.836440 0.392478 -0.087107
v -1.835946 0.381136 -0.067825
v -1.823640 0.364655 -0.098631
v -1.823640 0.354385 -0.078905
v -1.836440 0.336833 -0.110156
v -1.836440 0.326564 -0.090429
v -1.823640 0.364655 0.098631
v -1.835946 0.381136 0.067825
v -1.823640 0.354385 0.078905
v -1.836440 0.392478 0.087107
v -1.836440 0.381714 0.066430
v -1.836440 0.336833 0.110156
v -1.836440 0.326564 0.090429
v -1.823640 0.264962 -0.075892
v -1.836440 0.281019 -0.106523
v -1.823640 0.252875 -0.094865
v -1.836440 0.293106 -0.087550
v -1.836440 0.226638 -0.080215
v -1.823640 0.264962 -0.075892
v -1.836440 0.241170 -0.057405
v -1.823640 0.264962 0.075892
v -1.836440 0.281019 0.106523
v -1.836440 0.293106 0.087550
v -1.823640 0.252875 0.094865
v -1.823640 0.264962 0.075892
v -1.836440 0.226638 0.080215
v -1.836440 0.241170 0.057405
v -0.140439 0.282203 -0.010224
v -0.140439 0.313311 -0.119899
v -0.140439 0.377086 -0.093482
v -0.140439 0.282203 -0.107014
v -0.140439 0.377086 -0.010224
v -1.586440 0.381714 -0.066430
v -1.586440 0.392478 -0.087107
v -1.585946 0.381136 -0.067825
v -1.573640 0.364655 -0.098631
v -1.573640 0.354385 -0.078905
v -1.586440 0.336833 -0.110156
v -1.586440 0.326564 -0.090429
v -1.573640 0.264962 -0.075892
v -1.586440 0.281019 -0.106523
v -1.573640 0.252875 -0.094865
v -1.586440 0.293106 -0.087550
v -1.586440 0.226638 -0.080215
v -1.573640 0.264962 -0.075892
v -1.586440 0.241170 -0.057405
v -1.573640 0.364655 0.098631
v -1.585946 0.381136 0.067825
v -1.573640 0.354385 0.078905
v -1.586440 0.392478 0.087107
v -1.586440 0.381714 0.066430
v -1.586440 0.336833 0.110156
v -1.586440 0.326564 0.090429
v -1.573640 0.264962 0.075892
v -1.586440 0.281019 0.106523
v -1.586440 0.293106 0.087550
v -1.573640 0.252875 0.094865
v -1.573640 0.264962 0.075892
v -1.586440 0.226638 0.080215
v -1.586440 0.241170 0.057405
v -1.336440 0.381714 -0.066430
v -1.336440 0.392478 -0.087107
v -1.335946 0.381136 -0.067825
v -1.323640 0.364655 -0.098631
v -1.323640 0.354385 -0.078905
v -1.336440 0.336833 -0.110156
v -1.336440 0.326564 -0.090429
v -1.323640 0.364655 0.098631
v -1.335946 0.381136 0.067825
v -1.323640 0.354385 0.078905
v -1.336440 0.392478 0.087107
v -1.336440 0.381714 0.066430
v -1.336440 0.336833 0.110156
v -1.336440 0.326564 0.090429
v -1.323640 0.264962 -0.075892
v -1.336440 0.281019 -0.106523
v -1.323640 0.252875 -0.094865
v -1.336440 0.293106 -0.087550
v -1.336440 0.226638 -0.080215
v -1.323640 0.264962 -0.075892
v -1.336440 0.241170 -0.057405
v -1.323640 0.264962 0.075892
v -1.336440 0.281019 0.106523
v -1.336440 0.293106 0.087550
v -1.323640 0.252875 0.094865
v -1.323640 0.264962 0.075892
v -1.336440 0.226638 0.080215
v -1.336440 0.241170 0.057405
v -1.087206 0.596556 0.098297
v -0.979673 0.596556 0.098297
v -1.087206 0.694853 0.139013
v -0.979673 0.694853 0.139013
v -0.979673 0.555841 -0.000000
v -1.087206 0.555841 -0.000000
v -0.979673 0.596556 -0.098297
v -1.087206 0.596556 -0.098297
v -0.979673 0.694853 -0.139013
v -1.087206 0.694853 -0.139013
v -0.979673 0.793152 -0.098297
v -1.087206 0.793152 -0.098297
v -0.979673 0.833868 -0.000000
v -1.087206 0.833868 -0.000000
v -0.979673 0.793152 0.098297
v -1.087206 0.793152 0.098297
v -0.979673 0.694853 0.139013
v -1.087206 0.694853 0.139013
v 0.834287 0.594554 0.100299
v 0.703826 0.694853 0.141844
v 0.703826 0.594554 0.100299
v 0.834287 0.694853 0.141844
v 0.834287 0.553009 -0.000000
v 0.703826 0.553009 -0.000000
v 0.834287 0.594554 -0.100299
v 0.703826 0.594554 -0.100299
v 0.834287 0.694853 -0.141844
v 0.703826 0.694853 -0.141844
v 0.834287 0.795153 -0.100299
v 0.703826 0.795153 -0.100299
v 0.834287 0.836697 -0.000000
v 0.703826 0.836697 -0.000000
v 0.834287 0.795153 0.100299
v 0.703826 0.795153 0.100299
v 0.834287 0.694853 0.141844
v 0.703826 0.694853 0.141844
v -0.451983 0.634184 0.060670
v -0.059840 0.634184 0.060670
v -0.059840 0.694853 0.085800
v -0.451983 0.694853 0.085800
v 0.332303 0.694853 0.085800
v 0.332303 0.634184 0.060670
v -0.451983 0.609054 -0.000000
v -0.059840 0.609054 -0.000000
v 0.332303 0.634184 0.060670
v 0.332303 0.609054 -0.000000
v -0.451983 0.634184 -0.060670
v -0.059840 0.634184 -0.060670
v 0.332303 0.609054 -0.000000
v 0.332303 0.634184 -0.060670
v -0.451983 0.694853 -0.085800
v -0.059840 0.694853 -0.085800
v 0.332303 0.634184 -0.060670
v 0.332303 0.694853 -0.085800
v -0.451983 0.755523 -0.060670
v -0.059840 0.755523 -0.060670
v 0.332303 0.694853 -0.085800
v 0.332303 0.755523 -0.060670
v -0.451983 0.780653 -0.000000
v -0.059840 0.780653 -0.000000
v 0.332303 0.755523 -0.060670
v 0.332303 0.780653 -0.000000
v -0.451983 0.755523 0.060670
v -0.059840 0.755523 0.060670
v -0.451983 0.694853 0.085800
v 0.332303 0.780653 -0.000000
v 0.332303 0.755523 0.060670
v -0.059840 0.694853 0.085800
v 0.332303 0.755523 0.060670
v 0.332303 0.694853 0.085800
v 0.639936 0.102405 0.087407
v 0.064748 0.102405 0.087407
v 0.639935 0.102405 -0.087407
v 0.064748 0.102405 -0.087407
v -0.451983 0.755523 0.060670
v -0.905246 0.694853 0.126376
v -0.451983 0.694853 0.085800
v -0.979673 0.694853 0.126376
v -0.979673 0.784215 0.089361
v -0.905246 0.784215 0.089361
v -0.979673 0.821229 -0.000000
v -0.905246 0.821229 -0.000000
v -0.451983 0.780653 -0.000000
v -0.979673 0.784215 -0.089361
v -0.451983 0.755523 -0.060670
v -0.905246 0.784215 -0.089361
v -0.979673 0.694853 -0.126376
v -0.905246 0.694853 -0.126376
v -0.451983 0.694853 -0.085800
v -0.979673 0.605493 -0.089361
v -0.451983 0.634184 -0.060670
v -0.905246 0.605493 -0.089361
v -0.979673 0.568479 -0.000000
v -0.905246 0.568479 -0.000000
v -0.451983 0.609054 -0.000000
v -0.979673 0.605493 0.089361
v -0.451983 0.634184 0.060670
v -0.905246 0.605493 0.089361
v -0.979673 0.694853 0.126376
v -0.905246 0.694853 0.126376
v -0.451983 0.694853 0.085800
v -1.087206 0.596556 -0.098297
v -1.087206 0.694853 -0.111211
v -1.087206 0.694853 -0.139013
v -1.087206 0.773492 -0.078638
v -1.087206 0.616216 -0.078638
v -1.087206 0.793152 -0.098297
v -1.087206 0.555841 -0.000000
v -1.087206 0.806064 -0.000000
v -1.087206 0.583644 -0.000000
v -1.087206 0.833868 -0.000000
v -1.087206 0.616216 0.078638
v -1.087206 0.793152 0.098297
v -1.087206 0.596556 0.098297
v -1.087206 0.694853 0.111211
v -1.087206 0.694853 0.139013
v -1.087206 0.773492 0.078638
v -1.087206 0.694853 0.139013
v -1.087206 0.694853 0.111211
v -1.086439 0.381714 -0.066430
v -1.086439 0.392478 -0.087107
v -1.085946 0.381136 -0.067825
v -1.073639 0.364655 -0.098631
v -1.073639 0.354385 -0.078905
v -1.086439 0.336833 -0.110156
v -1.086439 0.326564 -0.090429
v -1.073639 0.264962 -0.075892
v -1.086439 0.281019 -0.106523
v -1.073639 0.252875 -0.094865
v -1.086439 0.293106 -0.087550
v -1.086439 0.226638 -0.080214
v -1.073639 0.264962 -0.075892
v -1.086439 0.241170 -0.057405
v -1.073639 0.364655 0.098631
v -1.085946 0.381136 0.067825
v -1.073639 0.354385 0.078905
v -1.086439 0.392478 0.087107
v -1.086439 0.381714 0.066430
v -1.086439 0.336833 0.110156
v -1.086439 0.326564 0.090429
v -1.073639 0.264962 0.075892
v -1.086439 0.281019 0.106523
v -1.086439 0.293106 0.087550
v -1.073639 0.252875 0.094865
v -1.073639 0.264962 0.075892
v -1.086439 0.226638 0.080214
v -1.086439 0.241170 0.057405
v -0.978330 0.583644 -0.000000
v -1.087206 0.583644 -0.000000
v -0.978330 0.616216 0.078638
v -1.087206 0.616216 0.078638
v -0.978330 0.694853 0.111211
v -1.087206 0.694853 0.111211
v -1.087206 0.616216 -0.078638
v -0.978330 0.616216 -0.078638
v -1.087206 0.694853 -0.111211
v -0.978330 0.694853 -0.111211
v -1.087206 0.773492 -0.078638
v -0.978330 0.773492 -0.078638
v -1.087206 0.806064 -0.000000
v -0.978330 0.806064 -0.000000
v -1.087206 0.773492 0.078638
v -0.978330 0.773492 0.078638
v -1.087206 0.694853 0.111211
v -0.978330 0.694853 0.111211
v -2.064439 0.193412 -0.000000
v -1.336440 0.226638 0.080215
v -1.464441 0.226638 0.080215
v -1.214441 0.226638 0.080215
v -1.586440 0.226638 0.080215
v -1.086439 0.226638 0.080214
v -1.714441 0.226638 0.080215
v -1.836440 0.226638 0.080215
v -0.964439 0.226638 0.080214
v -1.964440 0.226638 0.080215
v -2.064439 0.228530 0.084781
v -2.064439 0.193412 -0.000000
v -0.836439 0.226638 -0.080214
v 1.614326 0.193412 -0.000000
v 1.614326 0.228530 -0.084781
v -0.964439 0.226638 -0.080214
v -1.086439 0.226638 -0.080214
v -1.214441 0.226638 -0.080215
v -1.336440 0.226638 -0.080215
v -1.464441 0.226638 -0.080215
v -1.586440 0.226638 -0.080215
v -1.714441 0.226638 -0.080215
v -1.836440 0.226638 -0.080215
v -0.836439 0.226638 0.080214
v 1.614326 0.193412 -0.000000
v 1.614326 0.228530 0.084781
v -2.064439 0.313311 0.119899
v -1.977240 0.252875 0.094865
v -1.964440 0.281019 0.106523
v -1.836440 0.281019 0.106523
v -1.714441 0.281019 0.106523
v -1.823640 0.252875 0.094865
v -1.727240 0.252875 0.094865
v -1.586440 0.281019 0.106523
v -1.464441 0.281019 0.106523
v -1.573640 0.252875 0.094865
v -1.477240 0.252875 0.094865
v -1.336440 0.281019 0.106523
v -1.214441 0.281019 0.106523
v -1.323640 0.252875 0.094865
v -1.227240 0.252875 0.094865
v -1.086439 0.281019 0.106523
v -1.714441 0.226638 0.080215
v -1.823640 0.252875 0.094865
v -1.836440 0.226638 0.080215
v -1.727240 0.252875 0.094865
v -1.464441 0.226638 0.080215
v -1.573640 0.252875 0.094865
v -1.586440 0.226638 0.080215
v -1.477240 0.252875 0.094865
v -1.214441 0.226638 0.080215
v -1.323640 0.252875 0.094865
v -1.336440 0.226638 0.080215
v -1.227240 0.252875 0.094865
v -1.086439 0.226638 0.080214
v -0.977240 0.252875 0.094865
v -1.073639 0.252875 0.094865
v -0.964439 0.226638 0.080214
v -1.573640 0.252875 -0.094865
v -1.477240 0.252875 -0.094865
v -1.464441 0.226638 -0.080215
v -1.586440 0.226638 -0.080215
v -1.823640 0.252875 -0.094865
v -1.727240 0.252875 -0.094865
v -1.714441 0.226638 -0.080215
v -1.836440 0.226638 -0.080215
v -1.323640 0.252875 -0.094865
v -1.227240 0.252875 -0.094865
v -1.214441 0.226638 -0.080215
v -1.336440 0.226638 -0.080215
v -0.977240 0.252875 -0.094865
v -1.086439 0.226638 -0.080214
v -1.073639 0.252875 -0.094865
v -0.964439 0.226638 -0.080214
v -1.073639 0.252875 0.094865
v -0.977240 0.252875 0.094865
v -0.964439 0.281019 0.106523
v -0.836439 0.281019 0.106523
v 1.614326 0.313311 0.119899
v -0.823639 0.252875 0.094865
v 1.614326 0.270920 0.102340
v 1.614326 0.228530 0.084781
v -0.836439 0.226638 0.080214
v -1.964440 0.226638 -0.080215
v -2.064439 0.228530 -0.084781
v -2.064439 0.270920 -0.102340
v -1.977240 0.252875 -0.094865
v -1.964440 0.281019 -0.106523
v -2.064439 0.313311 -0.119899
v -1.836440 0.281019 -0.106523
v -1.714441 0.281019 -0.106523
v -1.823640 0.252875 -0.094865
v -1.727240 0.252875 -0.094865
v -1.586440 0.281019 -0.106523
v -1.464441 0.281019 -0.106523
v -1.573640 0.252875 -0.094865
v -1.477240 0.252875 -0.094865
v -1.336440 0.281019 -0.106523
v -1.214441 0.281019 -0.106523
v -1.323640 0.252875 -0.094865
v -1.227240 0.252875 -0.094865
v -1.086439 0.281019 -0.106523
v -0.140439 0.313311 -0.119899
v -0.977240 0.252875 -0.094865
v -1.073639 0.252875 -0.094865
v -0.964439 0.281019 -0.106523
v -0.836439 0.281019 -0.106523
v -0.823639 0.252875 -0.094865
v -0.140439 0.282203 -0.107014
v -0.836439 0.226638 -0.080214
v 0.389003 0.282203 -0.107014
v 1.614326 0.228530 -0.084781
v 0.539264 0.282203 -0.107014
v 0.779561 0.282203 -0.107014
v 1.614326 0.313311 -0.119899
v 0.779561 0.313311 -0.119899
v 0.779561 0.313311 -0.119899
v 1.614326 0.398092 -0.084781
v 0.753164 0.337086 -0.110051
v 0.389003 0.377086 -0.093482
v 0.539264 0.337086 -0.110051
v -0.836439 0.392476 -0.087107
v -0.140439 0.377086 -0.093482
v -2.064439 0.398092 -0.084781
v -0.823639 0.364655 -0.098631
v -0.140439 0.313311 -0.119899
v -0.836439 0.336833 -0.110156
v -0.964439 0.336833 -0.110156
v -1.086439 0.336833 -0.110156
v -0.977240 0.364655 -0.098631
v -2.064439 0.313311 -0.119899
v -0.964439 0.392476 -0.087107
v -1.073639 0.364655 -0.098631
v -1.086439 0.392478 -0.087107
v -1.214441 0.392478 -0.087107
v -1.323640 0.364655 -0.098631
v -1.336440 0.392478 -0.087107
v -1.464441 0.392478 -0.087107
v -1.573640 0.364655 -0.098631
v -1.586440 0.392478 -0.087107
v -1.714441 0.392478 -0.087107
v -1.823640 0.364655 -0.098631
v -1.836440 0.392478 -0.087107
v -1.964440 0.392478 -0.087107
v -1.977240 0.364655 -0.098631
v -1.977240 0.252875 0.094865
v -2.064439 0.228530 0.084781
v -1.964440 0.226638 0.080215
v 0.108167 0.264021 0.097119
v 0.047108 -0.027243 0.097119
v 0.108167 0.003527 0.097119
v -0.586485 0.090985 0.097119
v -0.686485 0.264021 0.097119
v -0.686485 0.198311 0.097119
v -0.836439 0.336833 0.110156
v -0.823639 0.364655 0.098631
v -2.064439 0.313311 0.119899
v 1.614326 0.398092 0.084781
v -0.836439 0.392476 0.087107
v -0.964439 0.336833 0.110156
v -0.977240 0.364655 0.098631
v -1.086439 0.336833 0.110156
v -2.064439 0.398092 0.084781
v -0.964439 0.392476 0.087107
v -1.073639 0.364655 0.098631
v -1.086439 0.392478 0.087107
v -1.214441 0.392478 0.087107
v -1.323640 0.364655 0.098631
v -1.336440 0.392478 0.087107
v -1.464441 0.392478 0.087107
v -1.573640 0.364655 0.098631
v -1.586440 0.392478 0.087107
v -1.714441 0.392478 0.087107
v -1.823640 0.364655 0.098631
v -1.836440 0.392478 0.087107
v -1.964440 0.392478 0.087107
v -1.977240 0.364655 0.098631
v -0.977240 0.364655 0.098631
v -1.073639 0.364655 0.098631
v -1.086439 0.336833 0.110156
v -0.964439 0.392476 0.087107
v -1.714441 0.392478 0.087107
v -1.823640 0.364655 0.098631
v -1.727240 0.364655 0.098631
v -1.836440 0.336833 0.110156
v -1.214441 0.392478 0.087107
v -1.323640 0.364655 0.098631
v -1.227240 0.364655 0.098631
v -1.336440 0.336833 0.110156
v -1.464441 0.392478 0.087107
v -1.573640 0.364655 0.098631
v -1.477240 0.364655 0.098631
v -1.586440 0.336833 0.110156
v -2.064439 0.313311 0.119899
v -1.586440 0.336833 0.110156
v -1.714441 0.336833 0.110156
v -1.464441 0.336833 0.110156
v -1.336440 0.336833 0.110156
v -1.214441 0.336833 0.110156
v -1.086439 0.336833 0.110156
v -1.727240 0.364655 0.098631
v -1.836440 0.336833 0.110156
v -1.714441 0.336833 0.110156
v -1.964440 0.336833 0.110156
v -1.464441 0.336833 0.110156
v -1.586440 0.336833 0.110156
v -1.477240 0.364655 0.098631
v -1.336440 0.336833 0.110156
v -1.214441 0.336833 0.110156
v -1.227240 0.364655 0.098631
v -2.064439 0.398092 0.084781
v -1.086439 0.392478 0.087107
v -0.964439 0.392476 0.087107
v -1.714441 0.392478 0.087107
v -1.836440 0.392478 0.087107
v -1.586440 0.392478 0.087107
v -1.464441 0.392478 0.087107
v -1.336440 0.392478 0.087107
v -1.214441 0.392478 0.087107
v -1.964440 0.226638 -0.080215
v -2.064439 0.228530 -0.084781
v -1.977240 0.252875 -0.094865
v -0.686485 0.198311 -0.097119
v -0.686485 0.198311 0.097119
v -0.686485 0.264021 -0.097119
v -0.686485 0.264021 0.097119
v -0.586485 0.090985 0.097119
v -0.586485 0.090985 -0.097119
v 0.047108 -0.027243 0.097119
v 0.047108 -0.027243 -0.097119
v 0.108167 0.003527 -0.097119
v 0.108167 0.003527 0.097119
v 0.108167 0.264021 -0.097119
v -0.586485 0.090985 -0.097119
v -0.686485 0.264021 -0.097119
v -0.686485 0.198311 -0.097119
v 0.047108 -0.027243 -0.097119
v 0.108167 0.003527 -0.097119
v -0.977240 0.364655 -0.098631
v -1.073639 0.364655 -0.098631
v -0.964439 0.392476 -0.087107
v -1.086439 0.336833 -0.110156
v -1.823640 0.364655 -0.098631
v -1.714441 0.392478 -0.087107
v -1.727240 0.364655 -0.098631
v -1.836440 0.336833 -0.110156
v -1.323640 0.364655 -0.098631
v -1.214441 0.392478 -0.087107
v -1.227240 0.364655 -0.098631
v -1.336440 0.336833 -0.110156
v -1.573640 0.364655 -0.098631
v -1.464441 0.392478 -0.087107
v -1.477240 0.364655 -0.098631
v -1.586440 0.336833 -0.110156
v -1.714441 0.336833 -0.110156
v -1.836440 0.336833 -0.110156
v -1.727240 0.364655 -0.098631
v -1.964440 0.336833 -0.110156
v -1.336440 0.336833 -0.110156
v -1.214441 0.336833 -0.110156
v -1.227240 0.364655 -0.098631
v -1.464441 0.336833 -0.110156
v -1.586440 0.336833 -0.110156
v -1.477240 0.364655 -0.098631
v -1.586440 0.336833 -0.110156
v -2.064439 0.313311 -0.119899
v -1.714441 0.336833 -0.110156
v -1.464441 0.336833 -0.110156
v -1.336440 0.336833 -0.110156
v -1.214441 0.336833 -0.110156
v -1.086439 0.336833 -0.110156
v -0.964439 0.336833 -0.110156
v -0.140439 0.313311 -0.119899
v -1.086439 0.392478 -0.087107
v -2.064439 0.398092 -0.084781
v -0.964439 0.392476 -0.087107
v -1.714441 0.392478 -0.087107
v -1.836440 0.392478 -0.087107
v -1.586440 0.392478 -0.087107
v -1.464441 0.392478 -0.087107
v -1.336440 0.392478 -0.087107
v -1.214441 0.392478 -0.087107
v 0.639936 0.102405 0.087407
v 0.064748 0.182404 0.087407
v 0.064748 0.102405 0.087407
v 0.754936 0.182404 0.087407
v 0.729935 0.264021 0.087407
v 0.064748 0.264021 0.087407
v 1.599560 -0.023381 0.081278
v 1.509561 -0.193382 0.081278
v 1.609561 -0.193382 0.081278
v 1.519560 -0.023381 0.081278
v 1.599560 0.246619 0.097533
v 1.519560 0.246619 0.097533
v 1.399561 -0.023381 0.081278
v 1.219560 -0.153381 0.081278
v 1.099560 0.036618 0.081278
v 1.139561 -0.153381 0.081278
v 0.989561 -0.073382 0.081278
v 1.009561 0.226619 0.081278
v 0.849560 0.226619 0.081278
v 1.074771 -0.187365 0.081278
v 0.974351 -0.129399 0.081278
v 1.007938 -0.184281 0.081278
v 0.639935 0.102405 -0.087407
v 0.064748 0.182404 -0.087407
v 0.754935 0.182404 -0.087407
v 0.064748 0.102405 -0.087407
v 0.729935 0.264021 -0.087407
v 0.064748 0.264021 -0.087407
v 0.632302 -0.200447 0.079666
v 0.287909 0.129226 0.079666
v 0.380009 -0.260126 0.079666
v 0.540199 0.188906 0.079666
v 0.632302 -0.200447 0.079666
v 0.380009 -0.260126 0.079666
v 0.638640 -0.227244 0.079666
v 0.359551 -0.293264 0.079666
v 0.638640 -0.227244 0.079666
v 0.372230 -0.346861 0.079666
v 0.651320 -0.280843 0.079666
v 0.359551 -0.293264 0.079666
v 1.509561 -0.193382 -0.081278
v 1.519560 -0.023381 -0.081278
v 1.599560 -0.023381 -0.081278
v 1.609561 -0.193382 -0.081278
v 1.519560 0.246619 -0.097533
v 1.599560 0.246619 -0.097533
v 1.399561 -0.023381 -0.081278
v 1.219560 -0.153381 -0.081278
v 1.099560 0.036618 -0.081278
v 1.139561 -0.153381 -0.081278
v 0.989561 -0.073382 -0.081278
v 1.009561 0.226619 -0.081278
v 0.849560 0.226619 -0.081278
v 1.074771 -0.187365 -0.081278
v 0.974351 -0.129399 -0.081278
v 1.007938 -0.184281 -0.081278
v 0.632302 -0.200447 -0.079666
v 0.287909 0.129226 -0.079666
v 0.540199 0.188906 -0.079666
v 0.380009 -0.260126 -0.079666
v 0.638640 -0.227244 -0.079666
v 0.380009 -0.260126 -0.079666
v 0.632302 -0.200447 -0.079666
v 0.359551 -0.293264 -0.079666
v 0.651320 -0.280843 -0.079666
v 0.372230 -0.346861 -0.079666
v 0.638640 -0.227244 -0.079666
v 0.359551 -0.293264 -0.079666
v -2.064439 0.433210 -0.000000
v 1.614326 0.433210 -0.000000
v -2.064439 0.398092 0.084781
v -2.064439 0.313311 0.119899
v -1.977240 0.364655 0.098631
v -1.964440 0.336833 0.110156
v -2.064439 0.398092 -0.084781
v -1.977240 0.364655 -0.098631
v -2.064439 0.313311 -0.119899
v -1.964440 0.336833 -0.110156
v 1.614326 0.398092 -0.084781
v -2.064439 0.433210 -0.000000
v 1.614326 0.433210 -0.000000
v -3.565430 0.273342 0.039969
v -0.724685 0.273342 0.039969
v -0.724685 0.313311 0.056525
v -3.565430 0.313311 0.056525
v -3.565430 0.256786 -0.000000
v -0.724685 0.256786 -0.000000
v -3.565430 0.273342 -0.039969
v -0.724685 0.273342 -0.039969
v -3.565430 0.313311 -0.056525
v -0.724685 0.313311 -0.056525
v -3.565430 0.353280 -0.039969
v -0.724685 0.353280 -0.039969
v -3.565430 0.369836 -0.000000
v -0.724685 0.369836 -0.000000
v -3.565430 0.353280 0.039969
v -0.724685 0.353280 0.039969
v -3.565430 0.313311 0.056525
v -0.724685 0.313311 0.056525
v 0.753164 0.337086 -0.010224
v 0.539264 0.337086 -0.010224
v 0.753164 0.337086 -0.110051
v 0.539264 0.337086 -0.110051
v -1.586440 0.281019 -0.106523
v -1.714441 0.293106 -0.087550
v -1.714441 0.281019 -0.106523
v -1.586440 0.293106 -0.087550
v -1.336440 0.281019 -0.106523
v -1.464441 0.293106 -0.087550
v -1.464441 0.281019 -0.106523
v -1.336440 0.293106 -0.087550
v -1.086439 0.281019 -0.106523
v -1.214441 0.293106 -0.087550
v -1.214441 0.281019 -0.106523
v -1.086439 0.293106 -0.087550
v -0.836439 0.281019 -0.106523
v -0.964439 0.293106 -0.087550
v -0.964439 0.281019 -0.106523
v -0.836439 0.293106 -0.087550
v -1.836440 0.281019 -0.106523
v -1.964440 0.293106 -0.087550
v -1.964440 0.281019 -0.106523
v -1.836440 0.293106 -0.087550
v -0.836439 0.381714 0.066430
v -0.964439 0.392476 0.087107
v -0.964439 0.381714 0.066430
v -0.836439 0.392476 0.087107
v -0.964439 0.281019 0.106523
v -0.977240 0.264962 0.075892
v -0.964439 0.293106 0.087550
v -0.977240 0.252875 0.094865
v -0.836439 0.281019 0.106523
v -0.836439 0.293106 0.087550
v -0.140439 0.377086 -0.010224
v 0.389003 0.377086 -0.010224
v 0.389003 0.282203 -0.010224
v -0.140439 0.282203 -0.010224
v 0.539264 0.337086 -0.010224
v 0.539264 0.282203 -0.010224
v 0.753164 0.337086 -0.010224
v 0.539264 0.282203 -0.010224
v 0.779561 0.282203 -0.010224
v 0.779561 0.314730 -0.010224
v -1.586440 0.381714 -0.066430
v -1.714441 0.392478 -0.087107
v -1.586440 0.392478 -0.087107
v -1.714441 0.381714 -0.066430
v -1.336440 0.381714 -0.066430
v -1.464441 0.392478 -0.087107
v -1.336440 0.392478 -0.087107
v -1.464441 0.381714 -0.066430
v -1.214441 0.392478 -0.087107
v -1.086439 0.392478 -0.087107
v -1.086439 0.381714 -0.066430
v -1.214441 0.381714 -0.066430
v -0.836439 0.381714 -0.066430
v -0.964439 0.392476 -0.087107
v -0.836439 0.392476 -0.087107
v -0.964439 0.381714 -0.066430
v -1.836440 0.381714 -0.066430
v -1.964440 0.392478 -0.087107
v -1.836440 0.392478 -0.087107
v -1.964440 0.381714 -0.066430
v 0.389003 0.377086 -0.010224
v -0.140439 0.377086 -0.010224
v 0.389003 0.377086 -0.093482
v -0.140439 0.377086 -0.093482
v -0.964439 0.281019 -0.106523
v -0.977240 0.264962 -0.075892
v -0.977240 0.252875 -0.094865
v -0.964439 0.293106 -0.087550
v -1.214441 0.281019 0.106523
v -1.227240 0.264962 0.075892
v -1.214441 0.293106 0.087550
v -1.227240 0.252875 0.094865
v -1.086439 0.281019 0.106523
v -1.086439 0.293106 0.087550
v -1.464441 0.381714 -0.066430
v -2.033320 0.409229 -0.000000
v -1.586440 0.381714 -0.066430
v -1.464933 0.381136 -0.067825
v -1.585946 0.381136 -0.067825
v -1.714441 0.381714 -0.066430
v -1.336440 0.381714 -0.066430
v -1.836440 0.381714 -0.066430
v -1.714933 0.381136 -0.067825
v -1.835946 0.381136 -0.067825
v -1.964440 0.381714 -0.066430
v -2.033320 0.381136 -0.067825
v -1.964933 0.381136 -0.067825
v -0.713334 0.409229 -0.000000
v -1.214933 0.381136 -0.067825
v -1.335946 0.381136 -0.067825
v -1.214441 0.381714 -0.066430
v -1.086439 0.381714 -0.066430
v -0.964933 0.381136 -0.067825
v -1.085946 0.381136 -0.067825
v -0.964439 0.381714 -0.066430
v -0.836439 0.381714 -0.066430
v -0.713334 0.381136 -0.067825
v -0.835946 0.381136 -0.067825
v -1.086439 0.381714 0.066430
v -0.713334 0.409229 -0.000000
v -0.964439 0.381714 0.066430
v -0.964933 0.381136 0.067825
v -1.085946 0.381136 0.067825
v -0.836439 0.381714 0.066430
v -1.214441 0.381714 0.066430
v -0.713334 0.381136 0.067825
v -0.835946 0.381136 0.067825
v -1.336440 0.381714 0.066430
v -1.214933 0.381136 0.067825
v -1.335946 0.381136 0.067825
v -2.033320 0.409229 -0.000000
v -1.464441 0.381714 0.066430
v -1.586440 0.381714 0.066430
v -1.464933 0.381136 0.067825
v -1.585946 0.381136 0.067825
v -1.714441 0.381714 0.066430
v -1.836440 0.381714 0.066430
v -1.714933 0.381136 0.067825
v -1.835946 0.381136 0.067825
v -1.964440 0.381714 0.066430
v -2.033320 0.381136 0.067825
v -1.964933 0.381136 0.067825
v -0.964439 0.392476 -0.087107
v -0.964933 0.381136 -0.067825
v -0.977240 0.364655 -0.098631
v -0.964439 0.381714 -0.066430
v -0.977240 0.354385 -0.078905
v -0.964439 0.336833 -0.110156
v -0.964439 0.326564 -0.090429
v -0.964439 0.381714 0.066430
v -0.964439 0.392476 0.087107
v -0.964933 0.381136 0.067825
v -0.977240 0.364655 0.098631
v -0.977240 0.354385 0.078905
v -0.964439 0.336833 0.110156
v -0.964439 0.326564 0.090429
v -1.714441 0.336833 -0.110156
v -1.586440 0.326564 -0.090429
v -1.586440 0.336833 -0.110156
v -1.714441 0.326564 -0.090429
v -1.464441 0.336833 -0.110156
v -1.336440 0.326564 -0.090429
v -1.336440 0.336833 -0.110156
v -1.464441 0.326564 -0.090429
v -1.214441 0.336833 -0.110156
v -1.086439 0.326564 -0.090429
v -1.086439 0.336833 -0.110156
v -1.214441 0.326564 -0.090429
v -0.964439 0.336833 -0.110156
v -0.836439 0.326564 -0.090429
v -0.836439 0.336833 -0.110156
v -0.964439 0.326564 -0.090429
v -1.964440 0.336833 -0.110156
v -1.836440 0.326564 -0.090429
v -1.836440 0.336833 -0.110156
v -1.964440 0.326564 -0.090429
v -1.586440 0.241170 0.057405
v -1.714441 0.241170 0.057405
v -1.714441 0.226638 0.080215
v -1.586440 0.226638 0.080215
v -1.336440 0.241170 0.057405
v -1.464441 0.241170 0.057405
v -1.464441 0.226638 0.080215
v -1.336440 0.226638 0.080215
v -1.214441 0.241170 0.057405
v -1.086439 0.226638 0.080214
v -1.086439 0.241170 0.057405
v -1.214441 0.226638 0.080215
v -0.836439 0.241170 0.057405
v -0.964439 0.241170 0.057405
v -0.964439 0.226638 0.080214
v -0.836439 0.226638 0.080214
v -1.836440 0.241170 0.057405
v -1.964440 0.241170 0.057405
v -1.964440 0.226638 0.080215
v -1.836440 0.226638 0.080215
v -0.979673 0.784215 -0.089361
v -0.979673 0.833868 -0.000000
v -0.979673 0.821229 -0.000000
v -0.979673 0.784215 0.089361
v -0.979673 0.793152 -0.098297
v -0.979673 0.793152 0.098297
v -0.979673 0.694853 0.139013
v -0.979673 0.694853 0.126376
v -0.979673 0.694853 -0.139013
v -0.979673 0.694853 -0.126376
v -0.979673 0.596556 -0.098297
v -0.979673 0.605493 -0.089361
v -0.979673 0.555841 -0.000000
v -0.979673 0.568479 -0.000000
v -0.979673 0.605493 0.089361
v -0.979673 0.596556 0.098297
v -0.979673 0.694853 0.126376
v -0.979673 0.694853 0.139013
v -1.714441 0.226638 -0.080215
v -1.586440 0.241170 -0.057405
v -1.586440 0.226638 -0.080215
v -1.714441 0.241170 -0.057405
v -1.464441 0.226638 -0.080215
v -1.336440 0.241170 -0.057405
v -1.336440 0.226638 -0.080215
v -1.464441 0.241170 -0.057405
v -1.086439 0.226638 -0.080214
v -1.214441 0.241170 -0.057405
v -1.086439 0.241170 -0.057405
v -1.214441 0.226638 -0.080215
v -0.964439 0.226638 -0.080214
v -0.836439 0.241170 -0.057405
v -0.836439 0.226638 -0.080214
v -0.964439 0.241170 -0.057405
v -1.964440 0.226638 -0.080215
v -1.836440 0.241170 -0.057405
v -1.836440 0.226638 -0.080215
v -1.964440 0.241170 -0.057405
v -1.586440 0.326564 0.090429
v -1.714441 0.326564 0.090429
v -1.714441 0.336833 0.110156
v -1.586440 0.336833 0.110156
v -1.336440 0.326564 0.090429
v -1.464441 0.326564 0.090429
v -1.464441 0.336833 0.110156
v -1.336440 0.336833 0.110156
v -1.214441 0.336833 0.110156
v -1.086439 0.326564 0.090429
v -1.214441 0.326564 0.090429
v -1.086439 0.336833 0.110156
v -0.836439 0.326564 0.090429
v -0.964439 0.326564 0.090429
v -0.964439 0.336833 0.110156
v -0.836439 0.336833 0.110156
v -1.836440 0.326564 0.090429
v -1.964440 0.326564 0.090429
v -1.964440 0.336833 0.110156
v -1.836440 0.336833 0.110156
v -0.964439 0.226638 0.080214
v -0.977240 0.264962 0.075892
v -0.977240 0.252875 0.094865
v -0.964439 0.241170 0.057405
v -1.227240 0.354385 -0.078905
v -1.323640 0.354385 -0.078905
v -1.214441 0.326564 -0.090429
v -1.214933 0.381136 -0.067825
v -1.335946 0.381136 -0.067825
v -1.336440 0.326564 -0.090429
v -0.713334 0.313311 -0.095919
v -1.086439 0.326564 -0.090429
v -2.033320 0.313311 -0.095919
v -1.464441 0.326564 -0.090429
v -0.964439 0.326564 -0.090429
v -0.836439 0.326564 -0.090429
v -0.977240 0.354385 -0.078905
v -0.823639 0.354385 -0.078905
v -0.713334 0.381136 -0.067825
v -0.835946 0.381136 -0.067825
v -1.073639 0.354385 -0.078905
v -0.964933 0.381136 -0.067825
v -1.085946 0.381136 -0.067825
v -1.573640 0.354385 -0.078905
v -1.477240 0.354385 -0.078905
v -1.464933 0.381136 -0.067825
v -1.585946 0.381136 -0.067825
v -1.586440 0.326564 -0.090429
v -1.714441 0.326564 -0.090429
v -1.836440 0.326564 -0.090429
v -1.964440 0.326564 -0.090429
v -1.823640 0.354385 -0.078905
v -1.977240 0.354385 -0.078905
v -2.033320 0.381136 -0.067825
v -1.964933 0.381136 -0.067825
v -1.727240 0.354385 -0.078905
v -1.714933 0.381136 -0.067825
v -1.835946 0.381136 -0.067825
v -0.964439 0.226638 -0.080214
v -0.977240 0.264962 -0.075892
v -0.964439 0.241170 -0.057405
v -0.977240 0.252875 -0.094865
v 0.389003 0.282203 -0.107014
v -0.140439 0.282203 -0.107014
v -0.140439 0.282203 -0.010224
v 0.389003 0.282203 -0.010224
v 0.779561 0.282203 -0.107014
v 0.539264 0.282203 -0.107014
v 0.539264 0.282203 -0.010224
v 0.779561 0.282203 -0.010224
v 0.539264 0.282203 -0.107014
v 0.389003 0.282203 -0.107014
v 0.389003 0.282203 -0.010224
v 0.539264 0.282203 -0.010224
v -2.033320 0.381136 0.067825
v -1.977240 0.354385 0.078905
v -2.033320 0.313311 0.095919
v -1.964933 0.381136 0.067825
v -1.964440 0.326564 0.090429
v -1.836440 0.326564 0.090429
v -1.714441 0.326564 0.090429
v -1.823640 0.354385 0.078905
v -1.727240 0.354385 0.078905
v -1.714933 0.381136 0.067825
v -1.835946 0.381136 0.067825
v -1.586440 0.326564 0.090429
v -1.464441 0.326564 0.090429
v -1.573640 0.354385 0.078905
v -1.336440 0.326564 0.090429
v -1.477240 0.354385 0.078905
v -1.464933 0.381136 0.067825
v -1.585946 0.381136 0.067825
v -0.713334 0.313311 0.095919
v -1.214441 0.326564 0.090429
v -1.323640 0.354385 0.078905
v -1.227240 0.354385 0.078905
v -1.214933 0.381136 0.067825
v -1.335946 0.381136 0.067825
v -1.086439 0.326564 0.090429
v -0.964439 0.326564 0.090429
v -0.977240 0.354385 0.078905
v -0.836439 0.326564 0.090429
v -1.073639 0.354385 0.078905
v -0.964933 0.381136 0.067825
v -1.085946 0.381136 0.067825
v -0.823639 0.354385 0.078905
v -0.713334 0.381136 0.067825
v -0.835946 0.381136 0.067825
v -0.836439 0.381714 -0.066430
v -0.836439 0.392476 -0.087107
v -0.835946 0.381136 -0.067825
v -0.823639 0.364655 -0.098631
v -0.823639 0.354385 -0.078905
v -0.836439 0.336833 -0.110156
v -0.836439 0.326564 -0.090429
v -0.823639 0.364655 0.098631
v -0.835946 0.381136 0.067825
v -0.823639 0.354385 0.078905
v -0.836439 0.392476 0.087107
v -0.836439 0.381714 0.066430
v -0.836439 0.336833 0.110156
v -0.836439 0.326564 0.090429
v -0.823639 0.264962 -0.075892
v -0.836439 0.281019 -0.106523
v -0.823639 0.252875 -0.094865
v -0.836439 0.293106 -0.087550
v -0.836439 0.226638 -0.080214
v -0.823639 0.264962 -0.075892
v -0.836439 0.241170 -0.057405
v -0.823639 0.264962 0.075892
v -0.836439 0.281019 0.106523
v -0.836439 0.293106 0.087550
v -0.823639 0.252875 0.094865
v -0.823639 0.264962 0.075892
v -0.836439 0.226638 0.080214
v -0.836439 0.241170 0.057405
v -1.214441 0.381714 0.066430
v -1.214441 0.392478 0.087107
v -1.214933 0.381136 0.067825
v -1.086439 0.381714 0.066430
v -1.086439 0.392478 0.087107
v -1.227240 0.364655 0.098631
v -1.227240 0.354385 0.078905
v -1.214441 0.336833 0.110156
v -1.214441 0.326564 0.090429
v -1.464441 0.281019 0.106523
v -1.477240 0.264962 0.075892
v -1.464441 0.293106 0.087550
v -1.477240 0.252875 0.094865
v -1.336440 0.281019 0.106523
v -1.336440 0.293106 0.087550
v -1.964440 0.293106 -0.087550
v -1.836440 0.293106 -0.087550
v -2.033320 0.313311 -0.095919
v -1.977240 0.264962 -0.075892
v -2.033320 0.245486 -0.067825
v -1.964440 0.241170 -0.057405
v -1.714441 0.293106 -0.087550
v -1.823640 0.264962 -0.075892
v -1.727240 0.264962 -0.075892
v -1.714441 0.241170 -0.057405
v -1.836440 0.241170 -0.057405
v -1.586440 0.293106 -0.087550
v -1.464441 0.293106 -0.087550
v -1.573640 0.264962 -0.075892
v -1.336440 0.293106 -0.087550
v -1.477240 0.264962 -0.075892
v -1.464441 0.241170 -0.057405
v -1.586440 0.241170 -0.057405
v -0.713334 0.313311 -0.095919
v -1.214441 0.293106 -0.087550
v -1.323640 0.264962 -0.075892
v -1.227240 0.264962 -0.075892
v -1.214441 0.241170 -0.057405
v -1.336440 0.241170 -0.057405
v -1.086439 0.293106 -0.087550
v -0.964439 0.293106 -0.087550
v -0.836439 0.293106 -0.087550
v -0.977240 0.264962 -0.075892
v -0.823639 0.264962 -0.075892
v -0.713334 0.245486 -0.067825
v -0.836439 0.241170 -0.057405
v -1.073639 0.264962 -0.075892
v -1.086439 0.241170 -0.057405
v -0.964439 0.241170 -0.057405
v -1.227240 0.264962 0.075892
v -1.323640 0.264962 0.075892
v -1.214441 0.293106 0.087550
v -1.214441 0.241170 0.057405
v -1.336440 0.241170 0.057405
v -1.336440 0.293106 0.087550
v -0.713334 0.313311 0.095919
v -1.086439 0.293106 0.087550
v -2.033320 0.313311 0.095919
v -1.464441 0.293106 0.087550
v -0.964439 0.293106 0.087550
v -0.836439 0.293106 0.087550
v -0.977240 0.264962 0.075892
v -0.823639 0.264962 0.075892
v -0.713334 0.245486 0.067825
v -0.836439 0.241170 0.057405
v -1.073639 0.264962 0.075892
v -1.086439 0.241170 0.057405
v -0.964439 0.241170 0.057405
v -1.573640 0.264962 0.075892
v -1.477240 0.264962 0.075892
v -1.464441 0.241170 0.057405
v -1.586440 0.241170 0.057405
v -1.586440 0.293106 0.087550
v -1.714441 0.293106 0.087550
v -1.836440 0.293106 0.087550
v -1.964440 0.293106 0.087550
v -1.823640 0.264962 0.075892
v -1.977240 0.264962 0.075892
v -2.033320 0.245486 0.067825
v -1.964440 0.241170 0.057405
v -1.727240 0.264962 0.075892
v -1.714441 0.241170 0.057405
v -1.836440 0.241170 0.057405
v -1.336440 0.241170 -0.057405
v -2.033322 0.217392 -0.000000
v -0.713334 0.217392 -0.000000
v -1.214441 0.241170 -0.057405
v -1.086439 0.241170 -0.057405
v -0.964439 0.241170 -0.057405
v -0.836439 0.241170 -0.057405
v -0.713334 0.245486 -0.067825
v -1.464441 0.241170 -0.057405
v -1.586440 0.241170 -0.057405
v -1.714441 0.241170 -0.057405
v -1.836440 0.241170 -0.057405
v -1.964440 0.241170 -0.057405
v -2.033320 0.245486 -0.067825
v -1.336440 0.241170 0.057405
v -0.713334 0.217392 -0.000000
v -2.033322 0.217392 -0.000000
v -1.214441 0.241170 0.057405
v -1.086439 0.241170 0.057405
v -0.964439 0.241170 0.057405
v -0.836439 0.241170 0.057405
v -0.713334 0.245486 0.067825
v -1.464441 0.241170 0.057405
v -1.586440 0.241170 0.057405
v -1.714441 0.241170 0.057405
v -1.836440 0.241170 0.057405
v -1.964440 0.241170 0.057405
v -2.033320 0.245486 0.067825
v -1.714441 0.281019 0.106523
v -1.727240 0.264962 0.075892
v -1.714441 0.293106 0.087550
v -1.727240 0.252875 0.094865
v -1.586440 0.281019 0.106523
v -1.586440 0.293106 0.087550
v -1.964440 0.381714 0.066430
v -1.964440 0.392478 0.087107
v -1.964933 0.381136 0.067825
v -1.836440 0.381714 0.066430
v -1.836440 0.392478 0.087107
v -1.977240 0.364655 0.098631
v -1.977240 0.354385 0.078905
v -1.464441 0.381714 0.066430
v -1.464441 0.392478 0.087107
v -1.464933 0.381136 0.067825
v -1.336440 0.381714 0.066430
v -1.336440 0.392478 0.087107
v -1.477240 0.364655 0.098631
v -1.477240 0.354385 0.078905
v -1.464441 0.336833 0.110156
v -1.464441 0.326564 0.090429
v -1.964440 0.281019 0.106523
v -1.977240 0.264962 0.075892
v -1.964440 0.293106 0.087550
v -1.977240 0.252875 0.094865
v -1.836440 0.281019 0.106523
v -1.836440 0.293106 0.087550
v -0.713334 0.409229 -0.000000
v -0.713334 0.217392 -0.000000
v -0.713334 0.313311 0.095919
v -0.713334 0.245486 0.067825
v -0.713334 0.381136 0.067825
v -0.713334 0.313311 -0.095919
v -0.713334 0.245486 -0.067825
v -0.713334 0.381136 -0.067825
v -1.214441 0.281019 -0.106523
v -1.227240 0.264962 -0.075892
v -1.227240 0.252875 -0.094865
v -1.214441 0.293106 -0.087550
v -1.714441 0.381714 0.066430
v -1.714441 0.392478 0.087107
v -1.714933 0.381136 0.067825
v -1.586440 0.381714 0.066430
v -1.586440 0.392478 0.087107
v -1.727240 0.364655 0.098631
v -1.727240 0.354385 0.078905
v -1.714441 0.336833 0.110156
v -1.714441 0.326564 0.090429
v -1.214441 0.226638 0.080215
v -1.227240 0.264962 0.075892
v -1.227240 0.252875 0.094865
v -1.214441 0.241170 0.057405
v -1.214441 0.226638 -0.080215
v -1.227240 0.264962 -0.075892
v -1.214441 0.241170 -0.057405
v -1.227240 0.252875 -0.094865
v -1.214441 0.392478 -0.087107
v -1.214933 0.381136 -0.067825
v -1.227240 0.364655 -0.098631
v -1.214441 0.381714 -0.066430
v -1.227240 0.354385 -0.078905
v -1.214441 0.336833 -0.110156
v -1.214441 0.326564 -0.090429
v 0.705734 0.582679 -0.000000
v 0.834287 0.615534 0.079319
v 0.834287 0.582679 -0.000000
v 0.705734 0.615534 0.079319
v 0.834287 0.694853 0.112174
v 0.705734 0.694853 0.112174
v 0.705734 0.615534 -0.079319
v 0.834287 0.615534 -0.079319
v 0.705734 0.694853 -0.112174
v 0.834287 0.694853 -0.112174
v 0.705734 0.774173 -0.079319
v 0.834287 0.774173 -0.079319
v 0.705734 0.807029 -0.000000
v 0.834287 0.807029 -0.000000
v 0.705734 0.774173 0.079319
v 0.834287 0.774173 0.079319
v 0.705734 0.694853 0.112174
v 0.834287 0.694853 0.112174
v 0.389003 0.377086 -0.093482
v 0.539264 0.337086 -0.110051
v 0.539264 0.337086 -0.010224
v 0.389003 0.377086 -0.010224
v 1.399561 -0.023381 -0.081278
v 1.399561 -0.023381 0.081278
v 1.519560 -0.023381 -0.081278
v 1.519560 -0.023381 0.081278
v 1.099560 0.036618 -0.081278
v 1.099560 0.036618 0.081278
v 1.009561 0.226619 -0.081278
v 1.009561 0.226619 0.081278
v 1.519560 -0.023381 0.081278
v 1.519560 0.246619 0.097533
v 1.519560 0.246619 -0.097533
v -1.464441 0.281019 -0.106523
v -1.477240 0.264962 -0.075892
v -1.477240 0.252875 -0.094865
v -1.464441 0.293106 -0.087550
v -1.464441 0.226638 -0.080215
v -1.477240 0.264962 -0.075892
v -1.464441 0.241170 -0.057405
v -1.477240 0.252875 -0.094865
v -1.464441 0.226638 0.080215
v -1.477240 0.264962 0.075892
v -1.477240 0.252875 0.094865
v -1.464441 0.241170 0.057405
v -1.464441 0.392478 -0.087107
v -1.464933 0.381136 -0.067825
v -1.477240 0.364655 -0.098631
v -1.464441 0.381714 -0.066430
v -1.477240 0.354385 -0.078905
v -1.464441 0.336833 -0.110156
v -1.464441 0.326564 -0.090429
v 0.989561 -0.073382 -0.081278
v 0.849560 0.226619 0.081278
v 0.849560 0.226619 -0.081278
v 0.989561 -0.073382 0.081278
v 0.974351 -0.129399 -0.081278
v 0.974351 -0.129399 0.081278
v 1.007938 -0.184281 -0.081278
v 1.007938 -0.184281 0.081278
v 1.074771 -0.187365 -0.081278
v 1.074771 -0.187365 0.081278
v 1.139561 -0.153381 -0.081278
v 1.139561 -0.153381 0.081278
v 1.219560 -0.153381 -0.081278
v 1.219560 -0.153381 0.081278
v 1.509561 -0.193382 -0.081278
v 1.509561 -0.193382 0.081278
v 1.609561 -0.193382 -0.081278
v 1.609561 -0.193382 0.081278
v -1.714441 0.281019 -0.106523
v -1.727240 0.264962 -0.075892
v -1.727240 0.252875 -0.094865
v -1.714441 0.293106 -0.087550
v -1.714441 0.226638 -0.080215
v -1.727240 0.264962 -0.075892
v -1.714441 0.241170 -0.057405
v -1.727240 0.252875 -0.094865
v -1.714441 0.226638 0.080215
v -1.727240 0.264962 0.075892
v -1.727240 0.252875 0.094865
v -1.714441 0.241170 0.057405
v -1.714441 0.392478 -0.087107
v -1.714933 0.381136 -0.067825
v -1.727240 0.364655 -0.098631
v -1.714441 0.381714 -0.066430
v -1.727240 0.354385 -0.078905
v -1.714441 0.336833 -0.110156
v -1.714441 0.326564 -0.090429
v -1.964440 0.392478 -0.087107
v -1.964933 0.381136 -0.067825
v -1.977240 0.364655 -0.098631
v -1.977240 0.354385 -0.078905
v -1.964440 0.381714 -0.066430
v -1.964440 0.281019 -0.106523
v -1.977240 0.264962 -0.075892
v -1.977240 0.252875 -0.094865
v -1.964440 0.293106 -0.087550
v -1.977240 0.354385 -0.078905
v -1.964440 0.336833 -0.110156
v -1.977240 0.364655 -0.098631
v -1.964440 0.326564 -0.090429
v -1.964440 0.226638 -0.080215
v -1.977240 0.264962 -0.075892
v -1.964440 0.241170 -0.057405
v -1.977240 0.252875 -0.094865
v -1.977240 0.354385 0.078905
v -1.964440 0.336833 0.110156
v -1.964440 0.326564 0.090429
v -1.977240 0.364655 0.098631
v -1.964440 0.226638 0.080215
v -1.977240 0.264962 0.075892
v -1.977240 0.252875 0.094865
v -1.964440 0.241170 0.057405
v 0.779561 0.313311 -0.119899
v 0.779561 0.314730 -0.010224
v 0.753164 0.337086 -0.110051
v 0.753164 0.337086 -0.010224
v 0.372230 -0.346861 -0.079666
v 0.372230 -0.346861 0.079666
v 0.359551 -0.293264 -0.079666
v 0.359551 -0.293264 0.079666
v 0.380009 -0.260126 0.079666
v 0.287909 0.129226 0.079666
v 0.380009 -0.260126 -0.079666
v 0.287909 0.129226 -0.079666
v 0.359551 -0.293264 -0.079666
v 0.359551 -0.293264 0.079666
v 0.380009 -0.260126 -0.079666
v 0.380009 -0.260126 0.079666
v 0.703826 0.694853 -0.125534
v 0.332303 0.634184 -0.060670
v 0.332303 0.694853 -0.085800
v 0.332303 0.755523 -0.060670
v 0.703826 0.606087 -0.088766
v 0.703826 0.783620 -0.088766
v 0.703826 0.569319 -0.000000
v 0.703826 0.820388 -0.000000
v 0.332303 0.609054 -0.000000
v 0.332303 0.780653 -0.000000
v 0.332303 0.634184 0.060670
v 0.332303 0.755523 0.060670
v 0.703826 0.606087 0.088766
v 0.703826 0.694853 0.125534
v 0.332303 0.694853 0.085800
v 0.703826 0.783620 0.088766
v 0.703826 0.694853 0.125534
v 0.332303 0.694853 0.085800
v 0.703826 0.795153 -0.100299
v 0.703826 0.820388 -0.000000
v 0.703826 0.836697 -0.000000
v 0.703826 0.795153 0.100299
v 0.703826 0.783620 -0.088766
v 0.703826 0.783620 0.088766
v 0.703826 0.694853 0.141844
v 0.703826 0.694853 0.125534
v 0.703826 0.694853 -0.141844
v 0.703826 0.694853 -0.125534
v 0.703826 0.606087 -0.088766
v 0.703826 0.594554 -0.100299
v 0.703826 0.553009 -0.000000
v 0.703826 0.569319 -0.000000
v 0.703826 0.606087 0.088766
v 0.703826 0.594554 0.100299
v 0.703826 0.694853 0.141844
v 0.703826 0.694853 0.125534
v 0.779561 0.282203 -0.107014
v 0.779561 0.314730 -0.010224
v 0.779561 0.313311 -0.119899
v 0.779561 0.282203 -0.010224
vn -1.0000 0.0005 0.0005
vn -0.4556 0.8902 0.0005
vn -0.4556 0.6295 -0.6294
vn -1.0000 0.0005 0.0004
vn -0.4556 0.6294 -0.6295
vn -0.4556 0.0007 -0.8902
vn -1.0000 0.0005 0.0002
vn -0.4556 0.6295 0.6294
vn -0.4556 0.8902 0.0007
vn -0.4556 0.0007 0.8902
vn -0.4556 0.6294 0.6295
vn -0.4556 -0.6294 0.6295
vn -0.4556 0.0005 0.8902
vn -0.4556 -0.8902 0.0007
vn -0.4556 -0.6295 0.6294
vn -1.0000 0.0005 0.0007
vn -0.4556 -0.6295 -0.6294
vn -0.4556 -0.8902 0.0005
vn -1.0000 0.0002 0.0005
vn -0.4556 0.0003 -0.8902
vn -0.4556 -0.6294 -0.6295
vn -1.0000 0.0003 0.0005
vn 1.0000 0.0005 0.0005
vn 0.9451 -0.3268 0.0004
vn 0.5711 -0.8209 -0.0000
vn 0.9451 -0.3268 0.0005
vn 0.9562 0.2927 0.0003
vn 0.9562 0.2929 -0.0000
vn 0.9732 0.2301 0.0003
vn 0.9732 0.2300 0.0004
vn 0.9732 0.2299 0.0004
vn 0.9731 0.2302 -0.0000
vn -1.0000 -0.0000 -0.0000
vn 0.2301 -0.9732 0.0003
vn 0.2300 -0.9732 0.0004
vn 0.2300 -0.9732 0.0005
vn 0.2302 -0.9731 -0.0000
vn -0.3989 -0.8133 -0.4235
vn -0.5367 -0.7486 -0.3892
vn -0.9197 -0.3482 -0.1813
vn -0.9998 -0.0193 -0.0101
vn -0.9998 0.0194 0.0101
vn -0.5650 0.7321 0.3805
vn -0.5367 0.7487 0.3892
vn -0.9998 -0.0188 0.0103
vn -0.9197 -0.3483 0.1813
vn -0.9998 0.0191 -0.0103
vn -0.5367 -0.7486 0.3893
vn -0.3990 -0.8134 0.4234
vn -0.5650 0.7322 -0.3804
vn -0.5367 0.7487 -0.3892
vn -1.0000 -0.0083 0.0054
vn -0.5780 -0.6884 0.4382
vn -0.9996 0.0249 -0.0161
vn -0.5212 -0.7196 0.4588
vn -0.5416 0.7088 -0.4519
vn -0.5360 0.7119 -0.4539
vn -1.0000 -0.0083 -0.0054
vn -0.5780 -0.6884 -0.4383
vn -0.5212 -0.7196 -0.4588
vn -0.9996 0.0249 0.0161
vn -0.5417 0.7088 0.4519
vn -0.5360 0.7118 0.4539
vn 0.7071 0.7071 0.0005
vn 0.7808 -0.6248 0.0005
vn 0.7808 0.6248 0.0005
vn 0.7071 -0.7071 -0.0000
vn -0.3990 -0.8133 -0.4235
vn -0.9998 0.0191 0.0103
vn -0.5417 0.7088 -0.4519
vn -1.0000 -0.0083 0.0053
vn -0.9998 0.0194 -0.0101
vn -0.3989 -0.8133 0.4235
vn -0.9998 -0.0193 0.0101
vn -0.0000 -0.7071 0.7071
vn 0.0005 0.0003 1.0000
vn 0.0005 -1.0000 0.0005
vn -0.0000 -0.7071 -0.7071
vn 0.0005 0.0005 -1.0000
vn -0.0000 0.7071 -0.7071
vn 0.0005 1.0000 0.0005
vn -0.0000 0.7071 0.7071
vn 0.0005 0.0005 1.0000
vn 0.0005 -0.7071 0.7071
vn -0.0542 0.0005 0.9985
vn -0.0542 -0.7060 0.7061
vn 0.0003 -1.0000 0.0003
vn -0.0542 -0.7062 0.7060
vn -0.0542 -0.9985 0.0005
vn 0.0005 -0.7071 -0.7071
vn -0.0542 -0.7062 -0.7060
vn 0.0003 0.0003 -1.0000
vn -0.0542 -0.7060 -0.7061
vn -0.0542 0.0005 -0.9985
vn 0.0004 0.7071 -0.7071
vn -0.0542 0.7060 -0.7062
vn 0.0003 1.0000 0.0003
vn -0.0542 0.7062 -0.7060
vn -0.0542 0.9985 0.0005
vn 0.0006 0.7071 0.7071
vn -0.0542 0.7062 0.7059
vn -0.0542 0.7060 0.7062
vn 0.0892 0.7043 0.7043
vn 0.0445 0.0005 0.9990
vn 0.0894 0.0005 0.9960
vn 0.0441 0.7064 0.7064
vn 0.0441 0.9990 -0.0000
vn 0.0892 0.9960 -0.0000
vn 0.0892 0.7043 -0.7043
vn 0.0441 0.7064 -0.7064
vn 0.0444 0.0004 -0.9990
vn 0.0894 0.0005 -0.9960
vn 0.0898 -0.7043 -0.7043
vn 0.0441 -0.7064 -0.7064
vn 0.0441 -0.9990 -0.0000
vn 0.0892 -0.9960 -0.0000
vn 0.0892 -0.7043 0.7043
vn 0.0441 -0.7064 0.7064
vn 0.0005 0.0004 1.0000
vn 0.0445 0.0004 0.9990
vn -0.3989 -0.8134 -0.4235
vn -0.5367 -0.7487 -0.3892
vn -0.9199 -0.3479 -0.1811
vn -0.9198 0.3481 0.1812
vn -0.5417 0.7088 -0.4518
vn -0.9998 -0.0194 0.0101
vn -0.9199 -0.3479 0.1811
vn -0.5367 -0.7487 0.3892
vn -0.9196 0.3486 -0.1812
vn -0.9198 0.3481 -0.1812
vn -0.0000 0.0005 -1.0000
vn -0.0000 0.0004 -1.0000
vn 0.0005 0.0004 -1.0000
vn 0.0005 -0.8425 0.5387
vn 0.0083 -0.8418 0.5398
vn 0.0034 -0.7110 0.7032
vn 0.0005 -1.0000 0.0002
vn -0.0005 -0.8290 -0.5592
vn 0.0005 -1.0000 0.0004
vn -0.0005 -0.7125 -0.7017
vn 0.0005 -0.8425 -0.5387
vn 0.0005 -0.8285 0.5600
vn -0.0005 -0.7120 0.7022
vn -0.0005 -0.0074 1.0000
vn 0.0132 -0.4305 0.9025
vn -0.0005 -0.3963 0.9181
vn -0.0005 -0.4423 0.8969
vn -0.0005 -0.4431 -0.8965
vn 0.0083 -0.8418 -0.5398
vn 0.0034 -0.7120 -0.7022
vn -0.0005 -0.3983 -0.9173
vn 0.0132 -0.4313 -0.9021
vn 0.0034 -0.7119 -0.7023
vn -0.0005 -0.0083 -1.0000
vn -0.0005 -0.8289 -0.5593
vn -0.0005 -0.7124 -0.7018
vn -0.0005 0.0777 -0.9970
vn 0.0005 0.7071 -0.7071
vn -0.0000 0.3827 -0.9239
vn 0.0003 0.3826 -0.9239
vn 0.0005 0.3826 -0.9239
vn -0.0005 -0.0082 -1.0000
vn 0.0006 0.3826 -0.9239
vn 0.0007 0.3826 -0.9239
vn -0.0000 0.3828 -0.9238
vn 0.0083 -0.8417 0.5398
vn -0.0000 0.3827 0.9239
vn -0.0005 -0.0073 1.0000
vn 0.0005 0.3826 0.9239
vn 0.0005 0.7071 0.7071
vn 0.0006 0.3826 0.9239
vn 0.0003 0.3826 0.9239
vn -0.0000 0.3828 0.9238
vn 0.0009 0.3826 0.9239
vn -0.0004 -0.0073 1.0000
vn 0.0083 -0.8417 -0.5398
vn -0.9305 -0.3663 -0.0000
vn -0.4819 -0.8762 0.0002
vn -0.4823 -0.8760 0.0005
vn 0.1407 -0.9901 -0.0000
vn 0.4499 -0.8931 0.0003
vn -0.0004 -0.0083 -1.0000
vn 0.0004 0.3825 -0.9239
vn 0.0003 -0.0297 0.9996
vn -0.0000 -0.0200 0.9998
vn 0.0005 -0.0601 0.9982
vn 0.0006 -0.0601 0.9982
vn -0.0000 -0.0000 1.0000
vn -0.0000 -0.0200 -0.9998
vn 0.0003 -0.0297 -0.9996
vn 0.0005 -0.0601 -0.9982
vn 0.0006 -0.0601 -0.9982
vn -0.0000 -0.0000 -1.0000
vn 0.0005 1.0000 0.0004
vn -0.3512 -0.9363 -0.0000
vn -0.1295 -0.9916 0.0005
vn -0.3785 -0.9256 0.0024
vn -0.1255 -0.9921 0.0005
vn 0.5213 -0.7196 0.4587
vn 0.5781 -0.6882 0.4384
vn -0.5213 -0.7197 0.4585
vn -0.3990 -0.8133 0.4235
vn -0.0000 -0.8870 0.4617
vn 0.0005 -0.8869 0.4619
vn -0.5367 -0.7485 0.3896
vn 0.5777 -0.6884 -0.4386
vn 1.0000 -0.0083 -0.0054
vn 0.5211 -0.7198 -0.4586
vn 0.9996 0.0249 0.0161
vn -0.5781 -0.6882 -0.4384
vn -0.5213 -0.7196 -0.4587
vn -0.3990 -0.8134 -0.4234
vn 0.5367 -0.7484 -0.3896
vn 0.3990 -0.8133 -0.4235
vn -0.0000 -0.8870 -0.4617
vn 0.0005 -0.8869 -0.4619
vn -0.1295 -0.9916 -0.0000
vn 0.7071 -0.7071 0.0005
vn -0.1343 -0.9909 0.0005
vn 0.7809 -0.6246 -0.0000
vn 0.5780 -0.6884 0.4383
vn 1.0000 -0.0083 0.0054
vn 0.9996 0.0249 -0.0161
vn -0.0000 -0.9239 0.3827
vn -0.0000 -1.0000 0.0005
vn 0.0005 -0.9239 0.3826
vn 0.0003 -0.9239 0.3826
vn -0.0000 -0.9238 0.3828
vn 0.0004 -0.9239 0.3826
vn 0.0005 -1.0000 0.0006
vn 0.0006 -0.9239 0.3826
vn 0.0005 -0.9239 -0.3826
vn -0.0000 -0.9239 -0.3827
vn -0.0000 -0.9238 -0.3828
vn 0.0003 -0.9239 -0.3826
vn 0.9198 -0.3482 -0.1812
vn 0.9197 -0.3483 -0.1813
vn 0.9998 -0.0193 -0.0101
vn 0.9196 -0.3484 -0.1813
vn 0.9998 0.0194 0.0101
vn 0.5651 0.7321 0.3804
vn 0.5367 0.7487 0.3892
vn 0.9198 -0.3481 0.1811
vn 0.9198 -0.3482 0.1812
vn 0.9197 -0.3483 0.1813
vn 0.9998 -0.0193 0.0101
vn 0.9998 0.0194 -0.0101
vn 0.5651 0.7321 -0.3805
vn 0.5367 0.7487 -0.3892
vn -0.5367 0.7486 0.3892
vn -0.5651 0.7318 0.3809
vn 0.5367 0.7484 0.3896
vn 0.0005 0.8870 0.4618
vn -0.0000 0.8870 0.4617
vn 0.0007 0.8870 0.4618
vn -0.5360 0.7120 0.4536
vn 0.5360 0.7118 0.4539
vn 0.5417 0.7089 0.4516
vn -0.5417 0.7088 0.4518
vn 0.5417 0.7089 0.4517
vn 0.5417 0.7088 -0.4518
vn -0.5360 0.7118 -0.4539
vn -0.5417 0.7089 -0.4516
vn 0.5360 0.7120 -0.4536
vn -0.5417 0.7089 -0.4517
vn 0.5417 0.7088 -0.4519
vn -0.5367 0.7484 -0.3896
vn 0.5367 0.7486 -0.3892
vn 0.5651 0.7318 -0.3809
vn -0.5651 0.7321 -0.3804
vn 0.0005 0.8870 -0.4618
vn -0.0000 0.8870 -0.4617
vn 0.0007 0.8870 -0.4618
vn 0.5417 0.7088 0.4518
vn 0.9996 0.0250 0.0161
vn 0.5359 0.7119 0.4539
vn -0.0000 -0.3827 0.9239
vn 0.0005 -0.3826 0.9239
vn 0.0006 -0.3826 0.9239
vn 0.0003 -0.3826 0.9239
vn -0.0000 0.0317 0.9995
vn 0.0005 0.0317 0.9995
vn 0.5359 0.7118 -0.4539
vn 0.9996 0.0250 -0.0161
vn 0.7809 0.6246 0.0005
vn 0.7071 0.7071 -0.0000
vn -0.7809 0.6246 -0.0000
vn -0.7071 0.7071 0.0005
vn 0.0003 -0.3826 -0.9239
vn -0.0000 -0.3827 -0.9239
vn -0.0000 0.0317 -0.9995
vn 0.0005 -0.3826 -0.9239
vn 0.0005 0.0317 -0.9995
vn -0.5366 -0.7487 -0.3892
vn -0.9198 -0.3480 -0.1811
vn -0.9998 -0.0194 -0.0101
vn -0.9197 -0.3484 0.1812
vn -0.5366 -0.7487 0.3892
vn 0.3990 -0.8132 0.4236
vn 0.5367 -0.7486 0.3892
vn 0.9198 -0.3480 0.1811
vn -0.5367 -0.7484 0.3896
vn 0.9998 0.0193 -0.0101
vn 0.0005 0.4411 0.8975
vn -0.0000 0.0318 0.9995
vn 0.0005 0.4411 0.8974
vn 0.0005 0.7061 0.7081
vn 0.0005 0.8406 0.5417
vn 0.0005 0.4412 0.8974
vn 0.0005 0.8348 0.5506
vn 0.0005 0.0318 0.9995
vn 0.0005 0.7163 0.6978
vn 0.0005 0.8379 0.5458
vn 0.0005 0.4412 -0.8974
vn 0.0005 0.4411 -0.8975
vn 0.0005 0.8348 -0.5506
vn -0.0000 0.0318 -0.9995
vn 0.0005 0.0318 -0.9995
vn 0.0005 0.7163 -0.6978
vn 0.0005 0.8379 -0.5458
vn 0.0005 0.4411 -0.8974
vn 0.0005 0.7061 -0.7081
vn 0.0005 0.8406 -0.5417
vn 0.0005 0.8349 0.5504
vn -0.0000 1.0000 0.0005
vn 0.0005 0.8380 0.5457
vn 0.0005 0.7164 0.6977
vn 0.0005 0.8406 0.5416
vn -0.0000 0.7061 0.7081
vn 0.0005 0.8349 -0.5504
vn 0.0005 1.0000 0.0003
vn -0.0000 1.0000 0.0003
vn 0.0005 0.8380 -0.5457
vn -0.0000 0.7164 -0.6977
vn 0.0005 0.8406 -0.5416
vn 0.5780 -0.6884 -0.4382
vn 0.5213 -0.7195 -0.4589
vn 0.3989 -0.8133 0.4236
vn 0.5366 -0.7485 0.3896
vn 0.9199 -0.3479 0.1811
vn 0.9998 -0.0191 0.0103
vn 0.9998 0.0190 -0.0102
vn 0.5367 -0.7484 0.3897
vn 0.5650 0.7321 -0.3805
vn 0.3992 -0.8132 0.4235
vn 0.5417 0.7088 0.4519
vn 0.9996 0.0249 0.0162
vn 0.5359 0.7119 -0.4539
vn 0.5367 -0.7486 -0.3892
vn 0.9198 -0.3480 -0.1811
vn 0.9998 0.0193 0.0101
vn -0.1345 -0.9909 0.0005
vn -0.1256 -0.9921 0.0005
vn -0.1296 -0.9916 0.0005
vn 0.0981 0.9952 0.0006
vn 0.0983 0.9952 0.0004
vn -0.7208 0.6932 -0.0000
vn -0.7208 0.6932 0.0005
vn 0.6153 0.7883 0.0005
vn 0.6153 0.7883 0.0007
vn 0.9036 0.4283 0.0003
vn 0.9035 0.4285 0.0005
vn -0.7206 0.6934 0.0005
vn -0.9963 -0.0856 -0.0000
vn -0.9063 -0.4226 0.0007
vn -0.9963 -0.0857 -0.0000
vn -0.9900 -0.1411 0.0006
vn -0.9899 -0.1415 -0.0000
vn -0.5088 -0.8609 -0.0000
vn -0.5089 -0.8608 -0.0000
vn 0.2168 -0.9762 -0.0000
vn 0.2165 -0.9763 0.0003
vn 0.2392 -0.9710 -0.0000
vn -0.0689 -0.9976 0.0006
vn -0.0688 -0.9976 0.0004
vn -0.0686 -0.9976 0.0003
vn -0.0689 -0.9976 0.0005
vn 0.9197 -0.3483 -0.1812
vn 0.3989 -0.8133 -0.4235
vn 0.5367 -0.7487 -0.3892
vn 0.9199 -0.3479 -0.1811
vn 0.9998 -0.0191 -0.0103
vn 0.9998 0.0190 0.0102
vn 0.5212 -0.7196 0.4588
vn 0.9998 0.0191 0.0103
vn 0.9198 0.3481 0.1812
vn 0.9998 -0.0190 -0.0102
vn 0.5360 0.7118 -0.4539
vn 0.9998 0.0191 -0.0103
vn 0.9198 0.3481 -0.1812
vn 0.9998 -0.0190 0.0102
vn 0.5360 0.7119 0.4539
vn -0.9026 -0.4305 0.0025
vn -0.9090 -0.4168 0.0019
vn -0.3787 -0.9255 0.0024
vn -0.3512 -0.9363 0.0024
vn -0.9732 -0.2301 0.0003
vn -0.9731 -0.2302 -0.0000
vn -0.9732 -0.2299 0.0006
vn -0.9732 -0.2300 0.0005
vn -0.8509 0.5253 -0.0000
vn -0.8509 0.5254 0.0003
vn -0.1061 0.0004 -0.9944
vn -0.0543 -0.7061 -0.7061
vn -0.0543 0.7061 -0.7061
vn -0.1063 -0.7031 -0.7031
vn -0.1063 0.7031 -0.7031
vn -0.1062 -0.9943 0.0003
vn -0.1063 0.9943 -0.0000
vn -0.0543 -0.7061 0.7061
vn -0.0543 0.7061 0.7061
vn -0.1060 -0.7031 0.7031
vn -0.1060 0.0004 0.9944
vn -0.0542 0.0004 0.9985
vn -0.1063 0.7031 0.7031
vn -0.1060 0.0005 0.9944
vn -0.7809 0.6247 0.0005
vn -0.9091 -0.4167 0.0025
vn -0.7071 0.7071 -0.0000
vt 0.375000 1.000000
vt 0.500000 1.000000
vt 0.625000 1.000000
vt 0.250000 1.000000
vt 0.750000 1.000000
vt 0.125000 1.000000
vt 0.875000 1.000000
vt 0.000000 1.000000
vt 1.000000 1.000000
vt 0.125000 0.500000
vt 0.250000 0.500000
vt 0.375000 0.500000
vt 0.000000 0.500000
vt 0.500000 0.500000
vt 0.625000 0.500000
vt 0.750000 0.500000
vt 0.875000 0.500000
vt 1.000000 0.500000
vt 0.625000 0.750000
vt 0.625000 0.250000
vt 0.375000 0.000000
vt 0.375000 0.250000
vt 0.625000 0.000000
vt 0.562500 1.000000
vt 0.425976 0.000000
vt 0.425976 0.250000
vt 0.125000 0.750000
vt 0.375000 0.750000
vt 0.625000 0.158302
vt 0.625000 0.131979
vt 0.620181 0.157206
vt 0.500000 0.134943
vt 0.500000 0.160055
vt 0.375000 0.137906
vt 0.375000 0.163019
vt 0.500000 0.158894
vt 0.625000 0.139464
vt 0.500000 0.133491
vt 0.625000 0.164867
vt 0.375000 0.131525
vt 0.413497 0.154760
vt 0.375000 0.541576
vt 0.375000 0.534238
vt 0.375000 0.537997
vt 0.875000 0.750000
vt 1.000000 0.750000
vt 0.750000 0.750000
vt 0.500000 0.750000
vt 0.250000 0.750000
vt 0.000000 0.750000
vt 0.413498 0.154760
vt 0.625000 0.900819
vt 0.631733 0.918451
vt 0.631733 0.884472
vt 0.625000 0.934798
vt 0.625000 0.866840
vt 0.631733 0.952430
vt 0.625000 0.968777
vt 0.631733 0.850493
vt 0.631733 0.986409
vt 0.625000 0.832861
vt 0.589106 0.988148
vt 0.547611 0.986409
vt 0.547611 0.969011
vt 0.547611 0.952430
vt 0.589106 0.967272
vt 0.589106 0.954169
vt 0.547611 0.935033
vt 0.547611 0.918451
vt 0.589106 0.933293
vt 0.589106 0.920191
vt 0.547611 0.901054
vt 0.547611 0.884472
vt 0.589106 0.899314
vt 0.589106 0.886212
vt 0.547611 0.867075
vt 0.625000 0.952665
vt 0.625000 0.918686
vt 0.625000 0.884707
vt 0.589106 0.852233
vt 0.589106 0.865335
vt 0.625000 0.850728
vt 0.547611 0.850493
vt 0.547611 0.833096
vt 0.589106 0.831357
vt 0.562500 0.500000
vt 0.500000 0.692288
vt 0.544860 0.692239
vt 0.545337 0.599916
vt 0.545443 0.579498
vt 0.545615 0.546847
vt 0.500000 0.546859
vt 0.497908 0.546859
vt 0.464942 0.550446
vt 0.405967 0.599941
vt 0.464941 0.579519
vt 0.383278 0.833096
vt 0.405961 0.692288
vt 0.424299 0.831357
vt 0.465320 0.833096
vt 0.465320 0.850493
vt 0.442957 0.866127
vt 0.424299 0.852233
vt 0.412071 0.851714
vt 0.424299 0.865335
vt 0.383278 0.867075
vt 0.405194 0.885402
vt 0.424299 0.899314
vt 0.383278 0.901054
vt 0.405194 0.919381
vt 0.424299 0.933293
vt 0.383278 0.935033
vt 0.405193 0.953359
vt 0.424299 0.967272
vt 0.383278 0.969011
vt 0.383278 0.986409
vt 0.424299 0.988148
vt 0.625000 0.986643
vt 0.375000 0.271975
vt 0.424299 0.954170
vt 0.442957 0.968063
vt 0.424299 0.886212
vt 0.442957 0.900105
vt 0.424299 0.920191
vt 0.442957 0.934084
vt 0.465320 0.952430
vt 0.465320 0.918451
vt 0.465320 0.884472
vt 0.465320 0.986409
vt 0.146975 0.500000
vt 0.146975 0.750000
vt 0.375000 0.978025
vt 0.425976 1.000000
vt 1.000000 0.000000
vt 0.500000 0.000000
vt 0.000000 0.000000
vt 0.446706 0.987198
vt 0.818856 0.500000
vt 0.818856 0.538841
vt 0.625000 0.610536
vt 0.625000 0.585133
vt 0.625000 0.591698
vt 0.625000 0.618021
vt 0.500000 0.591106
vt 0.500000 0.616509
vt 0.625000 0.341252
vt 0.375000 0.341252
vt 0.625000 0.306144
vt 0.375000 0.306144
vt 0.625000 0.253084
vt 0.622903 0.250000
vt 0.625000 0.534238
vt 0.372429 0.776561
vt 0.372429 0.824479
vt 0.375000 0.776755
vt 0.375000 0.824285
vt 0.372429 0.874753
vt 0.372429 0.726287
vt 0.372429 0.922671
vt 0.375000 0.874947
vt 0.375000 0.922477
vt 0.372429 0.972946
vt 0.375000 0.973139
vt 0.375000 0.678562
vt 0.375000 0.726093
vt 0.372429 0.678369
vt 0.372429 0.628094
vt 0.375000 0.580370
vt 0.375000 0.627900
vt 0.372429 0.580176
vt 0.372429 0.529902
vt 0.375000 0.529708
vt 0.620181 0.592794
vt 0.500000 0.615057
vt 0.500000 0.589945
vt 0.375000 0.612094
vt 0.375000 0.586981
vt 0.125000 0.612094
vt 0.125000 0.586981
vt 0.125000 0.587935
vt 0.125000 0.618475
vt 0.391871 0.621676
vt 0.375000 0.587935
vt 0.424299 0.683396
vt 0.424299 0.721259
vt 0.475575 0.678369
vt 0.475575 0.726287
vt 0.475575 0.628094
vt 0.475575 0.776561
vt 0.475575 0.580176
vt 0.475575 0.529902
vt 0.424299 0.585204
vt 0.424299 0.524874
vt 0.424299 0.623067
vt 0.424299 0.819451
vt 0.424299 0.781588
vt 0.475575 0.824479
vt 0.475575 0.874753
vt 0.475575 0.922671
vt 0.475575 0.972946
vt 0.424299 0.917644
vt 0.424299 0.977973
vt 0.424299 0.879781
vt 0.216252 0.537997
vt 0.216252 0.500000
vt 0.125000 0.537997
vt 0.181144 0.537997
vt 0.181144 0.500000
vt 0.620180 0.157206
vt 0.620182 0.592794
vt 0.537237 0.972946
vt 0.537237 0.922671
vt 0.589106 0.977973
vt 0.625000 0.974494
vt 0.537237 0.874753
vt 0.589106 0.917644
vt 0.589106 0.879781
vt 0.625000 0.876302
vt 0.625000 0.921123
vt 0.537237 0.824479
vt 0.537237 0.776561
vt 0.589106 0.819451
vt 0.537237 0.726287
vt 0.589106 0.781588
vt 0.625000 0.778109
vt 0.625000 0.822930
vt 0.537237 0.678369
vt 0.589106 0.721259
vt 0.589106 0.683396
vt 0.625000 0.679917
vt 0.625000 0.724738
vt 0.537237 0.628094
vt 0.537237 0.580176
vt 0.537237 0.529902
vt 0.589106 0.585204
vt 0.589106 0.524874
vt 0.625000 0.528353
vt 0.589106 0.623067
vt 0.625000 0.626546
vt 0.625000 0.581725
vt 0.644205 0.726286
vt 0.644205 0.628094
vt 0.644205 0.529902
vt 0.644205 0.824479
vt 0.644205 0.922671
vt 0.391872 0.621676
vt 0.783748 0.534238
vt 0.783748 0.500000
vt 0.391871 0.621677
vt 0.431719 0.613438
vt 0.622903 0.208587
vt 0.625000 0.213764
vt 0.375000 0.212003
vt 0.375000 0.208424
s 1
f 1580/333/600 1581/334/600 1582/334/600
f 1583/335/600 1582/334/600 1581/334/600
f 1580/333/600 1582/334/600 1584/333/600
f 1582/334/600 1583/335/600 1585/335/600
f 1586/336/600 1580/333/600 1584/333/600
f 1583/335/600 1587/337/600 1585/335/600
f 1580/333/600 1586/336/600 1588/336/600
f 1583/335/600 1589/337/600 1587/337/600
f 1586/336/600 1590/338/600 1588/336/600
f 1591/339/600 1587/337/600 1589/337/600
f 1590/338/600 1586/336/600 1592/338/600
f 1593/340/600 1590/338/600 1592/338/600
f 1590/338/600 1593/340/600 1594/340/600
f 1587/337/600 1591/339/600 1595/339/600
f 1591/339/600 1596/341/600 1595/339/600
f 1596/341/600 1591/339/600 1597/341/600
f 1598/337/601 1599/339/602 1600/337/603
f 1599/339/604 1601/341/605 1602/339/606
f 1603/335/607 1598/337/608 1604/335/600
f 1605/334/609 1603/335/610 1606/334/600
f 1607/333/611 1605/334/612 1608/333/600
f 1609/336/613 1607/333/614 1610/336/615
f 1611/338/616 1609/336/617 1612/338/618
f 1613/340/619 1611/338/620 1614/340/621
f 1615/342/622 1616/343/622 1617/343/622
f 1618/344/622 1617/343/622 1616/343/622
f 1616/343/622 1615/342/622 1619/342/622
f 1620/345/622 1619/342/622 1615/342/622
f 1619/342/622 1620/345/622 1621/345/622
f 1618/344/622 1616/343/622 1622/344/622
f 1622/344/622 1623/346/622 1618/344/622
f 1623/346/622 1622/344/622 1624/346/622
f 1625/347/622 1623/346/622 1624/346/622
f 1623/346/622 1625/347/622 1626/347/622
f 1627/348/622 1626/347/622 1625/347/622
f 1627/348/622 1625/347/622 1628/348/622
f 1629/349/622 1627/348/622 1628/348/622
f 1627/348/622 1629/349/622 1630/349/622
f 1631/350/622 1630/349/622 1629/349/622
f 1629/349/622 1632/350/622 1631/350/622
f 1633/347/623 1634/351/624 1635/347/624
f 1634/351/624 1633/347/623 1636/351/625
f 1633/347/623 1637/351/626 1636/351/625
f 1638/347/627 1637/351/626 1633/347/623
f 1639/352/628 1640/353/628 1641/354/629
f 1640/353/628 1639/352/628 1642/355/629
f 1643/354/628 1644/353/630 1645/354/631
f 1645/354/631 1644/353/630 1646/353/631
f 1645/354/631 1646/353/631 1647/354/629
f 1647/354/629 1646/353/631 1648/353/631
f 1649/335/600 1650/356/632 1651/337/600
f 1651/337/600 1650/356/632 1652/335/600
f 1653/334/600 1650/356/632 1649/335/600
f 1654/333/600 1650/356/632 1653/334/600
f 1650/356/632 1654/333/600 1655/336/600
f 1650/356/632 1655/336/600 1656/333/600
f 1650/356/632 1656/333/600 1657/334/600
f 1658/355/622 1659/352/622 1660/357/622
f 1660/357/622 1659/352/622 1661/358/622
f 1662/359/633 1663/360/634 1664/342/635
f 1665/344/636 1664/342/635 1663/360/634
f 1666/361/637 1667/362/638 1668/363/639
f 1667/362/638 1669/364/640 1668/363/639
f 1668/363/639 1669/364/640 1670/365/641
f 1671/366/642 1670/365/641 1669/364/640
f 1670/365/641 1671/366/642 1672/367/643
f 1673/364/644 1674/363/645 1675/365/646
f 1674/363/645 1673/364/644 1676/362/647
f 1676/362/647 1677/361/648 1674/363/645
f 1675/365/646 1678/366/649 1673/364/644
f 1678/366/649 1675/365/646 1679/367/650
f 1680/368/651 1681/369/652 1682/370/653
f 1681/369/652 1680/368/651 1683/371/654
f 1684/372/655 1685/368/651 1682/370/653
f 1685/368/651 1684/372/655 1686/373/656
f 1687/368/657 1688/369/658 1689/371/659
f 1688/369/658 1687/368/657 1690/370/660
f 1691/368/657 1692/372/661 1690/370/660
f 1692/372/661 1691/368/657 1693/373/662
f 1694/344/663 1695/374/622 1696/375/664
f 1695/374/622 1694/344/663 1697/376/665
f 1696/375/664 1698/344/666 1694/344/663
f 1699/361/667 1700/362/638 1701/363/639
f 1700/362/638 1702/364/640 1701/363/639
f 1701/363/639 1702/364/640 1703/365/668
f 1704/366/642 1703/365/668 1702/364/640
f 1703/365/668 1704/366/642 1705/367/643
f 1706/368/651 1707/369/652 1708/370/653
f 1707/369/652 1706/368/651 1709/371/654
f 1710/372/669 1711/368/670 1708/370/653
f 1711/368/670 1710/372/669 1712/373/656
f 1713/364/644 1714/363/645 1715/365/671
f 1714/363/645 1713/364/644 1716/362/647
f 1716/362/647 1717/361/672 1714/363/645
f 1715/365/671 1718/366/649 1713/364/644
f 1718/366/649 1715/365/671 1719/367/650
f 1720/368/657 1721/369/658 1722/371/659
f 1721/369/658 1720/368/657 1723/370/660
f 1724/368/657 1725/372/661 1723/370/660
f 1725/372/661 1724/368/657 1726/373/662
f 1727/361/667 1728/362/638 1729/363/639
f 1728/362/638 1730/364/640 1729/363/639
f 1729/363/639 1730/364/640 1731/365/668
f 1732/366/642 1731/365/668 1730/364/640
f 1731/365/668 1732/366/642 1733/367/643
f 1734/364/673 1735/363/645 1736/365/646
f 1735/363/645 1734/364/673 1737/362/647
f 1737/362/647 1738/361/672 1735/363/645
f 1736/365/646 1739/366/649 1734/364/673
f 1739/366/649 1736/365/646 1740/367/650
f 1741/368/651 1742/369/652 1743/370/653
f 1742/369/652 1741/368/651 1744/371/654
f 1745/372/669 1746/368/651 1743/370/653
f 1746/368/651 1745/372/669 1747/373/656
f 1748/368/657 1749/369/658 1750/371/659
f 1749/369/658 1748/368/657 1751/370/660
f 1752/368/657 1753/372/661 1751/370/660
f 1753/372/661 1752/368/657 1754/373/662
f 1755/339/674 1756/339/674 1757/341/675
f 1756/339/674 1758/341/675 1757/341/675
f 1759/337/676 1756/339/674 1755/339/674
f 1760/337/676 1759/337/676 1755/339/674
f 1761/335/677 1759/337/676 1760/337/676
f 1762/335/677 1761/335/677 1760/337/676
f 1763/334/678 1761/335/677 1762/335/677
f 1764/334/678 1763/334/678 1762/335/677
f 1765/333/679 1763/334/678 1764/334/678
f 1766/333/679 1765/333/679 1764/334/678
f 1766/333/679 1767/336/680 1765/333/679
f 1767/336/680 1766/333/679 1768/336/680
f 1768/336/680 1769/338/681 1767/336/680
f 1769/338/681 1768/336/680 1770/338/681
f 1771/340/682 1769/338/681 1770/338/681
f 1772/340/682 1771/340/682 1770/338/681
f 1773/349/674 1774/350/675 1775/349/674
f 1774/350/675 1773/349/674 1776/350/675
f 1775/349/674 1777/348/676 1773/349/674
f 1777/348/676 1775/349/674 1778/348/676
f 1778/348/676 1779/347/677 1777/348/676
f 1779/347/677 1778/348/676 1780/347/677
f 1780/347/677 1781/346/678 1779/347/677
f 1781/346/678 1780/347/677 1782/346/678
f 1782/346/678 1783/344/679 1781/346/678
f 1783/344/679 1782/346/678 1784/344/679
f 1783/344/679 1784/344/679 1785/343/680
f 1784/344/679 1786/343/680 1785/343/680
f 1785/343/680 1786/343/680 1787/342/681
f 1786/343/680 1788/342/681 1787/342/681
f 1788/342/681 1789/345/682 1787/342/681
f 1789/345/682 1788/342/681 1790/345/682
f 1791/339/674 1792/377/683 1793/378/675
f 1791/339/674 1793/378/675 1794/341/675
f 1792/377/683 1795/350/684 1793/378/675
f 1792/377/683 1796/349/685 1795/350/684
f 1797/337/676 1792/377/683 1791/339/674
f 1797/337/676 1798/379/686 1792/377/683
f 1798/379/686 1799/349/687 1792/377/683
f 1798/379/686 1800/348/688 1799/349/687
f 1801/335/677 1798/379/686 1797/337/676
f 1801/335/677 1802/351/689 1798/379/686
f 1802/351/689 1803/348/688 1798/379/686
f 1802/351/689 1804/347/690 1803/348/688
f 1805/334/678 1802/351/689 1801/335/677
f 1805/334/678 1806/380/691 1802/351/689
f 1806/380/691 1807/347/692 1802/351/689
f 1806/380/691 1808/346/693 1807/347/692
f 1809/333/679 1806/380/691 1805/334/678
f 1809/333/679 1810/360/694 1806/380/691
f 1810/360/694 1811/346/693 1806/380/691
f 1810/360/694 1812/344/695 1811/346/693
f 1813/336/680 1810/360/694 1809/333/679
f 1810/360/694 1813/336/680 1814/381/696
f 1815/344/697 1810/360/694 1814/381/696
f 1815/344/697 1814/381/696 1816/343/698
f 1817/338/681 1814/381/696 1813/336/680
f 1814/381/696 1817/338/681 1818/359/699
f 1819/340/682 1818/359/699 1817/338/681
f 1820/343/698 1814/381/696 1818/359/699
f 1820/343/698 1818/359/699 1821/342/700
f 1819/340/682 1822/382/682 1818/359/699
f 1822/382/682 1823/342/701 1818/359/699
f 1822/382/682 1824/345/684 1823/342/701
f 1825/351/676 1826/377/676 1827/347/676
f 1828/349/676 1827/347/676 1826/377/676
f 1829/338/702 1830/340/703 1831/340/704
f 1832/340/682 1830/340/703 1833/338/681
f 1830/340/703 1834/338/705 1833/338/681
f 1830/340/703 1829/338/702 1834/338/705
f 1834/338/705 1835/336/680 1833/338/681
f 1829/338/702 1836/336/706 1834/338/705
f 1835/336/680 1834/338/705 1836/336/706
f 1836/336/706 1829/338/702 1837/336/707
f 1836/336/706 1838/333/679 1835/336/680
f 1839/333/708 1836/336/706 1837/336/707
f 1838/333/679 1836/336/706 1840/333/709
f 1836/336/706 1839/333/708 1840/333/709
f 1838/333/679 1840/333/709 1841/334/678
f 1840/333/709 1839/333/708 1842/334/710
f 1840/333/709 1842/334/710 1841/334/678
f 1843/334/711 1842/334/710 1839/333/708
f 1841/334/678 1842/334/710 1844/335/677
f 1845/335/712 1842/334/710 1843/334/711
f 1842/334/710 1846/335/713 1844/335/677
f 1842/334/710 1845/335/712 1846/335/713
f 1844/335/677 1846/335/713 1847/337/676
f 1846/335/713 1845/335/712 1848/337/714
f 1846/335/713 1848/337/714 1847/337/676
f 1849/337/715 1848/337/714 1845/335/712
f 1847/337/676 1848/337/714 1850/339/674
f 1851/339/716 1848/337/714 1849/337/715
f 1848/337/714 1852/339/717 1850/339/674
f 1848/337/714 1851/339/716 1852/339/717
f 1850/339/674 1852/339/717 1853/341/718
f 1852/339/717 1854/341/719 1853/341/718
f 1852/339/717 1851/339/716 1854/341/719
f 1855/341/704 1854/341/719 1851/339/716
f 1856/335/600 1857/334/600 1858/334/600
f 1859/333/600 1858/334/600 1857/334/600
f 1857/334/600 1856/335/600 1860/335/600
f 1858/334/600 1859/333/600 1861/333/600
f 1862/337/600 1860/335/600 1856/335/600
f 1863/336/600 1861/333/600 1859/333/600
f 1860/335/600 1862/337/600 1864/337/600
f 1861/333/600 1863/336/600 1865/336/600
f 1862/337/600 1866/339/600 1864/337/600
f 1863/336/600 1867/338/600 1865/336/600
f 1862/337/600 1868/339/600 1866/339/600
f 1868/339/600 1869/341/600 1866/339/600
f 1869/341/600 1868/339/600 1870/341/600
f 1867/338/600 1863/336/600 1871/338/600
f 1872/340/600 1867/338/600 1871/338/600
f 1871/338/600 1873/340/600 1872/340/600
f 1874/361/720 1875/362/721 1876/363/722
f 1875/362/721 1877/364/640 1876/363/722
f 1876/363/722 1877/364/640 1878/365/641
f 1879/366/723 1878/365/641 1877/364/640
f 1878/365/641 1879/366/723 1880/367/723
f 1881/368/651 1882/369/652 1883/370/653
f 1882/369/652 1881/368/651 1884/371/654
f 1885/372/724 1886/368/651 1883/370/653
f 1886/368/651 1885/372/724 1887/383/656
f 1888/364/725 1889/363/726 1890/365/671
f 1889/363/726 1888/364/725 1891/362/727
f 1891/362/727 1892/361/672 1889/363/726
f 1890/365/671 1893/366/728 1888/364/725
f 1893/366/728 1890/365/671 1894/367/729
f 1895/368/657 1896/369/658 1897/371/659
f 1896/369/658 1895/368/657 1898/370/660
f 1899/368/657 1900/372/661 1898/370/660
f 1900/372/661 1899/368/657 1901/383/662
f 1902/337/680 1903/337/680 1904/339/679
f 1903/337/680 1905/339/679 1904/339/679
f 1905/339/679 1906/341/730 1904/339/679
f 1906/341/730 1905/339/679 1907/341/678
f 1908/335/681 1903/337/680 1902/337/680
f 1909/335/681 1908/335/681 1902/337/680
f 1909/335/681 1910/334/682 1908/335/681
f 1910/334/682 1909/335/681 1911/334/682
f 1911/334/682 1912/333/674 1910/334/682
f 1912/333/674 1911/334/682 1913/333/674
f 1913/333/674 1914/336/676 1912/333/674
f 1914/336/676 1913/333/674 1915/336/676
f 1915/336/676 1916/338/677 1914/336/676
f 1916/338/677 1915/336/676 1917/338/677
f 1917/338/677 1918/340/731 1916/338/677
f 1918/340/731 1917/338/677 1919/340/732
f 1920/337/676 1921/384/733 1922/385/733
f 1920/337/676 1923/386/733 1921/384/733
f 1924/387/733 1920/337/676 1922/385/733
f 1923/386/733 1920/337/676 1925/388/733
f 1926/389/733 1920/337/676 1924/387/733
f 1927/390/733 1920/337/676 1926/389/733
f 1925/388/733 1920/337/676 1928/391/733
f 1920/337/676 1927/390/733 1929/392/734
f 1920/337/676 1929/392/734 1930/335/735
f 1931/337/736 1932/393/737 1933/348/738
f 1932/393/737 1934/347/739 1933/348/738
f 1931/337/736 1935/391/740 1932/393/737
f 1935/391/740 1931/337/736 1936/388/740
f 1931/337/736 1937/386/740 1936/388/740
f 1937/386/740 1931/337/736 1938/384/740
f 1938/384/740 1931/337/736 1939/385/740
f 1939/385/740 1931/337/736 1940/387/740
f 1940/387/740 1931/337/736 1941/389/740
f 1931/337/736 1942/390/740 1941/389/740
f 1928/391/733 1920/337/676 1943/393/741
f 1943/393/741 1920/337/676 1944/348/676
f 1943/393/741 1944/348/676 1945/347/742
f 1946/334/743 1930/335/735 1947/394/744
f 1946/334/743 1947/394/744 1948/395/745
f 1948/395/745 1949/396/745 1946/334/743
f 1950/397/745 1946/334/743 1949/396/745
f 1951/398/746 1950/397/745 1949/396/745
f 1950/397/745 1951/398/746 1952/399/746
f 1946/334/743 1950/397/745 1953/400/745
f 1954/401/745 1946/334/743 1953/400/745
f 1955/402/746 1954/401/745 1953/400/745
f 1954/401/745 1955/402/746 1956/403/746
f 1957/404/745 1946/334/743 1954/401/745
f 1946/334/743 1957/404/745 1958/405/745
f 1957/404/745 1959/406/746 1958/405/745
f 1958/405/745 1959/406/746 1960/407/746
f 1946/334/743 1958/405/745 1961/408/745
f 1962/409/733 1963/398/746 1964/390/733
f 1963/398/746 1962/409/733 1965/399/746
f 1966/410/733 1967/402/746 1968/387/733
f 1967/402/746 1966/410/733 1969/403/746
f 1970/411/733 1971/406/746 1972/384/733
f 1971/406/746 1970/411/733 1973/407/746
f 1974/388/733 1975/412/746 1976/413/746
f 1975/412/746 1974/388/733 1977/414/733
f 1978/402/747 1979/403/747 1980/410/740
f 1978/402/747 1980/410/740 1981/387/740
f 1982/398/747 1983/399/747 1984/409/740
f 1982/398/747 1984/409/740 1985/390/740
f 1986/406/747 1987/407/747 1988/411/740
f 1986/406/747 1988/411/740 1989/384/740
f 1990/412/747 1991/388/740 1992/413/747
f 1991/388/740 1990/412/747 1993/414/740
f 1961/408/745 1994/413/746 1995/412/746
f 1995/412/746 1996/415/745 1961/408/745
f 1946/334/743 1961/408/745 1996/415/745
f 1946/334/743 1996/415/745 1997/416/745
f 1946/334/743 1997/416/745 1998/346/743
f 1999/417/745 1998/346/743 1997/416/745
f 1998/346/743 1999/417/745 2000/418/745
f 2000/418/745 1999/417/745 2001/347/742
f 2001/347/742 1999/417/745 2002/393/741
f 1942/390/740 1931/337/736 2003/392/748
f 1931/337/736 2004/335/749 2003/392/748
f 2005/356/750 2006/394/751 2004/335/752
f 2006/394/751 2005/356/750 2007/395/750
f 2008/334/753 2007/395/750 2005/356/750
f 2008/334/753 2009/396/750 2007/395/750
f 2009/396/750 2008/334/753 2010/397/750
f 2010/397/750 2011/398/747 2009/396/750
f 2011/398/747 2010/397/750 2012/399/747
f 2010/397/750 2008/334/753 2013/400/750
f 2008/334/753 2014/401/750 2013/400/750
f 2014/401/750 2015/402/747 2013/400/750
f 2015/402/747 2014/401/750 2016/403/747
f 2014/401/750 2008/334/753 2017/404/750
f 2017/404/750 2008/334/753 2018/405/750
f 2018/405/750 2019/406/747 2017/404/750
f 2019/406/747 2018/405/750 2020/407/747
f 2018/405/750 2008/334/753 2021/408/750
f 2021/408/750 2008/334/753 2022/419/753
f 2021/408/750 2023/412/747 2024/413/747
f 2023/412/747 2021/408/750 2025/415/750
f 2022/419/753 2025/415/750 2021/408/750
f 2025/415/750 2022/419/753 2026/416/750
f 2026/416/750 2022/419/753 2027/417/750
f 2028/420/750 2027/417/750 2022/419/753
f 2027/417/750 2028/420/750 2029/393/754
f 2030/421/750 2029/393/754 2028/420/750
f 2030/421/750 2031/347/755 2029/393/754
f 2032/422/750 2031/347/755 2030/421/750
f 2031/347/755 2032/422/750 2033/423/750
f 2033/423/750 2034/346/753 2031/347/755
f 2034/346/753 2033/423/750 2035/424/756
f 2036/425/756 2037/344/757 2034/346/753
f 2037/344/757 2036/425/756 2038/426/758
f 2039/427/758 2037/344/757 2038/426/758
f 2039/427/758 2038/426/758 2040/428/759
f 2039/427/758 2041/429/760 2037/344/757
f 2041/429/760 2039/427/758 2042/430/758
f 2041/429/760 2043/333/757 2037/344/757
f 2041/429/760 2042/430/758 2044/431/758
f 2045/419/761 2044/431/758 2042/430/758
f 2044/431/758 2045/419/761 2046/432/760
f 2045/419/761 2047/433/760 2046/432/760
f 2048/434/762 2049/435/762 2047/433/762
f 2048/434/758 2045/419/753 2050/334/753
f 2051/436/758 2043/333/757 2041/429/760
f 2051/436/763 2052/437/763 2053/438/763
f 2054/439/764 2043/333/757 2053/438/764
f 2055/440/759 2056/441/759 2054/439/759
f 2057/442/758 2043/333/757 2056/441/758
f 2057/442/758 2058/443/758 2059/444/758
f 2060/445/764 2043/333/757 2059/444/764
f 2060/445/760 2061/446/760 2062/447/760
f 2043/333/757 2062/447/764 2063/448/760
f 2043/333/757 2063/448/760 2064/449/758
f 2065/394/744 2066/335/735 2067/450/765
f 2068/352/682 2069/451/682 2070/358/682
f 2069/451/682 2068/352/682 2071/344/682
f 2071/344/682 2068/352/682 2072/347/682
f 2071/344/682 2072/347/682 2073/346/682
f 2074/432/766 1998/346/767 2075/431/768
f 2074/432/766 2076/334/767 1998/346/767
f 2077/344/769 2075/431/768 1998/346/767
f 2075/431/768 2077/344/769 2078/429/766
f 2079/433/768 2076/334/767 2074/432/766
f 2080/435/770 2081/434/766 2079/433/768
f 2081/434/766 2076/334/767 2079/433/768
f 2082/333/769 2078/429/766 2077/344/769
f 2082/333/769 2083/436/768 2078/429/766
f 2084/437/771 2083/436/771 2085/438/771
f 2082/333/769 2086/439/768 2085/438/768
f 2087/440/771 2086/439/771 2088/441/771
f 2082/333/769 2089/442/768 2088/441/768
f 2090/443/771 2089/442/771 2091/444/771
f 2082/333/769 2092/445/772 2091/444/772
f 2093/446/771 2092/445/771 2094/447/771
f 2094/447/768 2082/333/769 2095/448/766
f 2082/333/769 2096/449/766 2095/448/766
f 2097/435/768 2098/437/766 2099/434/768
f 2098/437/766 2097/435/768 2100/436/771
f 2101/445/770 2102/446/768 2103/452/771
f 2104/453/768 2103/452/771 2102/446/768
f 2105/439/768 2106/440/771 2107/454/768
f 2108/455/768 2107/454/768 2106/440/771
f 2109/442/773 2110/443/766 2111/456/771
f 2112/457/768 2111/456/771 2110/443/766
f 2113/334/767 2114/457/768 2115/458/768
f 2116/459/766 2113/334/774 2117/455/766
f 2118/460/768 2113/334/767 2119/434/768
f 2120/452/771 2121/453/768 2122/458/770
f 2076/334/767 2122/458/770 2121/453/768
f 2076/334/767 2121/453/768 2123/461/768
f 2076/334/767 2124/459/768 2125/457/771
f 2126/456/766 2125/457/771 2124/459/768
f 2127/455/768 2076/334/767 2128/460/770
f 2129/454/771 2127/455/768 2128/460/770
f 2130/333/769 2131/438/768 2132/436/768
f 2133/445/772 2130/333/769 2134/447/772
f 2130/333/769 2135/444/770 2136/442/770
f 2130/333/769 2137/441/772 2138/439/772
f 2139/450/775 2140/335/752 2141/394/751
f 2142/380/776 2143/346/776 2144/351/600
f 2144/351/600 2143/346/776 2145/347/600
f 2142/380/776 2146/344/777 2143/346/776
f 2147/360/778 2146/344/777 2142/380/776
f 2147/360/778 2148/462/779 2146/344/777
f 2147/360/778 2149/463/779 2148/462/779
f 2150/359/780 2148/462/779 2149/463/779
f 2148/462/779 2150/359/780 2151/342/780
f 2152/335/678 2153/360/678 2154/351/678
f 2154/351/678 2153/360/678 2155/380/678
f 2153/360/678 2152/335/678 2156/464/678
f 2156/464/678 2152/335/678 2157/465/678
f 2158/435/758 2159/437/758 2160/436/758
f 2159/437/758 2158/435/758 2161/434/758
f 2162/446/760 2163/445/760 2164/452/760
f 2164/452/760 2165/453/760 2162/446/760
f 2166/440/760 2167/439/758 2168/454/760
f 2168/454/760 2169/455/758 2166/440/760
f 2170/443/759 2171/442/760 2172/456/760
f 2172/456/760 2173/457/760 2170/443/759
f 2174/458/759 2050/334/753 2175/453/760
f 2175/453/760 2176/452/758 2174/458/759
f 2050/334/753 2177/461/760 2175/453/760
f 2050/334/781 2178/455/760 2179/460/762
f 2178/455/760 2180/454/759 2179/460/762
f 2181/459/762 2050/334/753 2182/457/760
f 2182/457/760 2183/456/758 2181/459/762
f 2184/457/759 2185/334/753 2186/458/759
f 2185/334/753 2187/459/758 2188/455/758
f 2185/334/753 2189/460/763 2190/434/763
f 2191/433/758 2192/419/753 2190/434/758
f 2193/438/760 2194/333/757 2195/436/760
f 2194/333/757 2196/445/782 2197/447/782
f 2198/444/782 2194/333/757 2199/442/782
f 2200/441/764 2194/333/757 2201/439/764
f 2202/351/682 2203/377/682 2204/377/682
f 2205/351/682 2203/377/682 2202/351/682
f 2206/351/682 2203/377/682 2205/351/682
f 2203/377/682 2206/351/682 2207/377/682
f 2208/340/783 2209/341/682 2210/341/682
f 2209/341/682 2208/340/783 2211/334/784
f 2208/340/783 2212/340/785 2211/334/784
f 2211/334/784 2212/340/785 2213/334/786
f 2214/341/682 2209/341/682 2211/334/784
f 2209/341/682 2214/341/682 2215/341/682
f 2216/341/682 2215/341/682 2214/341/682
f 2215/341/682 2216/341/682 2217/341/682
f 2218/341/787 2217/341/682 2216/341/682
f 2219/341/682 2218/341/787 2216/341/682
f 2218/341/787 2219/341/682 2220/341/682
f 2217/341/682 2218/341/787 2221/341/682
f 2222/341/682 2221/341/682 2218/341/787
f 2221/341/682 2222/341/682 2223/341/682
f 2224/347/678 2225/349/678 2226/347/678
f 2225/349/678 2224/347/678 2227/349/678
f 2226/347/678 2225/349/678 2228/347/678
f 2229/349/678 2228/347/678 2225/349/678
f 2230/333/682 2231/351/682 2232/360/682
f 2231/351/682 2230/333/682 2233/335/682
f 2234/333/682 2235/360/682 2236/333/682
f 2237/360/682 2236/333/682 2235/360/682
f 2238/333/682 2239/360/682 2240/333/682
f 2239/360/682 2238/333/682 2241/360/682
f 2242/466/678 2243/467/788 2244/468/789
f 2242/466/678 2244/468/789 2245/466/678
f 2246/467/790 2244/468/789 2243/467/788
f 2247/468/791 2244/468/789 2246/467/790
f 2243/467/788 2242/466/678 2248/466/678
f 2248/466/678 2242/466/678 2249/466/678
f 2249/466/678 2250/466/678 2248/466/678
f 2249/466/678 2251/466/678 2250/466/678
f 2252/466/792 2250/466/678 2251/466/678
f 2250/466/678 2252/466/792 2253/466/678
f 2252/466/792 2254/466/678 2253/466/678
f 2255/466/678 2252/466/792 2251/466/678
f 2252/466/792 2255/466/678 2256/466/678
f 2256/466/678 2255/466/678 2257/466/678
f 2258/354/678 2259/347/678 2260/352/678
f 2259/347/678 2258/354/678 2261/344/678
f 2262/354/678 2263/344/678 2264/354/678
f 2263/344/678 2262/354/678 2265/344/678
f 2266/354/678 2267/344/678 2268/354/678
f 2269/344/678 2268/354/678 2267/344/678
f 2270/336/680 2077/344/769 2271/343/680
f 2077/344/769 2270/336/680 2272/333/769
f 2273/334/767 2274/449/770 2272/333/769
f 2273/334/767 2275/469/768 2274/449/770
f 2276/333/694 2277/449/760 2278/334/761
f 2277/449/760 2279/469/762 2278/334/761
f 2280/344/757 2276/333/757 2281/336/793
f 2280/344/757 2281/336/793 2282/343/793
f 2283/339/674 2284/349/674 2285/350/718
f 2283/339/674 2285/350/718 2286/341/718
f 2287/337/676 2284/349/674 2283/339/674
f 2287/337/676 2288/348/676 2284/349/674
f 2289/335/677 2288/348/676 2287/337/676
f 2289/335/677 2290/347/677 2288/348/676
f 2291/334/678 2290/347/677 2289/335/677
f 2291/334/678 2292/346/678 2290/347/677
f 2293/333/679 2292/346/678 2291/334/678
f 2293/333/679 2294/344/679 2292/346/678
f 2295/336/680 2294/344/679 2293/333/679
f 2294/344/679 2295/336/680 2296/343/680
f 2297/338/681 2296/343/680 2295/336/680
f 2296/343/680 2297/338/681 2298/342/681
f 2299/340/682 2298/342/681 2297/338/681
f 2299/340/682 2300/345/682 2298/342/681
f 2301/470/794 2302/470/795 2303/471/796
f 2304/471/797 2303/471/796 2302/470/795
f 2305/472/652 2306/473/798 2307/472/799
f 2306/473/798 2305/472/652 2308/473/800
f 2309/472/652 2310/473/798 2311/472/799
f 2310/473/798 2309/472/652 2312/473/800
f 2313/472/652 2314/473/798 2315/472/799
f 2314/473/798 2313/472/652 2316/473/800
f 2317/472/652 2318/473/798 2319/472/799
f 2318/473/798 2317/472/652 2320/473/800
f 2321/472/652 2322/473/798 2323/472/799
f 2322/473/798 2321/472/652 2324/473/800
f 2325/474/801 2326/475/802 2327/474/803
f 2326/475/802 2325/474/801 2328/475/804
f 2329/472/805 2330/476/806 2331/473/807
f 2330/476/806 2329/472/805 2332/477/808
f 2331/473/807 2333/472/809 2329/472/805
f 2333/472/809 2331/473/807 2334/473/810
f 2335/347/678 2336/478/678 2337/479/678
f 2335/347/678 2337/479/678 2338/344/678
f 2339/480/678 2337/479/678 2336/478/678
f 2337/479/678 2339/480/678 2340/481/678
f 2341/482/678 2342/481/678 2339/480/678
f 2341/482/678 2343/354/678 2342/481/678
f 2343/354/678 2341/482/678 2344/483/678
f 2345/474/811 2346/475/812 2347/475/638
f 2346/475/812 2345/474/811 2348/474/813
f 2349/474/811 2350/475/812 2351/475/638
f 2350/475/812 2349/474/811 2352/474/813
f 2353/475/812 2354/475/638 2355/474/811
f 2353/475/812 2355/474/811 2356/474/813
f 2357/474/811 2358/475/814 2359/475/638
f 2358/475/814 2357/474/811 2360/474/815
f 2361/474/811 2362/475/812 2363/475/638
f 2362/475/812 2361/474/811 2364/474/813
f 2365/347/816 2366/347/817 2367/484/818
f 2368/484/819 2367/484/818 2366/347/817
f 2369/472/820 2370/476/821 2371/477/822
f 2370/476/821 2369/472/820 2372/473/798
f 2373/472/805 2374/476/806 2375/473/807
f 2374/476/806 2373/472/805 2376/477/808
f 2375/473/807 2377/472/809 2373/472/805
f 2375/473/807 2378/473/810 2377/472/809
f 2379/485/823 2380/336/824 2381/486/825
f 2381/486/825 2382/487/823 2379/485/823
f 2382/487/823 2381/486/825 2383/488/825
f 2380/336/824 2384/489/823 2381/486/825
f 2385/490/826 2380/336/824 2379/485/823
f 2386/491/823 2384/489/823 2380/336/824
f 2384/489/823 2386/491/823 2387/492/823
f 2387/492/823 2386/491/823 2388/493/827
f 2380/336/824 2389/494/826 2386/491/823
f 2390/333/823 2389/494/826 2380/336/824
f 2389/494/826 2390/333/823 2391/495/828
f 2380/336/824 2385/490/826 2392/343/829
f 2393/496/825 2385/490/826 2394/497/827
f 2385/490/826 2393/496/825 2395/498/825
f 2392/343/829 2385/490/826 2395/498/825
f 2395/498/825 2396/499/826 2392/343/829
f 2397/500/827 2396/499/826 2398/501/825
f 2396/499/826 2397/500/827 2399/502/823
f 2392/343/829 2396/499/826 2399/502/823
f 2399/502/823 2400/503/823 2392/343/829
f 2400/503/823 2401/344/830 2392/343/829
f 2401/344/830 2400/503/823 2402/504/825
f 2403/499/831 2404/343/824 2405/502/832
f 2403/499/831 2405/502/832 2406/500/833
f 2406/500/833 2407/501/831 2403/499/831
f 2404/343/824 2408/503/832 2405/502/832
f 2409/498/832 2404/343/824 2403/499/831
f 2410/344/832 2408/503/832 2404/343/824
f 2408/503/832 2410/344/832 2411/504/833
f 2404/343/824 2409/498/832 2412/490/831
f 2413/496/832 2412/490/831 2409/498/832
f 2412/490/831 2413/496/832 2414/497/833
f 2412/490/831 2415/336/676 2404/343/824
f 2416/485/832 2415/336/676 2412/490/831
f 2415/336/676 2416/485/832 2417/486/831
f 2418/487/832 2417/486/831 2416/485/832
f 2417/486/831 2418/487/832 2419/488/833
f 2415/336/676 2417/486/831 2420/489/832
f 2415/336/676 2420/489/832 2421/491/834
f 2422/492/832 2421/491/834 2420/489/832
f 2421/491/834 2422/492/832 2423/493/831
f 2415/336/676 2421/491/834 2424/494/834
f 2424/494/834 2425/333/832 2415/336/676
f 2425/333/832 2424/494/834 2426/495/833
f 2427/475/835 2428/505/836 2429/506/837
f 2427/475/835 2430/474/838 2428/505/836
f 2428/505/836 2431/507/839 2429/506/837
f 2431/507/839 2432/508/840 2429/506/837
f 2432/508/840 2431/507/839 2433/509/841
f 2434/474/842 2435/475/843 2436/505/844
f 2436/505/844 2435/475/843 2437/506/845
f 2437/506/845 2438/507/846 2436/505/844
f 2439/508/847 2438/507/846 2437/506/845
f 2438/507/846 2439/508/847 2440/509/848
f 2441/510/840 2442/511/849 2443/510/850
f 2442/511/849 2441/510/840 2444/511/851
f 2445/510/840 2446/511/849 2447/510/850
f 2446/511/849 2445/510/840 2448/511/851
f 2449/510/840 2450/511/852 2451/510/853
f 2450/511/852 2449/510/840 2452/511/851
f 2453/510/840 2454/511/849 2455/510/850
f 2454/511/849 2453/510/840 2456/511/851
f 2457/510/854 2458/511/849 2459/510/850
f 2458/511/849 2457/510/854 2460/511/852
f 2461/512/855 2462/512/856 2463/513/857
f 2461/512/855 2463/513/857 2464/513/858
f 2465/512/855 2466/512/856 2467/513/857
f 2465/512/855 2467/513/857 2468/513/858
f 2469/512/856 2470/513/661 2471/512/855
f 2470/513/661 2469/512/856 2472/513/857
f 2473/512/855 2474/512/856 2475/513/859
f 2473/512/855 2475/513/859 2476/513/661
f 2477/512/855 2478/512/856 2479/513/857
f 2477/512/855 2479/513/857 2480/513/858
f 2481/333/622 2482/336/622 2483/336/622
f 2482/336/622 2484/338/622 2483/336/622
f 2482/336/622 2481/333/622 2485/333/622
f 2482/336/622 2486/338/622 2484/338/622
f 2487/340/622 2484/338/622 2486/338/622
f 2484/338/622 2487/340/622 2488/340/622
f 2489/334/622 2485/333/622 2481/333/622
f 2489/334/622 2481/333/622 2490/334/622
f 2491/335/622 2489/334/622 2490/334/622
f 2491/335/622 2490/334/622 2492/335/622
f 2493/337/622 2491/335/622 2492/335/622
f 2492/335/622 2494/337/622 2493/337/622
f 2495/339/622 2493/337/622 2494/337/622
f 2493/337/622 2495/339/622 2496/339/622
f 2497/341/622 2496/339/622 2495/339/622
f 2496/339/622 2497/341/622 2498/341/622
f 2499/513/860 2500/512/861 2501/513/862
f 2500/512/861 2499/513/860 2502/512/863
f 2503/513/860 2504/512/861 2505/513/862
f 2504/512/861 2503/513/860 2506/512/863
f 2507/513/864 2508/512/863 2509/512/861
f 2508/512/863 2507/513/864 2510/513/860
f 2511/513/865 2512/512/861 2513/513/864
f 2512/512/861 2511/513/865 2514/512/863
f 2515/513/860 2516/512/861 2517/513/862
f 2516/512/861 2515/513/860 2518/512/863
f 2519/511/866 2520/511/867 2521/510/868
f 2519/511/866 2521/510/868 2522/510/869
f 2523/511/866 2524/511/867 2525/510/868
f 2523/511/866 2525/510/868 2526/510/869
f 2527/510/868 2528/511/870 2529/511/867
f 2528/511/870 2527/510/868 2530/510/871
f 2531/511/866 2532/511/867 2533/510/868
f 2531/511/866 2533/510/868 2534/510/869
f 2535/511/866 2536/511/870 2537/510/872
f 2535/511/866 2537/510/872 2538/510/869
f 2539/514/873 2540/476/806 2541/477/874
f 2540/476/806 2539/514/873 2542/515/875
f 2543/516/876 2544/517/877 2545/518/878
f 2546/496/876 2544/517/877 2543/516/876
f 2544/517/877 2546/496/876 2547/497/876
f 2545/518/878 2544/517/877 2548/519/879
f 2549/346/880 2545/518/878 2548/519/879
f 2549/346/880 2550/520/876 2545/518/878
f 2548/519/879 2551/334/881 2549/346/880
f 2552/521/877 2551/334/881 2548/519/879
f 2550/520/876 2549/346/880 2553/522/877
f 2553/522/877 2549/346/880 2554/523/877
f 2555/524/876 2550/520/876 2553/522/877
f 2549/346/880 2556/525/877 2554/523/877
f 2557/344/877 2556/525/877 2549/346/880
f 2556/525/877 2557/344/877 2558/504/877
f 2550/520/876 2555/524/876 2559/526/876
f 2560/500/877 2559/526/876 2555/524/876
f 2559/526/876 2560/500/877 2561/501/877
f 2562/527/877 2552/521/877 2563/528/877
f 2564/487/878 2562/527/877 2563/528/877
f 2562/527/877 2564/487/878 2565/488/877
f 2552/521/877 2562/527/877 2566/529/876
f 2566/529/876 2551/334/881 2552/521/877
f 2567/530/877 2551/334/881 2566/529/876
f 2551/334/881 2567/530/877 2568/531/876
f 2551/334/881 2568/531/876 2569/532/877
f 2567/530/877 2570/533/877 2568/531/876
f 2571/534/876 2551/334/881 2569/532/877
f 2551/334/881 2571/534/876 2572/333/879
f 2573/495/879 2572/333/879 2571/534/876
f 2570/533/877 2567/530/877 2574/535/877
f 2574/535/877 2575/492/878 2570/533/877
f 2570/533/877 2575/492/878 2576/493/876
f 2577/514/860 2578/476/821 2579/515/882
f 2578/476/821 2577/514/860 2580/477/883
f 2581/536/680 2582/536/884 2583/537/885
f 2581/536/680 2583/537/885 2584/537/680
f 2585/538/886 2586/538/680 2587/342/680
f 2585/538/886 2587/342/680 2588/342/887
f 2589/539/680 2590/539/680 2591/540/680
f 2589/539/680 2591/540/680 2592/540/680
f 2593/333/888 2594/534/889 2595/334/890
f 2594/534/889 2593/333/888 2596/495/888
f 2594/534/889 2597/532/891 2595/334/890
f 2595/334/890 2597/532/891 2598/531/889
f 2599/530/888 2595/334/890 2598/531/889
f 2600/533/891 2599/530/888 2598/531/889
f 2599/530/888 2600/533/891 2601/535/891
f 2601/535/891 2600/533/891 2602/492/891
f 2602/492/891 2600/533/891 2603/493/889
f 2595/334/890 2599/530/888 2604/529/889
f 2595/334/890 2604/529/889 2605/521/891
f 2606/527/891 2605/521/891 2604/529/889
f 2595/334/890 2605/521/891 2607/519/888
f 2605/521/891 2606/527/891 2608/528/891
f 2608/528/891 2606/527/891 2609/487/891
f 2609/487/891 2606/527/891 2610/488/889
f 2607/519/888 2611/346/892 2595/334/890
f 2612/518/891 2611/346/892 2607/519/888
f 2607/519/888 2613/517/891 2612/518/891
f 2612/518/891 2613/517/891 2614/516/891
f 2613/517/891 2615/496/888 2614/516/891
f 2615/496/888 2613/517/891 2616/497/888
f 2617/520/888 2611/346/892 2612/518/891
f 2611/346/892 2617/520/888 2618/522/889
f 2617/520/888 2619/524/889 2618/522/889
f 2611/346/892 2618/522/889 2620/523/891
f 2619/524/889 2617/520/888 2621/526/889
f 2621/526/889 2622/500/891 2619/524/889
f 2622/500/891 2621/526/889 2623/501/889
f 2624/525/891 2611/346/892 2620/523/891
f 2611/346/892 2624/525/891 2625/344/891
f 2626/504/891 2625/344/891 2624/525/891
f 2627/361/667 2628/362/893 2629/541/894
f 2628/362/893 2630/364/895 2629/541/894
f 2629/541/894 2630/364/895 2631/365/641
f 2631/365/641 2630/364/895 2632/366/642
f 2632/366/642 2633/367/643 2631/365/641
f 2634/364/673 2635/541/896 2636/365/671
f 2635/541/896 2634/364/673 2637/362/897
f 2637/362/897 2638/361/672 2635/541/896
f 2639/366/649 2634/364/673 2636/365/671
f 2640/367/650 2639/366/649 2636/365/671
f 2641/368/651 2642/369/652 2643/370/653
f 2642/369/652 2641/368/651 2644/371/654
f 2645/372/724 2646/368/651 2643/370/653
f 2646/368/651 2645/372/724 2647/373/656
f 2648/368/657 2649/369/658 2650/371/659
f 2649/369/658 2648/368/657 2651/370/660
f 2652/368/657 2653/372/858 2651/370/660
f 2653/372/858 2652/368/657 2654/373/662
f 2655/474/898 2656/475/899 2657/542/900
f 2658/474/801 2656/475/899 2655/474/898
f 2656/475/899 2658/474/801 2659/475/901
f 2657/542/900 2656/475/899 2660/506/845
f 2660/506/845 2661/507/902 2657/542/900
f 2662/508/847 2661/507/902 2660/506/845
f 2661/507/902 2662/508/847 2663/509/848
f 2664/472/805 2665/476/806 2666/473/807
f 2665/476/806 2664/472/805 2667/477/808
f 2666/473/807 2668/472/809 2664/472/805
f 2668/472/809 2666/473/807 2669/473/810
f 2670/543/903 2671/544/903 2672/334/904
f 2673/545/905 2670/543/903 2672/334/904
f 2673/545/905 2674/335/906 2675/546/907
f 2674/335/906 2673/545/905 2672/334/904
f 2676/547/903 2672/334/904 2671/544/903
f 2677/548/908 2676/547/903 2671/544/903
f 2676/547/903 2677/548/908 2678/549/908
f 2678/549/908 2677/548/908 2679/550/909
f 2679/550/909 2677/548/908 2680/551/909
f 2681/552/903 2672/334/904 2676/547/903
f 2672/334/904 2681/552/903 2682/553/903
f 2683/554/908 2682/553/903 2681/552/903
f 2672/334/904 2682/553/903 2684/555/903
f 2682/553/903 2683/554/908 2685/556/908
f 2685/556/908 2683/554/908 2686/557/909
f 2686/557/909 2683/554/908 2687/558/909
f 2684/555/903 2688/346/910 2672/334/904
f 2689/559/903 2688/346/910 2684/555/903
f 2684/555/903 2690/560/908 2689/559/903
f 2689/559/903 2690/560/908 2691/561/908
f 2690/560/908 2692/562/909 2691/561/908
f 2692/562/909 2690/560/908 2693/563/909
f 2694/564/908 2688/346/910 2689/559/903
f 2688/346/910 2694/564/908 2695/565/903
f 2688/346/910 2695/565/903 2696/566/903
f 2694/564/908 2697/567/908 2695/565/903
f 2698/568/905 2688/346/910 2696/566/903
f 2688/346/910 2698/568/905 2699/347/911
f 2700/569/912 2699/347/911 2698/568/905
f 2697/567/908 2694/564/908 2701/570/908
f 2701/570/908 2702/571/909 2697/567/908
f 2697/567/908 2702/571/909 2703/572/909
f 2704/561/913 2705/560/913 2706/559/914
f 2707/562/915 2705/560/913 2704/561/913
f 2705/560/913 2707/562/915 2708/563/915
f 2706/559/914 2705/560/913 2709/555/914
f 2710/346/916 2706/559/914 2709/555/914
f 2710/346/916 2711/564/914 2706/559/914
f 2709/555/914 2712/334/917 2710/346/916
f 2713/553/914 2712/334/917 2709/555/914
f 2711/564/914 2710/346/916 2714/565/914
f 2714/565/914 2710/346/916 2715/566/914
f 2716/567/913 2711/564/914 2714/565/914
f 2717/568/913 2715/566/914 2710/346/916
f 2718/347/918 2717/568/913 2710/346/916
f 2717/568/913 2718/347/918 2719/569/919
f 2711/564/914 2716/567/913 2720/570/913
f 2720/570/913 2716/567/913 2721/571/915
f 2721/571/915 2716/567/913 2722/572/915
f 2723/554/913 2713/553/914 2724/556/913
f 2725/557/915 2723/554/913 2724/556/913
f 2723/554/913 2725/557/915 2726/558/915
f 2713/553/914 2723/554/913 2727/552/914
f 2727/552/914 2712/334/917 2713/553/914
f 2728/547/914 2712/334/917 2727/552/914
f 2712/334/917 2728/547/914 2729/544/914
f 2712/334/917 2729/544/914 2730/543/914
f 2728/547/914 2731/548/913 2729/544/914
f 2732/545/920 2712/334/917 2730/543/914
f 2712/334/917 2732/545/920 2733/335/921
f 2734/546/922 2733/335/921 2732/545/920
f 2731/548/913 2728/547/914 2735/549/913
f 2735/549/913 2736/550/915 2731/548/913
f 2731/548/913 2736/550/915 2737/551/915
f 2738/573/923 2739/337/680 2740/348/924
f 2738/573/923 2740/348/924 2741/562/923
f 2741/562/923 2740/348/924 2742/574/923
f 2742/574/923 2740/348/924 2743/572/923
f 2743/572/923 2740/348/924 2744/575/925
f 2740/348/924 2745/347/926 2744/575/925
f 2739/337/680 2738/573/923 2746/557/923
f 2739/337/680 2746/557/923 2747/576/923
f 2739/337/680 2747/576/923 2748/550/923
f 2739/337/680 2748/550/923 2749/577/923
f 2739/337/680 2749/577/923 2750/546/927
f 2751/335/928 2739/337/680 2750/546/927
f 2752/573/929 2753/348/930 2754/337/931
f 2755/562/929 2753/348/930 2752/573/929
f 2753/348/930 2755/562/929 2756/574/929
f 2757/572/929 2753/348/930 2756/574/929
f 2753/348/930 2757/572/929 2758/575/932
f 2753/348/930 2758/575/932 2759/347/933
f 2754/337/931 2760/557/929 2752/573/929
f 2760/557/929 2754/337/931 2761/576/929
f 2761/576/929 2754/337/931 2762/550/929
f 2762/550/929 2754/337/931 2763/577/929
f 2763/577/929 2754/337/931 2764/546/934
f 2764/546/934 2754/337/931 2765/335/921
f 2766/472/935 2767/476/806 2768/473/936
f 2767/476/806 2766/472/935 2769/477/808
f 2768/473/936 2770/472/809 2766/472/935
f 2770/472/809 2768/473/936 2771/473/810
f 2772/474/937 2773/475/938 2774/505/939
f 2775/474/801 2773/475/938 2772/474/937
f 2773/475/938 2775/474/801 2776/475/901
f 2774/505/939 2773/475/938 2777/506/940
f 2777/506/940 2778/507/941 2774/505/939
f 2779/474/898 2780/475/942 2781/505/900
f 2782/474/801 2780/475/942 2779/474/898
f 2780/475/942 2782/474/801 2783/475/901
f 2781/505/900 2780/475/942 2784/506/845
f 2784/506/845 2785/507/902 2781/505/900
f 2786/508/943 2785/507/902 2784/506/845
f 2785/507/902 2786/508/943 2787/509/848
f 2788/472/805 2789/476/806 2790/473/807
f 2789/476/806 2788/472/805 2791/477/808
f 2790/473/807 2792/472/809 2788/472/805
f 2790/473/807 2793/473/810 2792/472/809
f 2794/343/600 2795/348/600 2796/346/600
f 2796/346/600 2795/348/600 2797/347/600
f 2794/343/600 2796/346/600 2798/344/600
f 2794/343/600 2799/346/600 2795/348/600
f 2795/348/600 2799/346/600 2800/347/600
f 2799/346/600 2794/343/600 2801/344/600
f 2802/472/820 2803/476/821 2804/477/822
f 2803/476/821 2802/472/820 2805/473/798
f 2806/474/944 2807/475/942 2808/505/843
f 2809/474/801 2807/475/942 2806/474/944
f 2807/475/942 2809/474/801 2810/475/901
f 2808/505/843 2807/475/942 2811/506/845
f 2811/506/845 2812/507/902 2808/505/843
f 2813/508/943 2812/507/902 2811/506/845
f 2812/507/902 2813/508/943 2814/509/848
f 2815/578/945 2816/476/806 2817/477/946
f 2816/476/806 2815/578/945 2818/515/875
f 2819/578/865 2820/476/821 2821/515/947
f 2820/476/821 2819/578/865 2822/477/883
f 2823/475/948 2824/542/949 2825/506/837
f 2823/475/948 2826/474/813 2824/542/949
f 2824/542/949 2827/507/950 2825/506/837
f 2827/507/950 2828/508/840 2825/506/837
f 2828/508/840 2827/507/950 2829/509/841
f 2830/348/680 2831/349/679 2832/348/680
f 2831/349/679 2830/348/680 2833/349/679
f 2834/350/730 2831/349/679 2833/349/679
f 2835/350/678 2834/350/730 2833/349/679
f 2832/348/680 2836/347/681 2830/348/680
f 2836/347/681 2832/348/680 2837/347/681
f 2836/347/681 2837/347/681 2838/346/682
f 2837/347/681 2839/346/682 2838/346/682
f 2838/346/682 2839/346/682 2840/344/674
f 2839/346/682 2841/344/674 2840/344/674
f 2840/344/674 2841/344/674 2842/343/676
f 2841/344/674 2843/343/676 2842/343/676
f 2842/343/676 2843/343/676 2844/342/677
f 2843/343/676 2845/342/677 2844/342/677
f 2844/342/677 2845/342/677 2846/345/731
f 2845/342/677 2847/345/732 2846/345/731
f 2848/579/951 2849/471/952 2850/470/953
f 2848/579/951 2850/470/953 2851/580/953
f 2852/466/954 2853/341/955 2854/467/956
f 2854/467/956 2853/341/955 2855/334/957
f 2856/466/958 2853/341/955 2852/466/954
f 2853/341/955 2856/466/958 2857/341/959
f 2858/466/960 2857/341/959 2856/466/958
f 2857/341/959 2858/466/960 2859/341/961
f 2854/467/962 2860/334/962 2861/334/600
f 2862/467/600 2854/467/962 2861/334/600
f 2863/472/820 2864/476/821 2865/477/822
f 2864/476/821 2863/472/820 2866/473/798
f 2867/581/865 2868/476/821 2869/515/947
f 2868/476/821 2867/581/865 2870/477/883
f 2871/581/945 2872/476/806 2873/477/946
f 2872/476/806 2871/581/945 2874/515/875
f 2875/475/948 2876/505/949 2877/506/837
f 2875/475/948 2878/474/813 2876/505/949
f 2876/505/949 2879/507/950 2877/506/837
f 2879/507/950 2880/508/840 2877/506/837
f 2880/508/840 2879/507/950 2881/509/841
f 2882/466/963 2883/341/964 2884/466/964
f 2883/341/964 2882/466/963 2885/341/965
f 2886/466/966 2885/341/965 2882/466/963
f 2885/341/965 2886/466/966 2887/341/967
f 2888/466/968 2887/341/967 2886/466/966
f 2887/341/967 2888/466/968 2889/341/969
f 2890/466/970 2889/341/969 2888/466/968
f 2889/341/969 2890/466/970 2891/341/971
f 2892/466/972 2891/341/971 2890/466/970
f 2891/341/971 2892/466/972 2893/341/972
f 2894/466/973 2893/341/972 2892/466/972
f 2893/341/972 2894/466/973 2895/341/974
f 2896/466/975 2895/341/974 2894/466/973
f 2895/341/974 2896/466/975 2897/341/976
f 2898/466/676 2897/341/976 2896/466/975
f 2897/341/976 2898/466/676 2899/341/676
f 2900/472/820 2901/476/821 2902/477/822
f 2901/476/821 2900/472/820 2903/473/798
f 2904/514/865 2905/476/821 2906/515/947
f 2905/476/821 2904/514/865 2907/477/883
f 2908/514/945 2909/476/806 2910/477/946
f 2909/476/806 2908/514/945 2911/515/875
f 2912/475/948 2913/505/977 2914/506/837
f 2912/475/948 2915/474/978 2913/505/977
f 2913/505/977 2916/507/950 2914/506/837
f 2916/507/950 2917/508/840 2914/506/837
f 2917/508/840 2916/507/950 2918/509/841
f 2919/475/979 2920/505/980 2921/506/981
f 2920/505/980 2922/507/982 2921/506/981
f 2919/475/979 2923/474/978 2920/505/980
f 2924/472/820 2925/476/821 2926/477/822
f 2925/476/821 2924/472/820 2927/473/983
f 2928/507/984 2929/582/985 2930/506/986
f 2929/582/985 2928/507/984 2931/509/985
f 2932/514/865 2933/476/821 2934/515/987
f 2933/476/821 2932/514/865 2935/477/822
f 2936/507/988 2937/582/989 2938/509/989
f 2937/582/989 2936/507/988 2939/506/990
f 2940/514/945 2941/476/806 2942/477/808
f 2941/476/806 2940/514/945 2943/515/991
f 2944/583/992 2945/483/993 2946/584/994
f 2946/584/994 2945/483/993 2947/482/995
f 2948/344/996 2949/360/997 2950/344/996
f 2950/344/996 2949/360/997 2951/360/998
f 2952/360/996 2953/351/996 2954/344/999
f 2955/347/997 2954/344/999 2953/351/996
f 2956/344/1000 2957/360/1001 2958/344/1001
f 2958/344/1001 2957/360/1001 2959/360/1000
f 2960/346/1002 2961/347/1003 2962/346/693
f 2963/344/1004 2960/346/1002 2962/346/693
f 2961/347/1003 2960/346/1002 2964/347/1005
f 2960/346/1002 2963/344/1004 2965/344/1006
f 2966/348/1007 2961/347/1003 2964/347/1005
f 2965/344/1006 2963/344/1004 2967/343/1008
f 2961/347/1003 2966/348/1007 2968/348/688
f 2969/343/698 2967/343/1008 2963/344/1004
f 2966/348/1007 2970/349/1009 2968/348/688
f 2971/342/1010 2967/343/1008 2969/343/698
f 2970/349/1009 2966/348/1007 2972/349/1011
f 2973/350/1012 2970/349/1009 2972/349/1011
f 2970/349/1009 2973/350/1012 2974/350/1013
f 2967/343/1008 2971/342/1010 2975/342/1014
f 2971/342/1010 2976/345/1015 2975/342/1014
f 2976/345/1015 2971/342/1010 2977/345/684
f 2978/344/600 2979/343/600 2980/343/600
f 2981/342/600 2980/343/600 2979/343/600
f 2979/343/600 2978/344/600 2982/344/600
f 2981/342/600 2979/343/600 2983/342/600
f 2983/342/600 2984/345/600 2981/342/600
f 2984/345/600 2983/342/600 2985/345/600
f 2986/346/600 2982/344/600 2978/344/600
f 2982/344/600 2986/346/600 2987/346/600
f 2986/346/600 2988/347/600 2987/346/600
f 2986/346/600 2989/347/600 2988/347/600
f 2990/348/600 2988/347/600 2989/347/600
f 2988/347/600 2990/348/600 2991/348/600
f 2990/348/600 2992/349/600 2991/348/600
f 2990/348/600 2993/349/600 2992/349/600
f 2994/350/600 2992/349/600 2993/349/600
f 2992/349/600 2994/350/600 2995/350/600
f 2996/585/1016 2997/354/1017 2998/586/992
f 2997/354/1017 2996/585/1016 2999/354/1018
