# Blender 4.2.16 LTS
# www.blender.org
o Cube_005_Cube_069_121294691542287
v -1.646492 0.158291 -0.015991
v -1.646492 0.132174 0.021307
v -1.637063 0.145233 0.002658
v -1.669258 0.163700 -0.023716
v -1.669258 0.126766 0.029032
v -1.692026 0.132174 0.021307
v -1.692026 0.158291 -0.015991
v -1.701455 0.145233 0.002658
v -1.728160 0.122829 -0.029624
v -1.610106 0.107235 -0.007353
v -1.610106 0.122829 -0.029624
v -1.728160 0.107235 -0.007353
v -1.564198 -0.642856 -0.544814
v -1.774070 -0.642856 -0.377642
v -1.774070 -0.642856 -0.544814
v -1.564198 -0.642856 -0.377642
v -1.774070 -0.601370 -0.544814
v -1.564198 -0.601370 -0.544814
v -1.550516 -0.622114 -0.558496
v -1.787752 -0.622114 -0.558496
v -1.564198 -0.642856 -0.544814
v -1.774070 -0.642856 -0.544814
v -1.610106 -0.508358 -0.411627
v -1.728160 -0.523951 -0.389356
v -1.728160 -0.508358 -0.411627
v -1.610106 -0.523951 -0.389356
v -1.564198 -0.642856 -0.544814
v -1.550516 -0.622111 -0.363960
v -1.564198 -0.642856 -0.377642
v -1.550516 -0.622114 -0.558496
v -1.564198 -0.601369 -0.377642
v -1.564198 -0.601370 -0.544814
v -1.787752 -0.622114 -0.558496
v -1.774070 -0.601369 -0.377642
v -1.774070 -0.601370 -0.544814
v -1.787752 -0.622111 -0.363960
v -1.774070 -0.642856 -0.544814
v -1.774070 -0.642856 -0.377642
v -1.610106 0.107235 -0.007353
v -1.610106 -0.508358 -0.411627
v -1.610106 0.122829 -0.029624
v -1.610106 -0.523951 -0.389356
v -1.728160 0.122829 -0.029624
v -1.728160 -0.508358 -0.411627
v -1.728160 0.107235 -0.007353
v -1.728160 -0.523951 -0.389356
v -1.692026 -0.535442 -0.386204
v -1.669258 0.126766 0.029032
v -1.692026 0.132174 0.021307
v -1.669258 -0.540851 -0.378479
v -1.692026 0.158291 -0.015991
v -1.669258 -0.503917 -0.431227
v -1.692026 -0.509326 -0.423502
v -1.669258 0.163700 -0.023716
v -1.669258 -0.503917 -0.431227
v -1.669258 0.163700 -0.023716
v -1.646492 0.158291 -0.015991
v -1.646492 -0.509323 -0.423502
v -1.646492 -0.535442 -0.386204
v -1.669258 0.126766 0.029032
v -1.669258 -0.540851 -0.378479
v -1.646492 0.132174 0.021307
v -1.646492 -0.509323 -0.423502
v -1.646492 0.158291 -0.015991
v -1.637063 0.145233 0.002658
v -1.637063 -0.522384 -0.404853
v -1.646492 0.132174 0.021307
v -1.646492 -0.535442 -0.386204
v -1.692026 0.132174 0.021307
v -1.701455 -0.522384 -0.404853
v -1.692026 -0.535442 -0.386204
v -1.701455 0.145233 0.002658
v -1.692026 -0.509326 -0.423502
v -1.692026 0.158291 -0.015991
v -1.610106 -0.523951 -0.389356
v -1.610106 0.107235 -0.007353
v -1.728160 -0.523951 -0.389356
v -1.728160 0.107235 -0.007353
v -1.610106 0.122829 -0.029624
v -1.610106 -0.508358 -0.411627
v -1.728160 0.122829 -0.029624
v -1.728160 -0.508358 -0.411627
v -1.787752 -0.622111 -0.363960
v -1.550516 -0.622111 -0.363960
v -1.564198 -0.601369 -0.377642
v -1.774070 -0.601369 -0.377642
v -1.564198 -0.642856 -0.377642
v -1.774070 -0.642856 -0.377642
v -1.698972 -0.514120 -0.435340
v -1.723886 -0.610922 -0.466848
v -1.711280 -0.531163 -0.411000
v -1.707886 -0.610922 -0.505476
v -1.707886 -0.610920 -0.428220
v -1.669258 -0.610922 -0.521477
v -1.698972 -0.548205 -0.386660
v -1.669258 -0.555265 -0.376578
v -1.669258 -0.610922 -0.412220
v -1.669258 -0.507060 -0.445423
v -1.639545 -0.514120 -0.435341
v -1.630631 -0.610922 -0.505476
v -1.614630 -0.610922 -0.466848
v -1.627237 -0.531163 -0.411000
v -1.630631 -0.610920 -0.428220
v -1.639545 -0.548205 -0.386660
v -1.669258 -0.555265 -0.376578
v -1.669258 -0.610922 -0.412220
v -1.669258 -0.555265 -0.376578
v -1.692026 -0.535442 -0.386204
v -1.698972 -0.548205 -0.386660
v -1.669258 -0.540851 -0.378479
v -1.711280 -0.531163 -0.411000
v -1.701455 -0.522384 -0.404853
v -1.692026 -0.509326 -0.423502
v -1.698972 -0.514120 -0.435340
v -1.669258 -0.503917 -0.431227
v -1.669258 -0.507060 -0.445423
v -1.639545 -0.514120 -0.435341
v -1.646492 -0.509323 -0.423502
v -1.627237 -0.531163 -0.411000
v -1.637063 -0.522384 -0.404853
v -1.646492 -0.535442 -0.386204
v -1.639545 -0.548205 -0.386660
v -1.669258 -0.555265 -0.376578
v -1.669258 -0.540851 -0.378479
v -1.774070 -0.601370 -0.544814
v -1.564198 -0.601369 -0.377642
v -1.564198 -0.601370 -0.544814
v -1.774070 -0.601369 -0.377642
vn -0.0000 0.8191 0.5736
vn -0.0000 0.8192 0.5736
vn 0.0004 0.8190 0.5738
vn 0.0003 0.8191 0.5737
vn 0.0007 0.8189 0.5740
vn 0.0005 -1.0000 0.0005
vn 0.0003 0.5505 -0.8348
vn -0.0000 0.5506 -0.8348
vn 0.0005 0.0005 -1.0000
vn -0.0000 -0.5506 -0.8348
vn 0.0004 -0.8190 -0.5738
vn 0.0006 -0.8190 -0.5738
vn 0.8348 -0.5506 -0.0000
vn 1.0000 0.0005 0.0005
vn 0.8348 0.5506 -0.0000
vn 0.8348 0.5505 0.0005
vn -1.0000 0.0005 0.0005
vn -0.8348 0.5506 -0.0000
vn -0.8348 -0.5506 -0.0000
vn -0.8038 -0.3103 0.5076
vn 0.0005 -0.5213 0.8534
vn -0.8078 -0.3074 0.5029
vn 0.0004 -0.5212 0.8534
vn -0.8038 0.3103 -0.5076
vn 0.0004 0.5212 -0.8534
vn -0.8079 0.3074 -0.5029
vn 0.0005 0.5212 -0.8534
vn 0.0006 0.5213 -0.8534
vn 0.8038 0.3103 -0.5077
vn 0.8078 0.3074 -0.5029
vn 0.8038 -0.3103 0.5076
vn 0.0005 -0.5212 0.8534
vn 0.0007 -0.5213 0.8534
vn 0.8079 -0.3074 0.5029
vn 0.8079 0.3074 -0.5028
vn 0.8038 0.3103 -0.5076
vn 1.0000 0.0034 -0.0063
vn 1.0000 -0.0034 0.0063
vn 0.8079 -0.3074 0.5028
vn 0.8038 -0.3103 0.5075
vn -0.8079 -0.3074 0.5028
vn -1.0000 -0.0034 0.0063
vn -0.8038 -0.3102 0.5076
vn -1.0000 0.0034 -0.0063
vn -0.8079 0.3074 -0.5028
vn -0.8038 0.3102 -0.5076
vn -0.0000 -0.5178 0.8555
vn 0.0004 0.5175 -0.8557
vn -0.0000 0.5178 -0.8555
vn 0.0006 0.5175 -0.8557
vn 0.0005 0.0005 1.0000
vn -0.0000 0.5506 0.8348
vn 0.0005 0.5505 0.8348
vn 0.0005 -0.5505 0.8348
vn -0.0000 -0.5506 0.8348
vn -0.6982 0.4656 -0.5438
vn -0.9866 0.1598 -0.0318
vn -0.9931 0.1021 0.0582
vn -0.7803 0.4207 -0.4628
vn -0.8612 -0.1920 0.4706
vn 0.0005 0.5993 -0.8005
vn -0.7097 -0.3219 0.6267
vn 0.0005 -0.5261 0.8504
vn 0.0003 -0.5261 0.8504
vn 0.6982 0.4656 -0.5438
vn 0.7803 0.4207 -0.4627
vn 0.9866 0.1598 -0.0318
vn 0.9931 0.1021 0.0581
vn 0.8612 -0.1920 0.4706
vn 0.7097 -0.3219 0.6267
vn 0.0006 -0.5261 0.8504
vn 0.0005 0.1305 0.9915
vn -0.4100 0.1911 0.8918
vn -0.6704 0.3413 0.6589
vn -0.7371 0.5535 0.3876
vn -0.7371 0.5536 0.3876
vn -0.4100 0.9034 -0.1256
vn -0.6709 0.7354 0.0953
vn 0.0003 0.9763 -0.2163
vn 0.0007 0.9763 -0.2164
vn 0.6709 0.7354 0.0952
vn 0.4100 0.9034 -0.1255
vn 0.7374 0.5535 0.3872
vn 0.7371 0.5536 0.3876
vn 0.4100 0.1911 0.8918
vn 0.6704 0.3413 0.6589
vn 0.0008 0.1304 0.9915
vn 0.0005 0.1305 0.9914
vn 0.0005 1.0000 0.0005
vt 0.625000 0.500000
vt 0.875000 0.500000
vt 0.750000 0.500000
vt 0.500000 0.500000
vt 0.000000 0.500000
vt 0.125000 0.500000
vt 0.375000 0.500000
vt 0.250000 0.500000
vt 0.375000 0.250000
vt 0.625000 0.250000
vt 0.625000 1.000000
vt 0.375000 0.750000
vt 0.625000 0.750000
vt 0.375000 1.000000
vt 0.875000 0.625000
vt 0.625000 0.625000
vt 0.875000 0.750000
vt 0.625000 0.000000
vt 0.375000 0.125000
vt 0.375000 0.000000
vt 0.625000 0.125000
vt 0.375000 0.625000
vt 0.125000 0.950000
vt 0.000000 0.950000
vt 0.500000 0.950000
vt 0.375000 0.950000
vt 0.625000 0.950000
vt 0.875000 0.950000
vt 1.000000 0.500000
vt 1.000000 0.950000
vt 0.750000 0.950000
vt 0.250000 0.950000
vt 0.125000 0.750000
vt 0.125000 0.625000
s 1
f 1/1/1 2/2/2 3/3/1
f 4/4/3 2/2/2 1/1/1
f 2/2/2 4/4/3 5/5/4
f 4/4/3 6/6/3 5/5/4
f 6/6/3 4/4/3 7/7/5
f 6/6/3 7/7/5 8/8/1
f 9/1/2 10/9/3 11/10/2
f 10/9/3 9/1/2 12/7/2
f 13/11/6 14/12/6 15/13/6
f 14/12/6 13/11/6 16/14/6
f 17/1/7 18/2/8 19/15/9
f 17/1/7 19/15/9 20/16/9
f 21/17/10 20/16/9 19/15/9
f 20/16/9 21/17/10 22/13/10
f 23/11/11 24/12/11 25/13/11
f 24/12/11 23/11/11 26/14/12
f 27/18/13 28/19/14 29/20/13
f 28/19/14 27/18/13 30/21/14
f 30/21/14 31/9/15 28/19/14
f 31/9/15 30/21/14 32/10/16
f 33/16/17 34/7/18 35/1/18
f 33/16/17 36/22/17 34/7/18
f 37/13/19 36/22/17 33/16/17
f 36/22/17 37/13/19 38/12/19
f 39/9/14 40/18/14 41/10/14
f 40/18/14 39/9/14 42/20/14
f 43/1/17 44/13/17 45/7/17
f 45/7/17 44/13/17 46/12/17
f 47/23/20 48/5/21 49/6/22
f 48/5/21 47/23/20 50/24/23
f 51/7/24 52/25/25 53/26/26
f 52/25/25 51/7/24 54/4/25
f 55/25/27 56/4/28 57/1/29
f 57/1/29 58/27/30 55/25/27
f 59/28/31 60/29/32 61/30/33
f 60/29/32 59/28/31 62/2/34
f 63/27/35 64/1/36 65/3/37
f 65/3/37 66/31/38 63/27/35
f 66/31/38 65/3/37 67/2/39
f 67/2/39 68/28/40 66/31/38
f 69/6/41 70/32/42 71/23/43
f 70/32/42 69/6/41 72/8/44
f 72/8/44 73/26/45 70/32/42
f 73/26/45 72/8/44 74/7/46
f 75/33/47 76/6/47 77/12/47
f 77/12/47 76/6/47 78/7/47
f 79/2/48 80/17/49 81/1/49
f 81/1/49 80/17/49 82/13/50
f 83/22/51 84/34/51 85/6/52
f 83/22/51 85/6/52 86/7/53
f 83/22/51 87/33/54 84/34/51
f 87/33/54 83/22/51 88/12/55
f 89/26/56 90/32/57 91/32/58
f 90/32/57 89/26/56 92/26/59
f 93/23/60 91/32/58 90/32/57
f 89/26/56 94/25/61 92/26/59
f 91/32/58 93/23/60 95/23/62
f 93/23/60 96/24/63 95/23/62
f 93/23/60 97/24/64 96/24/63
f 98/25/61 94/25/61 89/26/56
f 99/27/65 94/25/61 98/25/61
f 94/25/61 99/27/65 100/27/66
f 100/27/66 99/27/65 101/31/67
f 101/31/67 99/27/65 102/31/68
f 101/31/67 102/31/68 103/28/69
f 103/28/69 102/31/68 104/28/70
f 105/30/63 103/28/69 104/28/70
f 103/28/69 105/30/63 106/30/71
f 107/24/72 108/23/73 109/23/74
f 108/23/73 107/24/72 110/24/72
f 108/23/73 111/32/75 109/23/74
f 108/23/73 112/32/76 111/32/75
f 113/26/77 111/32/75 112/32/76
f 111/32/75 113/26/77 114/26/78
f 115/25/79 114/26/78 113/26/77
f 114/26/78 115/25/79 116/25/80
f 117/27/81 116/25/80 115/25/79
f 117/27/81 115/25/79 118/27/82
f 118/27/82 119/31/83 117/27/81
f 119/31/83 118/27/82 120/31/84
f 121/28/85 119/31/83 120/31/84
f 119/31/83 121/28/85 122/28/86
f 123/30/87 122/28/86 121/28/85
f 123/30/87 121/28/85 124/30/88
f 125/1/89 126/9/89 127/10/89
f 126/9/89 125/1/89 128/7/89
o Cube_005_Cube_069_121294691542287.001
v -1.692988 0.155050 -0.001305
v -1.692988 0.128933 -0.038603
v -1.702417 0.141992 -0.019954
v -1.670222 0.160459 0.006420
v -1.670222 0.123525 -0.046328
v -1.647454 0.128933 -0.038603
v -1.647454 0.155050 -0.001305
v -1.638025 0.141992 -0.019954
v -1.611320 0.119588 0.012328
v -1.729374 0.103994 -0.009943
v -1.729374 0.119588 0.012328
v -1.611320 0.103994 -0.009943
v -1.775282 -0.646097 0.527518
v -1.565410 -0.646097 0.360346
v -1.565410 -0.646097 0.527518
v -1.775282 -0.646097 0.360346
v -1.565410 -0.604610 0.527518
v -1.775282 -0.604610 0.527518
v -1.788964 -0.625354 0.541200
v -1.551728 -0.625354 0.541200
v -1.775282 -0.646097 0.527518
v -1.565410 -0.646097 0.527518
v -1.729374 -0.511598 0.394331
v -1.611320 -0.527192 0.372060
v -1.611320 -0.511598 0.394331
v -1.729374 -0.527192 0.372060
v -1.775282 -0.646097 0.527518
v -1.788964 -0.625352 0.346664
v -1.775282 -0.646097 0.360346
v -1.788964 -0.625354 0.541200
v -1.775282 -0.604610 0.360346
v -1.775282 -0.604610 0.527518
v -1.551728 -0.625354 0.541200
v -1.565410 -0.604610 0.360346
v -1.565410 -0.604610 0.527518
v -1.551728 -0.625352 0.346664
v -1.565410 -0.646097 0.527518
v -1.565410 -0.646097 0.360346
v -1.729374 0.103994 -0.009943
v -1.729374 -0.511598 0.394331
v -1.729374 0.119588 0.012328
v -1.729374 -0.527192 0.372060
v -1.611320 0.119588 0.012328
v -1.611320 -0.511598 0.394331
v -1.611320 0.103994 -0.009943
v -1.611320 -0.527192 0.372060
v -1.647454 -0.538682 0.368908
v -1.670222 0.123525 -0.046328
v -1.647454 0.128933 -0.038603
v -1.670222 -0.544091 0.361183
v -1.647454 0.155050 -0.001305
v -1.670222 -0.507157 0.413931
v -1.647454 -0.512566 0.406206
v -1.670222 0.160459 0.006420
v -1.670222 -0.507157 0.413931
v -1.670222 0.160459 0.006420
v -1.692988 0.155050 -0.001305
v -1.692988 -0.512564 0.406206
v -1.692988 -0.538682 0.368908
v -1.670222 0.123525 -0.046328
v -1.670222 -0.544091 0.361183
v -1.692988 0.128933 -0.038603
v -1.692988 -0.512564 0.406206
v -1.692988 0.155050 -0.001305
v -1.702417 0.141992 -0.019954
v -1.702417 -0.525624 0.387557
v -1.692988 0.128933 -0.038603
v -1.692988 -0.538682 0.368908
v -1.647454 0.128933 -0.038603
v -1.638025 -0.525624 0.387557
v -1.647454 -0.538682 0.368908
v -1.638025 0.141992 -0.019954
v -1.647454 -0.512566 0.406206
v -1.647454 0.155050 -0.001305
v -1.729374 -0.527192 0.372060
v -1.729374 0.103994 -0.009943
v -1.611320 -0.527192 0.372060
v -1.611320 0.103994 -0.009943
v -1.729374 0.119588 0.012328
v -1.729374 -0.511598 0.394331
v -1.611320 0.119588 0.012328
v -1.611320 -0.511598 0.394331
v -1.551728 -0.625352 0.346664
v -1.788964 -0.625352 0.346664
v -1.775282 -0.604610 0.360346
v -1.565410 -0.604610 0.360346
v -1.775282 -0.646097 0.360346
v -1.565410 -0.646097 0.360346
v -1.640508 -0.517360 0.418044
v -1.615594 -0.614161 0.449552
v -1.628200 -0.534403 0.393704
v -1.631594 -0.614161 0.488180
v -1.631594 -0.614161 0.410924
v -1.670222 -0.614161 0.504181
v -1.640508 -0.551446 0.369364
v -1.670222 -0.558506 0.359282
v -1.670222 -0.614162 0.394924
v -1.670222 -0.510300 0.428127
v -1.699935 -0.517360 0.418045
v -1.708849 -0.614161 0.488180
v -1.724850 -0.614161 0.449552
v -1.712243 -0.534403 0.393704
v -1.708849 -0.614161 0.410924
v -1.699935 -0.551446 0.369364
v -1.670222 -0.558506 0.359282
v -1.670222 -0.614162 0.394924
v -1.670222 -0.558506 0.359282
v -1.647454 -0.538682 0.368908
v -1.640508 -0.551446 0.369364
v -1.670222 -0.544091 0.361183
v -1.628200 -0.534403 0.393704
v -1.638025 -0.525624 0.387557
v -1.647454 -0.512566 0.406206
v -1.640508 -0.517360 0.418044
v -1.670222 -0.507157 0.413931
v -1.670222 -0.510300 0.428127
v -1.699935 -0.517360 0.418045
v -1.692988 -0.512564 0.406206
v -1.712243 -0.534403 0.393704
v -1.702417 -0.525624 0.387557
v -1.692988 -0.538682 0.368908
v -1.699935 -0.551446 0.369364
v -1.670222 -0.558506 0.359282
v -1.670222 -0.544091 0.361183
v -1.565410 -0.604610 0.527518
v -1.775282 -0.604610 0.360346
v -1.775282 -0.604610 0.527518
v -1.565410 -0.604610 0.360346
vn -0.0006 0.8190 -0.5739
vn -0.0000 0.8192 -0.5736
vn -0.0004 0.8190 -0.5738
vn -0.0007 0.8189 -0.5740
vn -0.0000 0.8191 -0.5736
vn -0.0007 0.8190 -0.5738
vn -0.0005 -1.0000 -0.0005
vn -0.0000 0.5506 0.8348
vn -0.0005 0.0005 1.0000
vn -0.0006 -0.5505 0.8348
vn -0.0000 -0.5506 0.8348
vn -0.0000 -0.8192 0.5736
vn -0.0004 -0.8190 0.5738
vn -0.0006 -0.8190 0.5739
vn -0.8348 -0.5505 -0.0005
vn -1.0000 0.0005 -0.0005
vn -0.8348 -0.5506 -0.0000
vn -0.8348 0.5506 -0.0000
vn 1.0000 0.0005 -0.0005
vn 0.8348 0.5506 -0.0000
vn 0.8348 -0.5505 -0.0003
vn 0.8038 -0.3103 -0.5076
vn -0.0005 -0.5213 -0.8534
vn 0.8078 -0.3074 -0.5029
vn -0.0004 -0.5212 -0.8534
vn 0.8038 0.3103 0.5076
vn -0.0004 0.5212 0.8534
vn 0.8078 0.3074 0.5029
vn -0.0005 0.5212 0.8534
vn -0.0006 0.5213 0.8534
vn -0.8038 0.3103 0.5076
vn -0.8078 0.3074 0.5029
vn -0.8038 -0.3103 -0.5076
vn -0.0005 -0.5212 -0.8534
vn -0.0006 -0.5213 -0.8534
vn -0.8079 -0.3074 -0.5029
vn -0.8079 0.3074 0.5028
vn -1.0000 0.0034 0.0063
vn -1.0000 -0.0034 -0.0063
vn -0.8079 -0.3074 -0.5028
vn 0.8079 -0.3074 -0.5028
vn 1.0000 -0.0034 -0.0063
vn 0.8038 -0.3102 -0.5076
vn 1.0000 0.0034 0.0063
vn 0.8079 0.3074 0.5028
vn 0.8038 0.3102 0.5076
vn -0.0000 -0.5178 -0.8555
vn -0.0000 0.5178 0.8555
vn -0.0004 0.5175 0.8557
vn -0.0005 0.0005 -1.0000
vn -0.0006 0.5505 -0.8348
vn -0.0005 0.5506 -0.8348
vn -0.0000 -0.5506 -0.8348
vn -0.0006 -0.5505 -0.8348
vn 0.6982 0.4656 0.5438
vn 0.9866 0.1598 0.0318
vn 0.9931 0.1021 -0.0582
vn 0.7803 0.4207 0.4627
vn 0.8612 -0.1920 -0.4706
vn -0.0005 0.5993 0.8005
vn 0.7097 -0.3219 -0.6267
vn -0.0005 -0.5261 -0.8504
vn -0.6982 0.4656 0.5438
vn -0.7803 0.4207 0.4627
vn -0.9866 0.1598 0.0318
vn -0.9931 0.1021 -0.0581
vn -0.8612 -0.1920 -0.4706
vn -0.7097 -0.3219 -0.6267
vn -0.0008 -0.5261 -0.8504
vn -0.0005 0.1305 -0.9914
vn 0.4100 0.1911 -0.8918
vn 0.6704 0.3412 -0.6589
vn -0.0005 0.1305 -0.9915
vn 0.7371 0.5535 -0.3876
vn 0.7373 0.5535 -0.3873
vn 0.4100 0.9034 0.1256
vn 0.6708 0.7355 -0.0953
vn -0.0005 0.9763 0.2164
vn -0.0006 0.9763 0.2164
vn -0.6709 0.7354 -0.0952
vn -0.4100 0.9034 0.1255
vn -0.7374 0.5535 -0.3872
vn -0.7371 0.5536 -0.3876
vn -0.4100 0.1911 -0.8918
vn -0.6704 0.3413 -0.6589
vn -0.0005 0.1304 -0.9915
vn -0.0005 1.0000 -0.0005
vt 0.625000 0.500000
vt 0.875000 0.500000
vt 0.750000 0.500000
vt 0.500000 0.500000
vt 0.000000 0.500000
vt 0.125000 0.500000
vt 0.375000 0.500000
vt 0.250000 0.500000
vt 0.375000 0.250000
vt 0.625000 0.250000
vt 0.625000 1.000000
vt 0.375000 0.750000
vt 0.625000 0.750000
vt 0.375000 1.000000
vt 0.875000 0.625000
vt 0.625000 0.625000
vt 0.875000 0.750000
vt 0.625000 0.000000
vt 0.375000 0.125000
vt 0.375000 0.000000
vt 0.625000 0.125000
vt 0.375000 0.625000
vt 0.125000 0.950000
vt 0.000000 0.950000
vt 0.500000 0.950000
vt 0.375000 0.950000
vt 0.625000 0.950000
vt 0.875000 0.950000
vt 1.000000 0.500000
vt 1.000000 0.950000
vt 0.750000 0.950000
vt 0.250000 0.950000
vt 0.125000 0.750000
vt 0.125000 0.625000
s 1
f 129/35/90 130/36/91 131/37/92
f 132/38/92 130/36/91 129/35/90
f 130/36/91 132/38/92 133/39/90
f 132/38/92 134/40/91 133/39/90
f 134/40/91 132/38/92 135/41/93
f 134/40/91 135/41/93 136/42/94
f 137/35/92 138/43/92 139/44/95
f 138/43/92 137/35/92 140/41/91
f 141/45/96 142/46/96 143/47/96
f 142/46/96 141/45/96 144/48/96
f 145/35/97 146/36/97 147/49/98
f 145/35/97 147/49/98 148/50/98
f 149/51/99 148/50/98 147/49/98
f 148/50/98 149/51/99 150/47/100
f 151/45/101 152/46/102 153/47/102
f 152/46/102 151/45/101 154/48/103
f 155/52/104 156/53/105 157/54/106
f 156/53/105 155/52/104 158/55/105
f 158/55/105 159/43/107 156/53/105
f 159/43/107 158/55/105 160/44/107
f 161/50/108 162/41/109 163/35/109
f 161/50/108 164/56/108 162/41/109
f 165/47/110 164/56/108 161/50/108
f 164/56/108 165/47/110 166/46/110
f 167/43/105 168/52/105 169/44/105
f 168/52/105 167/43/105 170/54/105
f 171/35/108 172/47/108 173/41/108
f 173/41/108 172/47/108 174/46/108
f 175/57/111 176/39/112 177/40/113
f 176/39/112 175/57/111 178/58/114
f 179/41/115 180/59/116 181/60/117
f 180/59/116 179/41/115 182/38/116
f 183/59/118 184/38/119 185/35/120
f 185/35/120 186/61/121 183/59/118
f 187/62/122 188/63/123 189/64/124
f 188/63/123 187/62/122 190/36/125
f 191/61/126 192/35/120 193/37/127
f 193/37/127 194/65/128 191/61/126
f 194/65/128 193/37/127 195/36/129
f 195/36/129 196/62/122 194/65/128
f 197/40/130 198/66/131 199/57/132
f 198/66/131 197/40/130 200/42/133
f 200/42/133 201/60/134 198/66/131
f 201/60/134 200/42/133 202/41/135
f 203/67/136 204/40/136 205/46/136
f 205/46/136 204/40/136 206/41/136
f 207/36/137 208/51/138 209/35/138
f 209/35/138 208/51/138 210/47/138
f 211/56/139 212/68/139 213/40/140
f 211/56/139 213/40/140 214/41/141
f 211/56/139 215/67/142 212/68/139
f 215/67/142 211/56/139 216/46/143
f 217/60/144 218/66/145 219/66/146
f 218/66/145 217/60/144 220/60/147
f 221/57/148 219/66/146 218/66/145
f 217/60/144 222/59/149 220/60/147
f 219/66/146 221/57/148 223/57/150
f 221/57/148 224/58/151 223/57/150
f 221/57/148 225/58/151 224/58/151
f 226/59/149 222/59/149 217/60/144
f 227/61/152 222/59/149 226/59/149
f 222/59/149 227/61/152 228/61/153
f 228/61/153 227/61/152 229/65/154
f 229/65/154 227/61/152 230/65/155
f 229/65/154 230/65/155 231/62/156
f 231/62/156 230/65/155 232/62/157
f 233/64/158 231/62/156 232/62/157
f 231/62/156 233/64/158 234/64/158
f 235/58/159 236/57/160 237/57/161
f 236/57/160 235/58/159 238/58/162
f 236/57/160 239/66/163 237/57/161
f 236/57/160 240/66/164 239/66/163
f 241/60/165 239/66/163 240/66/164
f 239/66/163 241/60/165 242/60/166
f 243/59/167 242/60/166 241/60/165
f 242/60/166 243/59/167 244/59/168
f 245/61/169 244/59/168 243/59/167
f 245/61/169 243/59/167 246/61/170
f 246/61/170 247/65/171 245/61/169
f 247/65/171 246/61/170 248/65/172
f 249/62/173 247/65/171 248/65/172
f 247/65/171 249/62/173 250/62/174
f 251/64/175 250/62/174 249/62/173
f 251/64/175 249/62/173 252/64/159
f 253/35/176 254/43/176 255/44/176
f 254/43/176 253/35/176 256/41/176
o Plane_001_Plane_001_113789227660955
v -3.565430 0.353280 -0.039969
v -3.565430 0.313311 -0.056525
v -3.565430 0.313311 -0.038702
v -3.565430 0.273342 -0.039969
v -3.565430 0.340677 -0.027366
v -3.565430 0.285945 -0.027366
v -3.565430 0.352013 -0.000000
v -3.565430 0.274609 -0.000000
v -3.565430 0.369836 -0.000000
v -3.565430 0.256786 -0.000000
v -3.565430 0.353280 0.039969
v -3.565430 0.273342 0.039969
v -3.565430 0.340677 0.027366
v -3.565430 0.313311 0.038702
v -3.565430 0.313311 0.056525
v -3.565430 0.285945 0.027366
v -3.565430 0.313311 0.038702
v -3.565430 0.313311 0.056525
v -3.565430 0.274609 -0.000000
v -3.565430 0.285945 0.027366
v -3.489802 0.313311 -0.000000
v -3.565430 0.313311 0.038702
v -3.489802 0.313311 -0.000000
v -3.565430 0.285945 -0.027366
v -3.489802 0.313311 -0.000000
v -3.565430 0.313311 -0.038702
v -3.489802 0.313311 -0.000000
v -3.565430 0.340677 -0.027366
v -3.489802 0.313311 -0.000000
v -3.565430 0.352013 -0.000000
v -3.489802 0.313311 -0.000000
v -3.565430 0.340677 0.027366
v -3.489802 0.313311 -0.000000
v -3.565430 0.313311 0.038702
v -3.489802 0.313311 -0.000000
v 0.834287 0.795153 0.100299
v 0.834287 0.807029 -0.000000
v 0.834287 0.836697 -0.000000
v 0.834287 0.795153 -0.100299
v 0.834287 0.774173 0.079319
v 0.834287 0.694853 0.141844
v 0.834287 0.694853 0.112174
v 0.834287 0.774173 -0.079319
v 0.834287 0.694853 -0.141844
v 0.834287 0.694853 -0.112174
v 0.834287 0.615534 -0.079319
v 0.834287 0.594554 -0.100299
v 0.834287 0.553009 -0.000000
v 0.834287 0.582679 -0.000000
v 0.834287 0.615534 0.079319
v 0.834287 0.594554 0.100299
v 0.834287 0.694853 0.141844
v 0.834287 0.694853 0.112174
v 0.754935 0.182404 -0.087407
v 0.639936 0.102405 0.087407
v 0.639935 0.102405 -0.087407
v 0.754936 0.182404 0.087407
v 0.729935 0.264021 0.087407
v 0.729935 0.264021 -0.087407
v 0.540199 0.188906 -0.079666
v 0.632302 -0.200447 0.079666
v 0.632302 -0.200447 -0.079666
v 0.540199 0.188906 0.079666
v 0.632302 -0.200447 -0.079666
v 0.632302 -0.200447 0.079666
v 0.638640 -0.227244 -0.079666
v 0.638640 -0.227244 0.079666
v 0.651320 -0.280843 -0.079666
v 0.651320 -0.280843 0.079666
v -2.064439 0.228530 0.084781
v -2.064439 0.270920 -0.102340
v -2.064439 0.193412 -0.000000
v -2.064439 0.228530 -0.084781
v -2.064439 0.313311 0.119899
v -2.064439 0.398092 0.084781
v -2.064439 0.433210 -0.000000
v -2.064439 0.398092 -0.084781
v -2.064439 0.313311 -0.119899
v 0.108167 0.264021 -0.097119
v 0.108167 0.264021 0.097119
v 0.108167 0.003527 -0.097119
v 0.108167 0.003527 0.097119
v 0.651320 -0.280843 0.079666
v 0.372230 -0.346861 0.079666
v 0.651320 -0.280843 -0.079666
v 0.372230 -0.346861 -0.079666
v -1.836440 0.381714 -0.066430
v -1.836440 0.392478 -0.087107
v -1.835946 0.381136 -0.067825
v -1.823640 0.364655 -0.098631
v -1.823640 0.354385 -0.078905
v -1.836440 0.336833 -0.110156
v -1.836440 0.326564 -0.090429
v -1.823640 0.364655 0.098631
v -1.835946 0.381136 0.067825
v -1.823640 0.354385 0.078905
v -1.836440 0.392478 0.087107
v -1.836440 0.381714 0.066430
v -1.836440 0.336833 0.110156
v -1.836440 0.326564 0.090429
v -1.823640 0.264962 -0.075892
v -1.836440 0.281019 -0.106523
v -1.823640 0.252875 -0.094865
v -1.836440 0.293106 -0.087550
v -1.836440 0.226638 -0.080215
v -1.823640 0.264962 -0.075892
v -1.836440 0.241170 -0.057405
v -1.823640 0.264962 0.075892
v -1.836440 0.281019 0.106523
v -1.836440 0.293106 0.087550
v -1.823640 0.252875 0.094865
v -1.823640 0.264962 0.075892
v -1.836440 0.226638 0.080215
v -1.836440 0.241170 0.057405
v -0.140439 0.282203 -0.010224
v -0.140439 0.313311 -0.119899
v -0.140439 0.377086 -0.093482
v -0.140439 0.282203 -0.107014
v -0.140439 0.377086 -0.010224
v -1.586440 0.381714 -0.066430
v -1.586440 0.392478 -0.087107
v -1.585946 0.381136 -0.067825
v -1.573640 0.364655 -0.098631
v -1.573640 0.354385 -0.078905
v -1.586440 0.336833 -0.110156
v -1.586440 0.326564 -0.090429
v -1.573640 0.264962 -0.075892
v -1.586440 0.281019 -0.106523
v -1.573640 0.252875 -0.094865
v -1.586440 0.293106 -0.087550
v -1.586440 0.226638 -0.080215
v -1.573640 0.264962 -0.075892
v -1.586440 0.241170 -0.057405
v -1.573640 0.364655 0.098631
v -1.585946 0.381136 0.067825
v -1.573640 0.354385 0.078905
v -1.586440 0.392478 0.087107
v -1.586440 0.381714 0.066430
v -1.586440 0.336833 0.110156
v -1.586440 0.326564 0.090429
v -1.573640 0.264962 0.075892
v -1.586440 0.281019 0.106523
v -1.586440 0.293106 0.087550
v -1.573640 0.252875 0.094865
v -1.573640 0.264962 0.075892
v -1.586440 0.226638 0.080215
v -1.586440 0.241170 0.057405
v -1.336440 0.381714 -0.066430
v -1.336440 0.392478 -0.087107
v -1.335946 0.381136 -0.067825
v -1.323640 0.364655 -0.098631
v -1.323640 0.354385 -0.078905
v -1.336440 0.336833 -0.110156
v -1.336440 0.326564 -0.090429
v -1.323640 0.364655 0.098631
v -1.335946 0.381136 0.067825
v -1.323640 0.354385 0.078905
v -1.336440 0.392478 0.087107
v -1.336440 0.381714 0.066430
v -1.336440 0.336833 0.110156
v -1.336440 0.326564 0.090429
v -1.323640 0.264962 -0.075892
v -1.336440 0.281019 -0.106523
v -1.323640 0.252875 -0.094865
v -1.336440 0.293106 -0.087550
v -1.336440 0.226638 -0.080215
v -1.323640 0.264962 -0.075892
v -1.336440 0.241170 -0.057405
v -1.323640 0.264962 0.075892
v -1.336440 0.281019 0.106523
v -1.336440 0.293106 0.087550
v -1.323640 0.252875 0.094865
v -1.323640 0.264962 0.075892
v -1.336440 0.226638 0.080215
v -1.336440 0.241170 0.057405
v -1.087206 0.596556 0.098297
v -0.979673 0.596556 0.098297
v -1.087206 0.694853 0.139013
v -0.979673 0.694853 0.139013
v -0.979673 0.555841 -0.000000
v -1.087206 0.555841 -0.000000
v -0.979673 0.596556 -0.098297
v -1.087206 0.596556 -0.098297
v -0.979673 0.694853 -0.139013
v -1.087206 0.694853 -0.139013
v -0.979673 0.793152 -0.098297
v -1.087206 0.793152 -0.098297
v -0.979673 0.833868 -0.000000
v -1.087206 0.833868 -0.000000
v -0.979673 0.793152 0.098297
v -1.087206 0.793152 0.098297
v -0.979673 0.694853 0.139013
v -1.087206 0.694853 0.139013
v 0.834287 0.594554 0.100299
v 0.703826 0.694853 0.141844
v 0.703826 0.594554 0.100299
v 0.834287 0.694853 0.141844
v 0.834287 0.553009 -0.000000
v 0.703826 0.553009 -0.000000
v 0.834287 0.594554 -0.100299
v 0.703826 0.594554 -0.100299
v 0.834287 0.694853 -0.141844
v 0.703826 0.694853 -0.141844
v 0.834287 0.795153 -0.100299
v 0.703826 0.795153 -0.100299
v 0.834287 0.836697 -0.000000
v 0.703826 0.836697 -0.000000
v 0.834287 0.795153 0.100299
v 0.703826 0.795153 0.100299
v 0.834287 0.694853 0.141844
v 0.703826 0.694853 0.141844
v -0.451983 0.634184 0.060670
v -0.059840 0.634184 0.060670
v -0.059840 0.694853 0.085800
v -0.451983 0.694853 0.085800
v 0.332303 0.694853 0.085800
v 0.332303 0.634184 0.060670
v -0.451983 0.609054 -0.000000
v -0.059840 0.609054 -0.000000
v 0.332303 0.634184 0.060670
v 0.332303 0.609054 -0.000000
v -0.451983 0.634184 -0.060670
v -0.059840 0.634184 -0.060670
v 0.332303 0.609054 -0.000000
v 0.332303 0.634184 -0.060670
v -0.451983 0.694853 -0.085800
v -0.059840 0.694853 -0.085800
v 0.332303 0.634184 -0.060670
v 0.332303 0.694853 -0.085800
v -0.451983 0.755523 -0.060670
v -0.059840 0.755523 -0.060670
v 0.332303 0.694853 -0.085800
v 0.332303 0.755523 -0.060670
v -0.451983 0.780653 -0.000000
v -0.059840 0.780653 -0.000000
v 0.332303 0.755523 -0.060670
v 0.332303 0.780653 -0.000000
v -0.451983 0.755523 0.060670
v -0.059840 0.755523 0.060670
v -0.451983 0.694853 0.085800
v 0.332303 0.780653 -0.000000
v 0.332303 0.755523 0.060670
v -0.059840 0.694853 0.085800
v 0.332303 0.755523 0.060670
v 0.332303 0.694853 0.085800
v 0.639936 0.102405 0.087407
v 0.064748 0.102405 0.087407
v 0.639935 0.102405 -0.087407
v 0.064748 0.102405 -0.087407
v -0.451983 0.755523 0.060670
v -0.905246 0.694853 0.126376
v -0.451983 0.694853 0.085800
v -0.979673 0.694853 0.126376
v -0.979673 0.784215 0.089361
v -0.905246 0.784215 0.089361
v -0.979673 0.821229 -0.000000
v -0.905246 0.821229 -0.000000
v -0.451983 0.780653 -0.000000
v -0.979673 0.784215 -0.089361
v -0.451983 0.755523 -0.060670
v -0.905246 0.784215 -0.089361
v -0.979673 0.694853 -0.126376
v -0.905246 0.694853 -0.126376
v -0.451983 0.694853 -0.085800
v -0.979673 0.605493 -0.089361
v -0.451983 0.634184 -0.060670
v -0.905246 0.605493 -0.089361
v -0.979673 0.568479 -0.000000
v -0.905246 0.568479 -0.000000
v -0.451983 0.609054 -0.000000
v -0.979673 0.605493 0.089361
v -0.451983 0.634184 0.060670
v -0.905246 0.605493 0.089361
v -0.979673 0.694853 0.126376
v -0.905246 0.694853 0.126376
v -0.451983 0.694853 0.085800
v -1.087206 0.596556 -0.098297
v -1.087206 0.694853 -0.111211
v -1.087206 0.694853 -0.139013
v -1.087206 0.773492 -0.078638
v -1.087206 0.616216 -0.078638
v -1.087206 0.793152 -0.098297
v -1.087206 0.555841 -0.000000
v -1.087206 0.806064 -0.000000
v -1.087206 0.583644 -0.000000
v -1.087206 0.833868 -0.000000
v -1.087206 0.616216 0.078638
v -1.087206 0.793152 0.098297
v -1.087206 0.596556 0.098297
v -1.087206 0.694853 0.111211
v -1.087206 0.694853 0.139013
v -1.087206 0.773492 0.078638
v -1.087206 0.694853 0.139013
v -1.087206 0.694853 0.111211
v -1.086439 0.381714 -0.066430
v -1.086439 0.392478 -0.087107
v -1.085946 0.381136 -0.067825
v -1.073639 0.364655 -0.098631
v -1.073639 0.354385 -0.078905
v -1.086439 0.336833 -0.110156
v -1.086439 0.326564 -0.090429
v -1.073639 0.264962 -0.075892
v -1.086439 0.281019 -0.106523
v -1.073639 0.252875 -0.094865
v -1.086439 0.293106 -0.087550
v -1.086439 0.226638 -0.080214
v -1.073639 0.264962 -0.075892
v -1.086439 0.241170 -0.057405
v -1.073639 0.364655 0.098631
v -1.085946 0.381136 0.067825
v -1.073639 0.354385 0.078905
v -1.086439 0.392478 0.087107
v -1.086439 0.381714 0.066430
v -1.086439 0.336833 0.110156
v -1.086439 0.326564 0.090429
v -1.073639 0.264962 0.075892
v -1.086439 0.281019 0.106523
v -1.086439 0.293106 0.087550
v -1.073639 0.252875 0.094865
v -1.073639 0.264962 0.075892
v -1.086439 0.226638 0.080214
v -1.086439 0.241170 0.057405
v -0.978330 0.583644 -0.000000
v -1.087206 0.583644 -0.000000
v -0.978330 0.616216 0.078638
v -1.087206 0.616216 0.078638
v -0.978330 0.694853 0.111211
v -1.087206 0.694853 0.111211
v -1.087206 0.616216 -0.078638
v -0.978330 0.616216 -0.078638
v -1.087206 0.694853 -0.111211
v -0.978330 0.694853 -0.111211
v -1.087206 0.773492 -0.078638
v -0.978330 0.773492 -0.078638
v -1.087206 0.806064 -0.000000
v -0.978330 0.806064 -0.000000
v -1.087206 0.773492 0.078638
v -0.978330 0.773492 0.078638
v -1.087206 0.694853 0.111211
v -0.978330 0.694853 0.111211
v -2.064439 0.193412 -0.000000
v -1.336440 0.226638 0.080215
v -1.464441 0.226638 0.080215
v -1.214441 0.226638 0.080215
v -1.586440 0.226638 0.080215
v -1.086439 0.226638 0.080214
v -1.714441 0.226638 0.080215
v -1.836440 0.226638 0.080215
v -0.964439 0.226638 0.080214
v -1.964440 0.226638 0.080215
v -2.064439 0.228530 0.084781
v -2.064439 0.193412 -0.000000
v -0.836439 0.226638 -0.080214
v 1.614326 0.193412 -0.000000
v 1.614326 0.228530 -0.084781
v -0.964439 0.226638 -0.080214
v -1.086439 0.226638 -0.080214
v -1.214441 0.226638 -0.080215
v -1.336440 0.226638 -0.080215
v -1.464441 0.226638 -0.080215
v -1.586440 0.226638 -0.080215
v -1.714441 0.226638 -0.080215
v -1.836440 0.226638 -0.080215
v -0.836439 0.226638 0.080214
v 1.614326 0.193412 -0.000000
v 1.614326 0.228530 0.084781
v -2.064439 0.313311 0.119899
v -1.977240 0.252875 0.094865
v -1.964440 0.281019 0.106523
v -1.836440 0.281019 0.106523
v -1.714441 0.281019 0.106523
v -1.823640 0.252875 0.094865
v -1.727240 0.252875 0.094865
v -1.586440 0.281019 0.106523
v -1.464441 0.281019 0.106523
v -1.573640 0.252875 0.094865
v -1.477240 0.252875 0.094865
v -1.336440 0.281019 0.106523
v -1.214441 0.281019 0.106523
v -1.323640 0.252875 0.094865
v -1.227240 0.252875 0.094865
v -1.086439 0.281019 0.106523
v -1.714441 0.226638 0.080215
v -1.823640 0.252875 0.094865
v -1.836440 0.226638 0.080215
v -1.727240 0.252875 0.094865
v -1.464441 0.226638 0.080215
v -1.573640 0.252875 0.094865
v -1.586440 0.226638 0.080215
v -1.477240 0.252875 0.094865
v -1.214441 0.226638 0.080215
v -1.323640 0.252875 0.094865
v -1.336440 0.226638 0.080215
v -1.227240 0.252875 0.094865
v -1.086439 0.226638 0.080214
v -0.977240 0.252875 0.094865
v -1.073639 0.252875 0.094865
v -0.964439 0.226638 0.080214
v -1.573640 0.252875 -0.094865
v -1.477240 0.252875 -0.094865
v -1.464441 0.226638 -0.080215
v -1.586440 0.226638 -0.080215
v -1.823640 0.252875 -0.094865
v -1.727240 0.252875 -0.094865
v -1.714441 0.226638 -0.080215
v -1.836440 0.226638 -0.080215
v -1.323640 0.252875 -0.094865
v -1.227240 0.252875 -0.094865
v -1.214441 0.226638 -0.080215
v -1.336440 0.226638 -0.080215
v -0.977240 0.252875 -0.094865
v -1.086439 0.226638 -0.080214
v -1.073639 0.252875 -0.094865
v -0.964439 0.226638 -0.080214
v -1.073639 0.252875 0.094865
v -0.977240 0.252875 0.094865
v -0.964439 0.281019 0.106523
v -0.836439 0.281019 0.106523
v 1.614326 0.313311 0.119899
v -0.823639 0.252875 0.094865
v 1.614326 0.270920 0.102340
v 1.614326 0.228530 0.084781
v -0.836439 0.226638 0.080214
v -1.964440 0.226638 -0.080215
v -2.064439 0.228530 -0.084781
v -2.064439 0.270920 -0.102340
v -1.977240 0.252875 -0.094865
v -1.964440 0.281019 -0.106523
v -2.064439 0.313311 -0.119899
v -1.836440 0.281019 -0.106523
v -1.714441 0.281019 -0.106523
v -1.823640 0.252875 -0.094865
v -1.727240 0.252875 -0.094865
v -1.586440 0.281019 -0.106523
v -1.464441 0.281019 -0.106523
v -1.573640 0.252875 -0.094865
v -1.477240 0.252875 -0.094865
v -1.336440 0.281019 -0.106523
v -1.214441 0.281019 -0.106523
v -1.323640 0.252875 -0.094865
v -1.227240 0.252875 -0.094865
v -1.086439 0.281019 -0.106523
v -0.140439 0.313311 -0.119899
v -0.977240 0.252875 -0.094865
v -1.073639 0.252875 -0.094865
v -0.964439 0.281019 -0.106523
v -0.836439 0.281019 -0.106523
v -0.823639 0.252875 -0.094865
v -0.140439 0.282203 -0.107014
v -0.836439 0.226638 -0.080214
v 0.389003 0.282203 -0.107014
v 1.614326 0.228530 -0.084781
v 0.539264 0.282203 -0.107014
v 0.779561 0.282203 -0.107014
v 1.614326 0.313311 -0.119899
v 0.779561 0.313311 -0.119899
v 0.779561 0.313311 -0.119899
v 1.614326 0.398092 -0.084781
v 0.753164 0.337086 -0.110051
v 0.389003 0.377086 -0.093482
v 0.539264 0.337086 -0.110051
v -0.836439 0.392476 -0.087107
v -0.140439 0.377086 -0.093482
v -2.064439 0.398092 -0.084781
v -0.823639 0.364655 -0.098631
v -0.140439 0.313311 -0.119899
v -0.836439 0.336833 -0.110156
v -0.964439 0.336833 -0.110156
v -1.086439 0.336833 -0.110156
v -0.977240 0.364655 -0.098631
v -2.064439 0.313311 -0.119899
v -0.964439 0.392476 -0.087107
v -1.073639 0.364655 -0.098631
v -1.086439 0.392478 -0.087107
v -1.214441 0.392478 -0.087107
v -1.323640 0.364655 -0.098631
v -1.336440 0.392478 -0.087107
v -1.464441 0.392478 -0.087107
v -1.573640 0.364655 -0.098631
v -1.586440 0.392478 -0.087107
v -1.714441 0.392478 -0.087107
v -1.823640 0.364655 -0.098631
v -1.836440 0.392478 -0.087107
v -1.964440 0.392478 -0.087107
v -1.977240 0.364655 -0.098631
v -1.977240 0.252875 0.094865
v -2.064439 0.228530 0.084781
v -1.964440 0.226638 0.080215
v 0.108167 0.264021 0.097119
v 0.047108 -0.027243 0.097119
v 0.108167 0.003527 0.097119
v -0.586485 0.090985 0.097119
v -0.686485 0.264021 0.097119
v -0.686485 0.198311 0.097119
v -0.836439 0.336833 0.110156
v -0.823639 0.364655 0.098631
v -2.064439 0.313311 0.119899
v 1.614326 0.398092 0.084781
v -0.836439 0.392476 0.087107
v -0.964439 0.336833 0.110156
v -0.977240 0.364655 0.098631
v -1.086439 0.336833 0.110156
v -2.064439 0.398092 0.084781
v -0.964439 0.392476 0.087107
v -1.073639 0.364655 0.098631
v -1.086439 0.392478 0.087107
v -1.214441 0.392478 0.087107
v -1.323640 0.364655 0.098631
v -1.336440 0.392478 0.087107
v -1.464441 0.392478 0.087107
v -1.573640 0.364655 0.098631
v -1.586440 0.392478 0.087107
v -1.714441 0.392478 0.087107
v -1.823640 0.364655 0.098631
v -1.836440 0.392478 0.087107
v -1.964440 0.392478 0.087107
v -1.977240 0.364655 0.098631
v -0.977240 0.364655 0.098631
v -1.073639 0.364655 0.098631
v -1.086439 0.336833 0.110156
v -0.964439 0.392476 0.087107
v -1.714441 0.392478 0.087107
v -1.823640 0.364655 0.098631
v -1.727240 0.364655 0.098631
v -1.836440 0.336833 0.110156
v -1.214441 0.392478 0.087107
v -1.323640 0.364655 0.098631
v -1.227240 0.364655 0.098631
v -1.336440 0.336833 0.110156
v -1.464441 0.392478 0.087107
v -1.573640 0.364655 0.098631
v -1.477240 0.364655 0.098631
v -1.586440 0.336833 0.110156
v -2.064439 0.313311 0.119899
v -1.586440 0.336833 0.110156
v -1.714441 0.336833 0.110156
v -1.464441 0.336833 0.110156
v -1.336440 0.336833 0.110156
v -1.214441 0.336833 0.110156
v -1.086439 0.336833 0.110156
v -1.727240 0.364655 0.098631
v -1.836440 0.336833 0.110156
v -1.714441 0.336833 0.110156
v -1.964440 0.336833 0.110156
v -1.464441 0.336833 0.110156
v -1.586440 0.336833 0.110156
v -1.477240 0.364655 0.098631
v -1.336440 0.336833 0.110156
v -1.214441 0.336833 0.110156
v -1.227240 0.364655 0.098631
v -2.064439 0.398092 0.084781
v -1.086439 0.392478 0.087107
v -0.964439 0.392476 0.087107
v -1.714441 0.392478 0.087107
v -1.836440 0.392478 0.087107
v -1.586440 0.392478 0.087107
v -1.464441 0.392478 0.087107
v -1.336440 0.392478 0.087107
v -1.214441 0.392478 0.087107
v -1.964440 0.226638 -0.080215
v -2.064439 0.228530 -0.084781
v -1.977240 0.252875 -0.094865
v -0.686485 0.198311 -0.097119
v -0.686485 0.198311 0.097119
v -0.686485 0.264021 -0.097119
v -0.686485 0.264021 0.097119
v -0.586485 0.090985 0.097119
v -0.586485 0.090985 -0.097119
v 0.047108 -0.027243 0.097119
v 0.047108 -0.027243 -0.097119
v 0.108167 0.003527 -0.097119
v 0.108167 0.003527 0.097119
v 0.108167 0.264021 -0.097119
v -0.586485 0.090985 -0.097119
v -0.686485 0.264021 -0.097119
v -0.686485 0.198311 -0.097119
v 0.047108 -0.027243 -0.097119
v 0.108167 0.003527 -0.097119
v -0.977240 0.364655 -0.098631
v -1.073639 0.364655 -0.098631
v -0.964439 0.392476 -0.087107
v -1.086439 0.336833 -0.110156
v -1.823640 0.364655 -0.098631
v -1.714441 0.392478 -0.087107
v -1.727240 0.364655 -0.098631
v -1.836440 0.336833 -0.110156
v -1.323640 0.364655 -0.098631
v -1.214441 0.392478 -0.087107
v -1.227240 0.364655 -0.098631
v -1.336440 0.336833 -0.110156
v -1.573640 0.364655 -0.098631
v -1.464441 0.392478 -0.087107
v -1.477240 0.364655 -0.098631
v -1.586440 0.336833 -0.110156
v -1.714441 0.336833 -0.110156
v -1.836440 0.336833 -0.110156
v -1.727240 0.364655 -0.098631
v -1.964440 0.336833 -0.110156
v -1.336440 0.336833 -0.110156
v -1.214441 0.336833 -0.110156
v -1.227240 0.364655 -0.098631
v -1.464441 0.336833 -0.110156
v -1.586440 0.336833 -0.110156
v -1.477240 0.364655 -0.098631
v -1.586440 0.336833 -0.110156
v -2.064439 0.313311 -0.119899
v -1.714441 0.336833 -0.110156
v -1.464441 0.336833 -0.110156
v -1.336440 0.336833 -0.110156
v -1.214441 0.336833 -0.110156
v -1.086439 0.336833 -0.110156
v -0.964439 0.336833 -0.110156
v -0.140439 0.313311 -0.119899
v -1.086439 0.392478 -0.087107
v -2.064439 0.398092 -0.084781
v -0.964439 0.392476 -0.087107
v -1.714441 0.392478 -0.087107
v -1.836440 0.392478 -0.087107
v -1.586440 0.392478 -0.087107
v -1.464441 0.392478 -0.087107
v -1.336440 0.392478 -0.087107
v -1.214441 0.392478 -0.087107
v 0.639936 0.102405 0.087407
v 0.064748 0.182404 0.087407
v 0.064748 0.102405 0.087407
v 0.754936 0.182404 0.087407
v 0.729935 0.264021 0.087407
v 0.064748 0.264021 0.087407
v 1.599560 -0.023381 0.081278
v 1.509561 -0.193382 0.081278
v 1.609561 -0.193382 0.081278
v 1.519560 -0.023381 0.081278
v 1.599560 0.246619 0.097533
v 1.519560 0.246619 0.097533
v 1.399561 -0.023381 0.081278
v 1.219560 -0.153381 0.081278
v 1.099560 0.036618 0.081278
v 1.139561 -0.153381 0.081278
v 0.989561 -0.073382 0.081278
v 1.009561 0.226619 0.081278
v 0.849560 0.226619 0.081278
v 1.074771 -0.187365 0.081278
v 0.974351 -0.129399 0.081278
v 1.007938 -0.184281 0.081278
v 0.639935 0.102405 -0.087407
v 0.064748 0.182404 -0.087407
v 0.754935 0.182404 -0.087407
v 0.064748 0.102405 -0.087407
v 0.729935 0.264021 -0.087407
v 0.064748 0.264021 -0.087407
v 0.632302 -0.200447 0.079666
v 0.287909 0.129226 0.079666
v 0.380009 -0.260126 0.079666
v 0.540199 0.188906 0.079666
v 0.632302 -0.200447 0.079666
v 0.380009 -0.260126 0.079666
v 0.638640 -0.227244 0.079666
v 0.359551 -0.293264 0.079666
v 0.638640 -0.227244 0.079666
v 0.372230 -0.346861 0.079666
v 0.651320 -0.280843 0.079666
v 0.359551 -0.293264 0.079666
v 1.509561 -0.193382 -0.081278
v 1.519560 -0.023381 -0.081278
v 1.599560 -0.023381 -0.081278
v 1.609561 -0.193382 -0.081278
v 1.519560 0.246619 -0.097533
v 1.599560 0.246619 -0.097533
v 1.399561 -0.023381 -0.081278
v 1.219560 -0.153381 -0.081278
v 1.099560 0.036618 -0.081278
v 1.139561 -0.153381 -0.081278
v 0.989561 -0.073382 -0.081278
v 1.009561 0.226619 -0.081278
v 0.849560 0.226619 -0.081278
v 1.074771 -0.187365 -0.081278
v 0.974351 -0.129399 -0.081278
v 1.007938 -0.184281 -0.081278
v 0.632302 -0.200447 -0.079666
v 0.287909 0.129226 -0.079666
v 0.540199 0.188906 -0.079666
v 0.380009 -0.260126 -0.079666
v 0.638640 -0.227244 -0.079666
v 0.380009 -0.260126 -0.079666
v 0.632302 -0.200447 -0.079666
v 0.359551 -0.293264 -0.079666
v 0.651320 -0.280843 -0.079666
v 0.372230 -0.346861 -0.079666
v 0.638640 -0.227244 -0.079666
v 0.359551 -0.293264 -0.079666
v -2.064439 0.433210 -0.000000
v 1.614326 0.433210 -0.000000
v -2.064439 0.398092 0.084781
v -2.064439 0.313311 0.119899
v -1.977240 0.364655 0.098631
v -1.964440 0.336833 0.110156
v -2.064439 0.398092 -0.084781
v -1.977240 0.364655 -0.098631
v -2.064439 0.313311 -0.119899
v -1.964440 0.336833 -0.110156
v 1.614326 0.398092 -0.084781
v -2.064439 0.433210 -0.000000
v 1.614326 0.433210 -0.000000
v -3.565430 0.273342 0.039969
v -0.724685 0.273342 0.039969
v -0.724685 0.313311 0.056525
v -3.565430 0.313311 0.056525
v -3.565430 0.256786 -0.000000
v -0.724685 0.256786 -0.000000
v -3.565430 0.273342 -0.039969
v -0.724685 0.273342 -0.039969
v -3.565430 0.313311 -0.056525
v -0.724685 0.313311 -0.056525
v -3.565430 0.353280 -0.039969
v -0.724685 0.353280 -0.039969
v -3.565430 0.369836 -0.000000
v -0.724685 0.369836 -0.000000
v -3.565430 0.353280 0.039969
v -0.724685 0.353280 0.039969
v -3.565430 0.313311 0.056525
v -0.724685 0.313311 0.056525
v 0.753164 0.337086 -0.010224
v 0.539264 0.337086 -0.010224
v 0.753164 0.337086 -0.110051
v 0.539264 0.337086 -0.110051
v -1.586440 0.281019 -0.106523
v -1.714441 0.293106 -0.087550
v -1.714441 0.281019 -0.106523
v -1.586440 0.293106 -0.087550
v -1.336440 0.281019 -0.106523
v -1.464441 0.293106 -0.087550
v -1.464441 0.281019 -0.106523
v -1.336440 0.293106 -0.087550
v -1.086439 0.281019 -0.106523
v -1.214441 0.293106 -0.087550
v -1.214441 0.281019 -0.106523
v -1.086439 0.293106 -0.087550
v -0.836439 0.281019 -0.106523
v -0.964439 0.293106 -0.087550
v -0.964439 0.281019 -0.106523
v -0.836439 0.293106 -0.087550
v -1.836440 0.281019 -0.106523
v -1.964440 0.293106 -0.087550
v -1.964440 0.281019 -0.106523
v -1.836440 0.293106 -0.087550
v -0.836439 0.381714 0.066430
v -0.964439 0.392476 0.087107
v -0.964439 0.381714 0.066430
v -0.836439 0.392476 0.087107
v -0.964439 0.281019 0.106523
v -0.977240 0.264962 0.075892
v -0.964439 0.293106 0.087550
v -0.977240 0.252875 0.094865
v -0.836439 0.281019 0.106523
v -0.836439 0.293106 0.087550
v -0.140439 0.377086 -0.010224
v 0.389003 0.377086 -0.010224
v 0.389003 0.282203 -0.010224
v -0.140439 0.282203 -0.010224
v 0.539264 0.337086 -0.010224
v 0.539264 0.282203 -0.010224
v 0.753164 0.337086 -0.010224
v 0.539264 0.282203 -0.010224
v 0.779561 0.282203 -0.010224
v 0.779561 0.314730 -0.010224
v -1.586440 0.381714 -0.066430
v -1.714441 0.392478 -0.087107
v -1.586440 0.392478 -0.087107
v -1.714441 0.381714 -0.066430
v -1.336440 0.381714 -0.066430
v -1.464441 0.392478 -0.087107
v -1.336440 0.392478 -0.087107
v -1.464441 0.381714 -0.066430
v -1.214441 0.392478 -0.087107
v -1.086439 0.392478 -0.087107
v -1.086439 0.381714 -0.066430
v -1.214441 0.381714 -0.066430
v -0.836439 0.381714 -0.066430
v -0.964439 0.392476 -0.087107
v -0.836439 0.392476 -0.087107
v -0.964439 0.381714 -0.066430
v -1.836440 0.381714 -0.066430
v -1.964440 0.392478 -0.087107
v -1.836440 0.392478 -0.087107
v -1.964440 0.381714 -0.066430
v 0.389003 0.377086 -0.010224
v -0.140439 0.377086 -0.010224
v 0.389003 0.377086 -0.093482
v -0.140439 0.377086 -0.093482
v -0.964439 0.281019 -0.106523
v -0.977240 0.264962 -0.075892
v -0.977240 0.252875 -0.094865
v -0.964439 0.293106 -0.087550
v -1.214441 0.281019 0.106523
v -1.227240 0.264962 0.075892
v -1.214441 0.293106 0.087550
v -1.227240 0.252875 0.094865
v -1.086439 0.281019 0.106523
v -1.086439 0.293106 0.087550
v -1.464441 0.381714 -0.066430
v -2.033320 0.409229 -0.000000
v -1.586440 0.381714 -0.066430
v -1.464933 0.381136 -0.067825
v -1.585946 0.381136 -0.067825
v -1.714441 0.381714 -0.066430
v -1.336440 0.381714 -0.066430
v -1.836440 0.381714 -0.066430
v -1.714933 0.381136 -0.067825
v -1.835946 0.381136 -0.067825
v -1.964440 0.381714 -0.066430
v -2.033320 0.381136 -0.067825
v -1.964933 0.381136 -0.067825
v -0.713334 0.409229 -0.000000
v -1.214933 0.381136 -0.067825
v -1.335946 0.381136 -0.067825
v -1.214441 0.381714 -0.066430
v -1.086439 0.381714 -0.066430
v -0.964933 0.381136 -0.067825
v -1.085946 0.381136 -0.067825
v -0.964439 0.381714 -0.066430
v -0.836439 0.381714 -0.066430
v -0.713334 0.381136 -0.067825
v -0.835946 0.381136 -0.067825
v -1.086439 0.381714 0.066430
v -0.713334 0.409229 -0.000000
v -0.964439 0.381714 0.066430
v -0.964933 0.381136 0.067825
v -1.085946 0.381136 0.067825
v -0.836439 0.381714 0.066430
v -1.214441 0.381714 0.066430
v -0.713334 0.381136 0.067825
v -0.835946 0.381136 0.067825
v -1.336440 0.381714 0.066430
v -1.214933 0.381136 0.067825
v -1.335946 0.381136 0.067825
v -2.033320 0.409229 -0.000000
v -1.464441 0.381714 0.066430
v -1.586440 0.381714 0.066430
v -1.464933 0.381136 0.067825
v -1.585946 0.381136 0.067825
v -1.714441 0.381714 0.066430
v -1.836440 0.381714 0.066430
v -1.714933 0.381136 0.067825
v -1.835946 0.381136 0.067825
v -1.964440 0.381714 0.066430
v -2.033320 0.381136 0.067825
v -1.964933 0.381136 0.067825
v -0.964439 0.392476 -0.087107
v -0.964933 0.381136 -0.067825
v -0.977240 0.364655 -0.098631
v -0.964439 0.381714 -0.066430
v -0.977240 0.354385 -0.078905
v -0.964439 0.336833 -0.110156
v -0.964439 0.326564 -0.090429
v -0.964439 0.381714 0.066430
v -0.964439 0.392476 0.087107
v -0.964933 0.381136 0.067825
v -0.977240 0.364655 0.098631
v -0.977240 0.354385 0.078905
v -0.964439 0.336833 0.110156
v -0.964439 0.326564 0.090429
v -1.714441 0.336833 -0.110156
v -1.586440 0.326564 -0.090429
v -1.586440 0.336833 -0.110156
v -1.714441 0.326564 -0.090429
v -1.464441 0.336833 -0.110156
v -1.336440 0.326564 -0.090429
v -1.336440 0.336833 -0.110156
v -1.464441 0.326564 -0.090429
v -1.214441 0.336833 -0.110156
v -1.086439 0.326564 -0.090429
v -1.086439 0.336833 -0.110156
v -1.214441 0.326564 -0.090429
v -0.964439 0.336833 -0.110156
v -0.836439 0.326564 -0.090429
v -0.836439 0.336833 -0.110156
v -0.964439 0.326564 -0.090429
v -1.964440 0.336833 -0.110156
v -1.836440 0.326564 -0.090429
v -1.836440 0.336833 -0.110156
v -1.964440 0.326564 -0.090429
v -1.586440 0.241170 0.057405
v -1.714441 0.241170 0.057405
v -1.714441 0.226638 0.080215
v -1.586440 0.226638 0.080215
v -1.336440 0.241170 0.057405
v -1.464441 0.241170 0.057405
v -1.464441 0.226638 0.080215
v -1.336440 0.226638 0.080215
v -1.214441 0.241170 0.057405
v -1.086439 0.226638 0.080214
v -1.086439 0.241170 0.057405
v -1.214441 0.226638 0.080215
v -0.836439 0.241170 0.057405
v -0.964439 0.241170 0.057405
v -0.964439 0.226638 0.080214
v -0.836439 0.226638 0.080214
v -1.836440 0.241170 0.057405
v -1.964440 0.241170 0.057405
v -1.964440 0.226638 0.080215
v -1.836440 0.226638 0.080215
v -0.979673 0.784215 -0.089361
v -0.979673 0.833868 -0.000000
v -0.979673 0.821229 -0.000000
v -0.979673 0.784215 0.089361
v -0.979673 0.793152 -0.098297
v -0.979673 0.793152 0.098297
v -0.979673 0.694853 0.139013
v -0.979673 0.694853 0.126376
v -0.979673 0.694853 -0.139013
v -0.979673 0.694853 -0.126376
v -0.979673 0.596556 -0.098297
v -0.979673 0.605493 -0.089361
v -0.979673 0.555841 -0.000000
v -0.979673 0.568479 -0.000000
v -0.979673 0.605493 0.089361
v -0.979673 0.596556 0.098297
v -0.979673 0.694853 0.126376
v -0.979673 0.694853 0.139013
v -1.714441 0.226638 -0.080215
v -1.586440 0.241170 -0.057405
v -1.586440 0.226638 -0.080215
v -1.714441 0.241170 -0.057405
v -1.464441 0.226638 -0.080215
v -1.336440 0.241170 -0.057405
v -1.336440 0.226638 -0.080215
v -1.464441 0.241170 -0.057405
v -1.086439 0.226638 -0.080214
v -1.214441 0.241170 -0.057405
v -1.086439 0.241170 -0.057405
v -1.214441 0.226638 -0.080215
v -0.964439 0.226638 -0.080214
v -0.836439 0.241170 -0.057405
v -0.836439 0.226638 -0.080214
v -0.964439 0.241170 -0.057405
v -1.964440 0.226638 -0.080215
v -1.836440 0.241170 -0.057405
v -1.836440 0.226638 -0.080215
v -1.964440 0.241170 -0.057405
v -1.586440 0.326564 0.090429
v -1.714441 0.326564 0.090429
v -1.714441 0.336833 0.110156
v -1.586440 0.336833 0.110156
v -1.336440 0.326564 0.090429
v -1.464441 0.326564 0.090429
v -1.464441 0.336833 0.110156
v -1.336440 0.336833 0.110156
v -1.214441 0.336833 0.110156
v -1.086439 0.326564 0.090429
v -1.214441 0.326564 0.090429
v -1.086439 0.336833 0.110156
v -0.836439 0.326564 0.090429
v -0.964439 0.326564 0.090429
v -0.964439 0.336833 0.110156
v -0.836439 0.336833 0.110156
v -1.836440 0.326564 0.090429
v -1.964440 0.326564 0.090429
v -1.964440 0.336833 0.110156
v -1.836440 0.336833 0.110156
v -0.964439 0.226638 0.080214
v -0.977240 0.264962 0.075892
v -0.977240 0.252875 0.094865
v -0.964439 0.241170 0.057405
v -1.227240 0.354385 -0.078905
v -1.323640 0.354385 -0.078905
v -1.214441 0.326564 -0.090429
v -1.214933 0.381136 -0.067825
v -1.335946 0.381136 -0.067825
v -1.336440 0.326564 -0.090429
v -0.713334 0.313311 -0.095919
v -1.086439 0.326564 -0.090429
v -2.033320 0.313311 -0.095919
v -1.464441 0.326564 -0.090429
v -0.964439 0.326564 -0.090429
v -0.836439 0.326564 -0.090429
v -0.977240 0.354385 -0.078905
v -0.823639 0.354385 -0.078905
v -0.713334 0.381136 -0.067825
v -0.835946 0.381136 -0.067825
v -1.073639 0.354385 -0.078905
v -0.964933 0.381136 -0.067825
v -1.085946 0.381136 -0.067825
v -1.573640 0.354385 -0.078905
v -1.477240 0.354385 -0.078905
v -1.464933 0.381136 -0.067825
v -1.585946 0.381136 -0.067825
v -1.586440 0.326564 -0.090429
v -1.714441 0.326564 -0.090429
v -1.836440 0.326564 -0.090429
v -1.964440 0.326564 -0.090429
v -1.823640 0.354385 -0.078905
v -1.977240 0.354385 -0.078905
v -2.033320 0.381136 -0.067825
v -1.964933 0.381136 -0.067825
v -1.727240 0.354385 -0.078905
v -1.714933 0.381136 -0.067825
v -1.835946 0.381136 -0.067825
v -0.964439 0.226638 -0.080214
v -0.977240 0.264962 -0.075892
v -0.964439 0.241170 -0.057405
v -0.977240 0.252875 -0.094865
v 0.389003 0.282203 -0.107014
v -0.140439 0.282203 -0.107014
v -0.140439 0.282203 -0.010224
v 0.389003 0.282203 -0.010224
v 0.779561 0.282203 -0.107014
v 0.539264 0.282203 -0.107014
v 0.539264 0.282203 -0.010224
v 0.779561 0.282203 -0.010224
v 0.539264 0.282203 -0.107014
v 0.389003 0.282203 -0.107014
v 0.389003 0.282203 -0.010224
v 0.539264 0.282203 -0.010224
v -2.033320 0.381136 0.067825
v -1.977240 0.354385 0.078905
v -2.033320 0.313311 0.095919
v -1.964933 0.381136 0.067825
v -1.964440 0.326564 0.090429
v -1.836440 0.326564 0.090429
v -1.714441 0.326564 0.090429
v -1.823640 0.354385 0.078905
v -1.727240 0.354385 0.078905
v -1.714933 0.381136 0.067825
v -1.835946 0.381136 0.067825
v -1.586440 0.326564 0.090429
v -1.464441 0.326564 0.090429
v -1.573640 0.354385 0.078905
v -1.336440 0.326564 0.090429
v -1.477240 0.354385 0.078905
v -1.464933 0.381136 0.067825
v -1.585946 0.381136 0.067825
v -0.713334 0.313311 0.095919
v -1.214441 0.326564 0.090429
v -1.323640 0.354385 0.078905
v -1.227240 0.354385 0.078905
v -1.214933 0.381136 0.067825
v -1.335946 0.381136 0.067825
v -1.086439 0.326564 0.090429
v -0.964439 0.326564 0.090429
v -0.977240 0.354385 0.078905
v -0.836439 0.326564 0.090429
v -1.073639 0.354385 0.078905
v -0.964933 0.381136 0.067825
v -1.085946 0.381136 0.067825
v -0.823639 0.354385 0.078905
v -0.713334 0.381136 0.067825
v -0.835946 0.381136 0.067825
v -0.836439 0.381714 -0.066430
v -0.836439 0.392476 -0.087107
v -0.835946 0.381136 -0.067825
v -0.823639 0.364655 -0.098631
v -0.823639 0.354385 -0.078905
v -0.836439 0.336833 -0.110156
v -0.836439 0.326564 -0.090429
v -0.823639 0.364655 0.098631
v -0.835946 0.381136 0.067825
v -0.823639 0.354385 0.078905
v -0.836439 0.392476 0.087107
v -0.836439 0.381714 0.066430
v -0.836439 0.336833 0.110156
v -0.836439 0.326564 0.090429
v -0.823639 0.264962 -0.075892
v -0.836439 0.281019 -0.106523
v -0.823639 0.252875 -0.094865
v -0.836439 0.293106 -0.087550
v -0.836439 0.226638 -0.080214
v -0.823639 0.264962 -0.075892
v -0.836439 0.241170 -0.057405
v -0.823639 0.264962 0.075892
v -0.836439 0.281019 0.106523
v -0.836439 0.293106 0.087550
v -0.823639 0.252875 0.094865
v -0.823639 0.264962 0.075892
v -0.836439 0.226638 0.080214
v -0.836439 0.241170 0.057405
v -1.214441 0.381714 0.066430
v -1.214441 0.392478 0.087107
v -1.214933 0.381136 0.067825
v -1.086439 0.381714 0.066430
v -1.086439 0.392478 0.087107
v -1.227240 0.364655 0.098631
v -1.227240 0.354385 0.078905
v -1.214441 0.336833 0.110156
v -1.214441 0.326564 0.090429
v -1.464441 0.281019 0.106523
v -1.477240 0.264962 0.075892
v -1.464441 0.293106 0.087550
v -1.477240 0.252875 0.094865
v -1.336440 0.281019 0.106523
v -1.336440 0.293106 0.087550
v -1.964440 0.293106 -0.087550
v -1.836440 0.293106 -0.087550
v -2.033320 0.313311 -0.095919
v -1.977240 0.264962 -0.075892
v -2.033320 0.245486 -0.067825
v -1.964440 0.241170 -0.057405
v -1.714441 0.293106 -0.087550
v -1.823640 0.264962 -0.075892
v -1.727240 0.264962 -0.075892
v -1.714441 0.241170 -0.057405
v -1.836440 0.241170 -0.057405
v -1.586440 0.293106 -0.087550
v -1.464441 0.293106 -0.087550
v -1.573640 0.264962 -0.075892
v -1.336440 0.293106 -0.087550
v -1.477240 0.264962 -0.075892
v -1.464441 0.241170 -0.057405
v -1.586440 0.241170 -0.057405
v -0.713334 0.313311 -0.095919
v -1.214441 0.293106 -0.087550
v -1.323640 0.264962 -0.075892
v -1.227240 0.264962 -0.075892
v -1.214441 0.241170 -0.057405
v -1.336440 0.241170 -0.057405
v -1.086439 0.293106 -0.087550
v -0.964439 0.293106 -0.087550
v -0.836439 0.293106 -0.087550
v -0.977240 0.264962 -0.075892
v -0.823639 0.264962 -0.075892
v -0.713334 0.245486 -0.067825
v -0.836439 0.241170 -0.057405
v -1.073639 0.264962 -0.075892
v -1.086439 0.241170 -0.057405
v -0.964439 0.241170 -0.057405
v -1.227240 0.264962 0.075892
v -1.323640 0.264962 0.075892
v -1.214441 0.293106 0.087550
v -1.214441 0.241170 0.057405
v -1.336440 0.241170 0.057405
v -1.336440 0.293106 0.087550
v -0.713334 0.313311 0.095919
v -1.086439 0.293106 0.087550
v -2.033320 0.313311 0.095919
v -1.464441 0.293106 0.087550
v -0.964439 0.293106 0.087550
v -0.836439 0.293106 0.087550
v -0.977240 0.264962 0.075892
v -0.823639 0.264962 0.075892
v -0.713334 0.245486 0.067825
v -0.836439 0.241170 0.057405
v -1.073639 0.264962 0.075892
v -1.086439 0.241170 0.057405
v -0.964439 0.241170 0.057405
v -1.573640 0.264962 0.075892
v -1.477240 0.264962 0.075892
v -1.464441 0.241170 0.057405
v -1.586440 0.241170 0.057405
v -1.586440 0.293106 0.087550
v -1.714441 0.293106 0.087550
v -1.836440 0.293106 0.087550
v -1.964440 0.293106 0.087550
v -1.823640 0.264962 0.075892
v -1.977240 0.264962 0.075892
v -2.033320 0.245486 0.067825
v -1.964440 0.241170 0.057405
v -1.727240 0.264962 0.075892
v -1.714441 0.241170 0.057405
v -1.836440 0.241170 0.057405
v -1.336440 0.241170 -0.057405
v -2.033322 0.217392 -0.000000
v -0.713334 0.217392 -0.000000
v -1.214441 0.241170 -0.057405
v -1.086439 0.241170 -0.057405
v -0.964439 0.241170 -0.057405
v -0.836439 0.241170 -0.057405
v -0.713334 0.245486 -0.067825
v -1.464441 0.241170 -0.057405
v -1.586440 0.241170 -0.057405
v -1.714441 0.241170 -0.057405
v -1.836440 0.241170 -0.057405
v -1.964440 0.241170 -0.057405
v -2.033320 0.245486 -0.067825
v -1.336440 0.241170 0.057405
v -0.713334 0.217392 -0.000000
v -2.033322 0.217392 -0.000000
v -1.214441 0.241170 0.057405
v -1.086439 0.241170 0.057405
v -0.964439 0.241170 0.057405
v -0.836439 0.241170 0.057405
v -0.713334 0.245486 0.067825
v -1.464441 0.241170 0.057405
v -1.586440 0.241170 0.057405
v -1.714441 0.241170 0.057405
v -1.836440 0.241170 0.057405
v -1.964440 0.241170 0.057405
v -2.033320 0.245486 0.067825
v -1.714441 0.281019 0.106523
v -1.727240 0.264962 0.075892
v -1.714441 0.293106 0.087550
v -1.727240 0.252875 0.094865
v -1.586440 0.281019 0.106523
v -1.586440 0.293106 0.087550
v -1.964440 0.381714 0.066430
v -1.964440 0.392478 0.087107
v -1.964933 0.381136 0.067825
v -1.836440 0.381714 0.066430
v -1.836440 0.392478 0.087107
v -1.977240 0.364655 0.098631
v -1.977240 0.354385 0.078905
v -1.464441 0.381714 0.066430
v -1.464441 0.392478 0.087107
v -1.464933 0.381136 0.067825
v -1.336440 0.381714 0.066430
v -1.336440 0.392478 0.087107
v -1.477240 0.364655 0.098631
v -1.477240 0.354385 0.078905
v -1.464441 0.336833 0.110156
v -1.464441 0.326564 0.090429
v -1.964440 0.281019 0.106523
v -1.977240 0.264962 0.075892
v -1.964440 0.293106 0.087550
v -1.977240 0.252875 0.094865
v -1.836440 0.281019 0.106523
v -1.836440 0.293106 0.087550
v -0.713334 0.409229 -0.000000
v -0.713334 0.217392 -0.000000
v -0.713334 0.313311 0.095919
v -0.713334 0.245486 0.067825
v -0.713334 0.381136 0.067825
v -0.713334 0.313311 -0.095919
v -0.713334 0.245486 -0.067825
v -0.713334 0.381136 -0.067825
v -1.214441 0.281019 -0.106523
v -1.227240 0.264962 -0.075892
v -1.227240 0.252875 -0.094865
v -1.214441 0.293106 -0.087550
v -1.714441 0.381714 0.066430
v -1.714441 0.392478 0.087107
v -1.714933 0.381136 0.067825
v -1.586440 0.381714 0.066430
v -1.586440 0.392478 0.087107
v -1.727240 0.364655 0.098631
v -1.727240 0.354385 0.078905
v -1.714441 0.336833 0.110156
v -1.714441 0.326564 0.090429
v -1.214441 0.226638 0.080215
v -1.227240 0.264962 0.075892
v -1.227240 0.252875 0.094865
v -1.214441 0.241170 0.057405
v -1.214441 0.226638 -0.080215
v -1.227240 0.264962 -0.075892
v -1.214441 0.241170 -0.057405
v -1.227240 0.252875 -0.094865
v -1.214441 0.392478 -0.087107
v -1.214933 0.381136 -0.067825
v -1.227240 0.364655 -0.098631
v -1.214441 0.381714 -0.066430
v -1.227240 0.354385 -0.078905
v -1.214441 0.336833 -0.110156
v -1.214441 0.326564 -0.090429
v 0.705734 0.582679 -0.000000
v 0.834287 0.615534 0.079319
v 0.834287 0.582679 -0.000000
v 0.705734 0.615534 0.079319
v 0.834287 0.694853 0.112174
v 0.705734 0.694853 0.112174
v 0.705734 0.615534 -0.079319
v 0.834287 0.615534 -0.079319
v 0.705734 0.694853 -0.112174
v 0.834287 0.694853 -0.112174
v 0.705734 0.774173 -0.079319
v 0.834287 0.774173 -0.079319
v 0.705734 0.807029 -0.000000
v 0.834287 0.807029 -0.000000
v 0.705734 0.774173 0.079319
v 0.834287 0.774173 0.079319
v 0.705734 0.694853 0.112174
v 0.834287 0.694853 0.112174
v 0.389003 0.377086 -0.093482
v 0.539264 0.337086 -0.110051
v 0.539264 0.337086 -0.010224
v 0.389003 0.377086 -0.010224
v 1.399561 -0.023381 -0.081278
v 1.399561 -0.023381 0.081278
v 1.519560 -0.023381 -0.081278
v 1.519560 -0.023381 0.081278
v 1.099560 0.036618 -0.081278
v 1.099560 0.036618 0.081278
v 1.009561 0.226619 -0.081278
v 1.009561 0.226619 0.081278
v 1.519560 -0.023381 0.081278
v 1.519560 0.246619 0.097533
v 1.519560 0.246619 -0.097533
v -1.464441 0.281019 -0.106523
v -1.477240 0.264962 -0.075892
v -1.477240 0.252875 -0.094865
v -1.464441 0.293106 -0.087550
v -1.464441 0.226638 -0.080215
v -1.477240 0.264962 -0.075892
v -1.464441 0.241170 -0.057405
v -1.477240 0.252875 -0.094865
v -1.464441 0.226638 0.080215
v -1.477240 0.264962 0.075892
v -1.477240 0.252875 0.094865
v -1.464441 0.241170 0.057405
v -1.464441 0.392478 -0.087107
v -1.464933 0.381136 -0.067825
v -1.477240 0.364655 -0.098631
v -1.464441 0.381714 -0.066430
v -1.477240 0.354385 -0.078905
v -1.464441 0.336833 -0.110156
v -1.464441 0.326564 -0.090429
v 0.989561 -0.073382 -0.081278
v 0.849560 0.226619 0.081278
v 0.849560 0.226619 -0.081278
v 0.989561 -0.073382 0.081278
v 0.974351 -0.129399 -0.081278
v 0.974351 -0.129399 0.081278
v 1.007938 -0.184281 -0.081278
v 1.007938 -0.184281 0.081278
v 1.074771 -0.187365 -0.081278
v 1.074771 -0.187365 0.081278
v 1.139561 -0.153381 -0.081278
v 1.139561 -0.153381 0.081278
v 1.219560 -0.153381 -0.081278
v 1.219560 -0.153381 0.081278
v 1.509561 -0.193382 -0.081278
v 1.509561 -0.193382 0.081278
v 1.609561 -0.193382 -0.081278
v 1.609561 -0.193382 0.081278
v -1.714441 0.281019 -0.106523
v -1.727240 0.264962 -0.075892
v -1.727240 0.252875 -0.094865
v -1.714441 0.293106 -0.087550
v -1.714441 0.226638 -0.080215
v -1.727240 0.264962 -0.075892
v -1.714441 0.241170 -0.057405
v -1.727240 0.252875 -0.094865
v -1.714441 0.226638 0.080215
v -1.727240 0.264962 0.075892
v -1.727240 0.252875 0.094865
v -1.714441 0.241170 0.057405
v -1.714441 0.392478 -0.087107
v -1.714933 0.381136 -0.067825
v -1.727240 0.364655 -0.098631
v -1.714441 0.381714 -0.066430
v -1.727240 0.354385 -0.078905
v -1.714441 0.336833 -0.110156
v -1.714441 0.326564 -0.090429
v -1.964440 0.392478 -0.087107
v -1.964933 0.381136 -0.067825
v -1.977240 0.364655 -0.098631
v -1.977240 0.354385 -0.078905
v -1.964440 0.381714 -0.066430
v -1.964440 0.281019 -0.106523
v -1.977240 0.264962 -0.075892
v -1.977240 0.252875 -0.094865
v -1.964440 0.293106 -0.087550
v -1.977240 0.354385 -0.078905
v -1.964440 0.336833 -0.110156
v -1.977240 0.364655 -0.098631
v -1.964440 0.326564 -0.090429
v -1.964440 0.226638 -0.080215
v -1.977240 0.264962 -0.075892
v -1.964440 0.241170 -0.057405
v -1.977240 0.252875 -0.094865
v -1.977240 0.354385 0.078905
v -1.964440 0.336833 0.110156
v -1.964440 0.326564 0.090429
v -1.977240 0.364655 0.098631
v -1.964440 0.226638 0.080215
v -1.977240 0.264962 0.075892
v -1.977240 0.252875 0.094865
v -1.964440 0.241170 0.057405
v 0.779561 0.313311 -0.119899
v 0.779561 0.314730 -0.010224
v 0.753164 0.337086 -0.110051
v 0.753164 0.337086 -0.010224
v 0.372230 -0.346861 -0.079666
v 0.372230 -0.346861 0.079666
v 0.359551 -0.293264 -0.079666
v 0.359551 -0.293264 0.079666
v 0.380009 -0.260126 0.079666
v 0.287909 0.129226 0.079666
v 0.380009 -0.260126 -0.079666
v 0.287909 0.129226 -0.079666
v 0.359551 -0.293264 -0.079666
v 0.359551 -0.293264 0.079666
v 0.380009 -0.260126 -0.079666
v 0.380009 -0.260126 0.079666
v 0.703826 0.694853 -0.125534
v 0.332303 0.634184 -0.060670
v 0.332303 0.694853 -0.085800
v 0.332303 0.755523 -0.060670
v 0.703826 0.606087 -0.088766
v 0.703826 0.783620 -0.088766
v 0.703826 0.569319 -0.000000
v 0.703826 0.820388 -0.000000
v 0.332303 0.609054 -0.000000
v 0.332303 0.780653 -0.000000
v 0.332303 0.634184 0.060670
v 0.332303 0.755523 0.060670
v 0.703826 0.606087 0.088766
v 0.703826 0.694853 0.125534
v 0.332303 0.694853 0.085800
v 0.703826 0.783620 0.088766
v 0.703826 0.694853 0.125534
v 0.332303 0.694853 0.085800
v 0.703826 0.795153 -0.100299
v 0.703826 0.820388 -0.000000
v 0.703826 0.836697 -0.000000
v 0.703826 0.795153 0.100299
v 0.703826 0.783620 -0.088766
v 0.703826 0.783620 0.088766
v 0.703826 0.694853 0.141844
v 0.703826 0.694853 0.125534
v 0.703826 0.694853 -0.141844
v 0.703826 0.694853 -0.125534
v 0.703826 0.606087 -0.088766
v 0.703826 0.594554 -0.100299
v 0.703826 0.553009 -0.000000
v 0.703826 0.569319 -0.000000
v 0.703826 0.606087 0.088766
v 0.703826 0.594554 0.100299
v 0.703826 0.694853 0.141844
v 0.703826 0.694853 0.125534
v 0.779561 0.282203 -0.107014
v 0.779561 0.314730 -0.010224
v 0.779561 0.313311 -0.119899
v 0.779561 0.282203 -0.010224
vn -1.0000 0.0005 0.0005
vn -0.4556 0.8902 0.0005
vn -0.4556 0.6295 -0.6294
vn -1.0000 0.0005 0.0004
vn -0.4556 0.6294 -0.6295
vn -0.4556 0.0007 -0.8902
vn -1.0000 0.0005 0.0001
vn -0.4556 0.6295 0.6294
vn -0.4556 0.8902 0.0007
vn -0.4556 0.0007 0.8902
vn -0.4556 0.6294 0.6295
vn -0.4556 -0.6294 0.6295
vn -0.4556 0.0005 0.8902
vn -0.4556 -0.8902 0.0007
vn -0.4556 -0.6295 0.6294
vn -1.0000 0.0005 0.0007
vn -0.4556 -0.6295 -0.6294
vn -0.4556 -0.8902 0.0005
vn -1.0000 0.0001 0.0005
vn -0.4556 0.0003 -0.8902
vn -0.4556 -0.6294 -0.6295
vn -1.0000 0.0003 0.0005
vn 1.0000 0.0005 0.0005
vn 0.9451 -0.3268 0.0004
vn 0.5711 -0.8209 -0.0000
vn 0.9451 -0.3268 0.0005
vn 0.9561 0.2929 -0.0000
vn 0.9562 0.2929 -0.0000
vn 0.9732 0.2301 0.0003
vn 0.9732 0.2300 0.0004
vn 0.9732 0.2299 0.0004
vn 0.9731 0.2302 -0.0000
vn -1.0000 -0.0000 -0.0000
vn 0.2301 -0.9732 0.0003
vn 0.2300 -0.9732 0.0004
vn 0.2302 -0.9731 -0.0000
vn -0.3989 -0.8133 -0.4235
vn -0.5367 -0.7486 -0.3892
vn -0.9197 -0.3482 -0.1813
vn -0.9998 -0.0193 -0.0101
vn -0.9998 0.0194 0.0101
vn -0.5650 0.7321 0.3805
vn -0.5367 0.7487 0.3892
vn -0.9998 -0.0188 0.0103
vn -0.9197 -0.3483 0.1813
vn -0.9998 0.0191 -0.0103
vn -0.5367 -0.7486 0.3893
vn -0.3989 -0.8134 0.4234
vn -0.5650 0.7322 -0.3804
vn -0.5367 0.7487 -0.3892
vn -1.0000 -0.0083 0.0054
vn -0.5780 -0.6884 0.4382
vn -0.9996 0.0249 -0.0161
vn -0.5212 -0.7196 0.4588
vn -0.5416 0.7088 -0.4519
vn -0.5360 0.7119 -0.4539
vn -1.0000 -0.0083 -0.0054
vn -0.5780 -0.6884 -0.4383
vn -0.5212 -0.7196 -0.4588
vn -0.9996 0.0249 0.0161
vn -0.5417 0.7088 0.4519
vn -0.5360 0.7118 0.4539
vn 0.7071 0.7071 0.0005
vn 0.7808 -0.6248 0.0005
vn 0.7808 0.6248 0.0005
vn 0.7071 -0.7071 -0.0000
vn -0.3990 -0.8133 -0.4235
vn -0.9998 0.0191 0.0103
vn -0.5417 0.7088 -0.4519
vn -1.0000 -0.0083 0.0053
vn -0.9998 0.0194 -0.0101
vn -0.3989 -0.8133 0.4235
vn -0.9998 -0.0193 0.0101
vn -0.0000 -0.7071 0.7071
vn 0.0005 0.0003 1.0000
vn 0.0005 -1.0000 0.0005
vn -0.0000 -0.7071 -0.7071
vn 0.0005 0.0005 -1.0000
vn -0.0000 0.7071 -0.7071
vn 0.0005 1.0000 0.0005
vn -0.0000 0.7071 0.7071
vn 0.0005 0.0005 1.0000
vn 0.0005 -0.7071 0.7071
vn -0.0542 0.0005 0.9985
vn -0.0542 -0.7060 0.7061
vn 0.0003 -1.0000 0.0003
vn -0.0542 -0.7062 0.7060
vn -0.0542 -0.9985 0.0005
vn 0.0005 -0.7071 -0.7071
vn -0.0542 -0.7062 -0.7060
vn 0.0003 0.0003 -1.0000
vn -0.0542 -0.7060 -0.7061
vn -0.0542 0.0005 -0.9985
vn 0.0004 0.7071 -0.7071
vn -0.0542 0.7060 -0.7062
vn 0.0003 1.0000 0.0003
vn -0.0542 0.7062 -0.7060
vn -0.0542 0.9985 0.0005
vn 0.0006 0.7071 0.7071
vn -0.0542 0.7062 0.7059
vn -0.0542 0.7060 0.7062
vn 0.0892 0.7043 0.7043
vn 0.0445 0.0005 0.9990
vn 0.0894 0.0005 0.9960
vn 0.0441 0.7064 0.7064
vn 0.0441 0.9990 -0.0000
vn 0.0892 0.9960 -0.0000
vn 0.0892 0.7043 -0.7043
vn 0.0441 0.7064 -0.7064
vn 0.0444 0.0004 -0.9990
vn 0.0894 0.0005 -0.9960
vn 0.0896 -0.7043 -0.7043
vn 0.0441 -0.7064 -0.7064
vn 0.0441 -0.9990 -0.0000
vn 0.0892 -0.9960 -0.0000
vn 0.0892 -0.7043 0.7043
vn 0.0441 -0.7064 0.7064
vn 0.0005 0.0004 1.0000
vn 0.0445 0.0004 0.9990
vn -0.3988 -0.8134 -0.4235
vn -0.5367 -0.7487 -0.3892
vn -0.9199 -0.3479 -0.1811
vn -0.9198 0.3481 0.1812
vn -0.5417 0.7088 -0.4518
vn -0.9998 -0.0194 0.0101
vn -0.9199 -0.3479 0.1811
vn -0.5367 -0.7487 0.3892
vn -0.9196 0.3486 -0.1812
vn -0.9198 0.3481 -0.1812
vn -0.0000 0.0005 -1.0000
vn -0.0000 0.0004 -1.0000
vn 0.0005 0.0004 -1.0000
vn 0.0005 -0.8425 0.5387
vn 0.0083 -0.8418 0.5398
vn 0.0034 -0.7110 0.7032
vn 0.0005 -1.0000 0.0002
vn -0.0005 -0.8290 -0.5592
vn 0.0005 -1.0000 0.0004
vn -0.0005 -0.7125 -0.7017
vn 0.0005 -0.8425 -0.5387
vn 0.0005 -0.8285 0.5600
vn -0.0005 -0.7120 0.7022
vn -0.0005 -0.0074 1.0000
vn 0.0132 -0.4305 0.9025
vn -0.0005 -0.3963 0.9181
vn -0.0005 -0.4423 0.8969
vn -0.0005 -0.4431 -0.8965
vn 0.0083 -0.8418 -0.5398
vn 0.0034 -0.7120 -0.7022
vn -0.0005 -0.3983 -0.9173
vn 0.0132 -0.4313 -0.9021
vn 0.0034 -0.7119 -0.7023
vn -0.0005 -0.0083 -1.0000
vn -0.0005 -0.8289 -0.5593
vn -0.0005 -0.7124 -0.7018
vn -0.0005 0.0777 -0.9970
vn 0.0005 0.7071 -0.7071
vn -0.0000 0.3827 -0.9239
vn 0.0005 0.3826 -0.9239
vn -0.0005 -0.0082 -1.0000
vn 0.0006 0.3826 -0.9239
vn 0.0009 0.3826 -0.9239
vn -0.0000 0.3828 -0.9238
vn 0.0083 -0.8417 0.5398
vn -0.0000 0.3827 0.9239
vn -0.0005 -0.0073 1.0000
vn 0.0005 0.3826 0.9239
vn 0.0005 0.7071 0.7071
vn 0.0006 0.3826 0.9239
vn -0.0000 0.3828 0.9238
vn 0.0009 0.3826 0.9239
vn -0.0004 -0.0073 1.0000
vn 0.0083 -0.8417 -0.5398
vn -0.9305 -0.3663 -0.0000
vn -0.4817 -0.8763 -0.0000
vn -0.4823 -0.8760 0.0005
vn 0.1407 -0.9901 -0.0000
vn 0.4500 -0.8930 -0.0000
vn 0.0003 0.3826 -0.9239
vn -0.0004 -0.0083 -1.0000
vn 0.0008 0.3826 -0.9239
vn 0.0005 0.3827 -0.9239
vn 0.0004 0.3825 -0.9239
vn 0.0003 -0.0297 0.9996
vn -0.0000 -0.0200 0.9998
vn 0.0005 -0.0601 0.9982
vn 0.0006 -0.0601 0.9982
vn -0.0000 -0.0000 1.0000
vn -0.0000 -0.0200 -0.9998
vn 0.0003 -0.0297 -0.9996
vn 0.0005 -0.0601 -0.9982
vn 0.0006 -0.0601 -0.9982
vn -0.0000 -0.0000 -1.0000
vn 0.0005 1.0000 0.0004
vn -0.3512 -0.9363 -0.0000
vn -0.1295 -0.9916 0.0005
vn -0.3785 -0.9256 0.0024
vn -0.1255 -0.9921 0.0005
vn 0.5213 -0.7196 0.4587
vn 0.5781 -0.6882 0.4384
vn -0.5213 -0.7197 0.4585
vn -0.3990 -0.8133 0.4235
vn -0.0000 -0.8870 0.4617
vn 0.0005 -0.8869 0.4619
vn -0.5367 -0.7485 0.3896
vn 0.5777 -0.6884 -0.4386
vn 1.0000 -0.0083 -0.0054
vn 0.5211 -0.7198 -0.4586
vn 0.9996 0.0249 0.0161
vn -0.5781 -0.6882 -0.4384
vn -0.5213 -0.7196 -0.4587
vn -0.3990 -0.8134 -0.4234
vn 0.5367 -0.7484 -0.3896
vn 0.3990 -0.8133 -0.4235
vn -0.0000 -0.8870 -0.4617
vn 0.0005 -0.8869 -0.4619
vn -0.1295 -0.9916 -0.0000
vn 0.7071 -0.7071 0.0005
vn -0.1343 -0.9909 0.0005
vn 0.7809 -0.6246 -0.0000
vn 0.5780 -0.6884 0.4383
vn 1.0000 -0.0083 0.0054
vn 0.9996 0.0249 -0.0161
vn -0.0000 -0.9239 0.3827
vn -0.0000 -1.0000 0.0005
vn 0.0005 -0.9239 0.3826
vn 0.0004 -0.9239 0.3826
vn 0.0003 -0.9239 0.3826
vn -0.0000 -0.9238 0.3828
vn 0.0005 -1.0000 0.0006
vn 0.0003 -0.9239 0.3827
vn 0.0006 -0.9239 0.3826
vn 0.0003 -0.9239 -0.3826
vn -0.0000 -0.9239 -0.3827
vn -0.0000 -0.9238 -0.3828
vn 0.0003 -0.9239 -0.3827
vn 0.0005 -0.9239 -0.3826
vn 0.9198 -0.3482 -0.1812
vn 0.9197 -0.3483 -0.1813
vn 0.9998 -0.0193 -0.0101
vn 0.9196 -0.3484 -0.1813
vn 0.9998 0.0194 0.0101
vn 0.5651 0.7321 0.3804
vn 0.5367 0.7487 0.3892
vn 0.9198 -0.3481 0.1811
vn 0.9198 -0.3482 0.1812
vn 0.9197 -0.3483 0.1813
vn 0.9998 -0.0193 0.0101
vn 0.9998 0.0194 -0.0101
vn 0.5651 0.7321 -0.3805
vn 0.5367 0.7487 -0.3892
vn -0.5367 0.7486 0.3892
vn -0.5651 0.7318 0.3809
vn 0.5367 0.7484 0.3896
vn 0.0003 0.8870 0.4618
vn -0.0000 0.8870 0.4617
vn 0.0007 0.8870 0.4618
vn -0.5360 0.7120 0.4536
vn 0.5360 0.7118 0.4539
vn 0.5417 0.7089 0.4516
vn -0.5417 0.7088 0.4518
vn 0.5417 0.7089 0.4517
vn 0.5417 0.7088 -0.4518
vn -0.5360 0.7118 -0.4539
vn -0.5417 0.7089 -0.4516
vn 0.5360 0.7120 -0.4536
vn -0.5417 0.7089 -0.4517
vn 0.5417 0.7088 -0.4519
vn -0.5367 0.7484 -0.3896
vn 0.5367 0.7486 -0.3892
vn 0.5651 0.7318 -0.3809
vn -0.5651 0.7321 -0.3804
vn 0.0003 0.8870 -0.4618
vn -0.0000 0.8870 -0.4617
vn 0.0007 0.8870 -0.4618
vn 0.5417 0.7088 0.4518
vn 0.9996 0.0250 0.0161
vn 0.5359 0.7119 0.4539
vn -0.0000 -0.3827 0.9239
vn 0.0005 -0.3826 0.9239
vn 0.0006 -0.3826 0.9239
vn -0.0000 0.0317 0.9995
vn 0.0005 0.0317 0.9995
vn 0.0003 -0.3826 0.9239
vn 0.5359 0.7118 -0.4539
vn 0.9996 0.0250 -0.0161
vn 0.7809 0.6246 0.0005
vn 0.7071 0.7071 -0.0000
vn -0.7809 0.6246 -0.0000
vn -0.7071 0.7071 0.0005
vn -0.0000 -0.3827 -0.9239
vn -0.0000 0.0317 -0.9995
vn 0.0003 -0.3826 -0.9239
vn 0.0005 -0.3826 -0.9239
vn 0.0005 0.0317 -0.9995
vn -0.5366 -0.7487 -0.3892
vn -0.9198 -0.3480 -0.1811
vn -0.9998 -0.0194 -0.0101
vn -0.9197 -0.3484 0.1812
vn -0.5366 -0.7487 0.3892
vn -0.3989 -0.8134 0.4235
vn 0.3990 -0.8132 0.4236
vn 0.5367 -0.7486 0.3892
vn 0.9199 -0.3479 0.1811
vn -0.5367 -0.7484 0.3896
vn 0.9998 0.0193 -0.0101
vn 0.0005 0.4411 0.8975
vn -0.0000 0.0318 0.9995
vn 0.0005 0.4411 0.8974
vn 0.0005 0.7061 0.7081
vn 0.0005 0.8406 0.5417
vn 0.0005 0.4412 0.8974
vn 0.0005 0.8348 0.5506
vn 0.0005 0.0318 0.9995
vn 0.0005 0.7163 0.6978
vn 0.0005 0.8379 0.5458
vn 0.0005 0.4412 -0.8974
vn 0.0005 0.4411 -0.8975
vn 0.0005 0.8348 -0.5506
vn -0.0000 0.0318 -0.9995
vn 0.0005 0.0318 -0.9995
vn 0.0005 0.7163 -0.6978
vn 0.0005 0.8379 -0.5458
vn 0.0005 0.4411 -0.8974
vn 0.0005 0.7061 -0.7081
vn 0.0005 0.8406 -0.5417
vn 0.0005 0.8349 0.5504
vn -0.0000 1.0000 0.0005
vn 0.0005 0.8380 0.5457
vn 0.0005 0.7164 0.6977
vn 0.0005 0.8406 0.5416
vn -0.0000 0.7061 0.7081
vn 0.0005 0.8349 -0.5504
vn 0.0005 1.0000 0.0003
vn -0.0000 1.0000 0.0003
vn 0.0005 0.8380 -0.5457
vn -0.0000 0.7164 -0.6977
vn 0.0005 0.8406 -0.5416
vn 0.5213 -0.7195 -0.4589
vn 0.3989 -0.8133 0.4236
vn 0.5366 -0.7485 0.3896
vn 0.9998 -0.0191 0.0103
vn 0.9998 0.0190 -0.0102
vn 0.5367 -0.7484 0.3897
vn 0.5650 0.7321 -0.3805
vn 0.3992 -0.8132 0.4235
vn 0.5417 0.7088 0.4519
vn 0.9996 0.0249 0.0162
vn 0.5359 0.7119 -0.4539
vn 0.5367 -0.7486 -0.3892
vn 0.9198 -0.3480 -0.1811
vn 0.9998 0.0193 0.0101
vn -0.1345 -0.9909 0.0005
vn -0.1256 -0.9921 0.0005
vn -0.1296 -0.9916 0.0005
vn 0.0981 0.9952 0.0006
vn 0.0983 0.9952 0.0004
vn -0.7208 0.6931 -0.0000
vn -0.7208 0.6931 0.0005
vn 0.6153 0.7883 0.0005
vn 0.6153 0.7883 0.0007
vn 0.9037 0.4281 -0.0000
vn 0.9036 0.4284 0.0003
vn -0.7206 0.6934 0.0005
vn -0.9963 -0.0856 -0.0000
vn -0.9063 -0.4226 0.0007
vn -0.9963 -0.0857 -0.0000
vn -0.9900 -0.1411 0.0006
vn -0.9899 -0.1415 -0.0000
vn -0.5088 -0.8609 -0.0000
vn -0.5089 -0.8608 -0.0000
vn 0.2168 -0.9762 -0.0000
vn 0.2165 -0.9763 0.0003
vn 0.2392 -0.9710 -0.0000
vn -0.0689 -0.9976 0.0006
vn -0.0688 -0.9976 0.0004
vn -0.0685 -0.9977 -0.0000
vn -0.0689 -0.9976 0.0005
vn 0.9197 -0.3483 -0.1812
vn 0.3989 -0.8133 -0.4235
vn 0.5367 -0.7487 -0.3892
vn 0.9199 -0.3479 -0.1811
vn 0.9998 -0.0191 -0.0103
vn 0.9998 0.0190 0.0102
vn 0.5212 -0.7196 0.4588
vn 0.9998 0.0191 0.0103
vn 0.9198 0.3481 0.1812
vn 0.9998 -0.0190 -0.0102
vn 0.5360 0.7118 -0.4539
vn 0.9998 0.0191 -0.0103
vn 0.9198 0.3481 -0.1812
vn 0.9998 -0.0190 0.0102
vn 0.5360 0.7119 0.4539
vn -0.9026 -0.4305 0.0025
vn -0.9090 -0.4168 0.0019
vn -0.3788 -0.9255 0.0024
vn -0.3512 -0.9363 0.0024
vn -0.9732 -0.2301 0.0003
vn -0.9731 -0.2302 -0.0000
vn -0.9732 -0.2299 0.0006
vn -0.8509 0.5253 -0.0000
vn -0.8509 0.5254 0.0003
vn -0.1061 0.0004 -0.9944
vn -0.0543 -0.7061 -0.7061
vn -0.0543 0.7061 -0.7061
vn -0.1063 -0.7031 -0.7031
vn -0.1063 0.7031 -0.7031
vn -0.1062 -0.9943 0.0003
vn -0.1063 0.9943 -0.0000
vn -0.0543 -0.7061 0.7061
vn -0.0543 0.7061 0.7061
vn -0.1060 -0.7031 0.7031
vn -0.1060 0.0004 0.9944
vn -0.0542 0.0004 0.9985
vn -0.1063 0.7031 0.7031
vn -0.1060 0.0005 0.9944
vn -0.7808 0.6247 0.0005
vn -0.9091 -0.4167 0.0025
vn -0.7071 0.7071 -0.0000
vt 0.375000 1.000000
vt 0.500000 1.000000
vt 0.625000 1.000000
vt 0.250000 1.000000
vt 0.750000 1.000000
vt 0.125000 1.000000
vt 0.875000 1.000000
vt 0.000000 1.000000
vt 1.000000 1.000000
vt 0.125000 0.500000
vt 0.250000 0.500000
vt 0.375000 0.500000
vt 0.000000 0.500000
vt 0.500000 0.500000
vt 0.625000 0.500000
vt 0.750000 0.500000
vt 0.875000 0.500000
vt 1.000000 0.500000
vt 0.625000 0.750000
vt 0.625000 0.250000
vt 0.375000 0.000000
vt 0.375000 0.250000
vt 0.625000 0.000000
vt 0.562500 1.000000
vt 0.425976 0.000000
vt 0.425976 0.250000
vt 0.125000 0.750000
vt 0.375000 0.750000
vt 0.625000 0.158302
vt 0.625000 0.131979
vt 0.620181 0.157206
vt 0.500000 0.134943
vt 0.500000 0.160055
vt 0.375000 0.137906
vt 0.375000 0.163019
vt 0.500000 0.158894
vt 0.625000 0.139464
vt 0.500000 0.133491
vt 0.625000 0.164867
vt 0.375000 0.131525
vt 0.413497 0.154760
vt 0.375000 0.541576
vt 0.375000 0.534238
vt 0.375000 0.537997
vt 0.875000 0.750000
vt 1.000000 0.750000
vt 0.750000 0.750000
vt 0.500000 0.750000
vt 0.250000 0.750000
vt 0.000000 0.750000
vt 0.413498 0.154760
vt 0.625000 0.900819
vt 0.631733 0.918451
vt 0.631733 0.884472
vt 0.625000 0.934798
vt 0.625000 0.866840
vt 0.631733 0.952430
vt 0.625000 0.968777
vt 0.631733 0.850493
vt 0.631733 0.986409
vt 0.625000 0.832861
vt 0.589106 0.988148
vt 0.547611 0.986409
vt 0.547611 0.969011
vt 0.547611 0.952430
vt 0.589106 0.967272
vt 0.589106 0.954169
vt 0.547611 0.935033
vt 0.547611 0.918451
vt 0.589106 0.933293
vt 0.589106 0.920191
vt 0.547611 0.901054
vt 0.547611 0.884472
vt 0.589106 0.899314
vt 0.589106 0.886212
vt 0.547611 0.867075
vt 0.625000 0.952665
vt 0.625000 0.918686
vt 0.625000 0.884707
vt 0.589106 0.852233
vt 0.589106 0.865335
vt 0.625000 0.850728
vt 0.547611 0.850493
vt 0.547611 0.833096
vt 0.589106 0.831357
vt 0.562500 0.500000
vt 0.500000 0.692288
vt 0.544860 0.692239
vt 0.545337 0.599916
vt 0.545443 0.579498
vt 0.545615 0.546847
vt 0.500000 0.546859
vt 0.497908 0.546859
vt 0.464942 0.550446
vt 0.405967 0.599941
vt 0.464941 0.579519
vt 0.383278 0.833096
vt 0.405961 0.692288
vt 0.424299 0.831357
vt 0.465320 0.833096
vt 0.465320 0.850493
vt 0.442957 0.866127
vt 0.424299 0.852233
vt 0.412071 0.851714
vt 0.424299 0.865335
vt 0.383278 0.867075
vt 0.405194 0.885402
vt 0.424299 0.899314
vt 0.383278 0.901054
vt 0.405194 0.919381
vt 0.424299 0.933293
vt 0.383278 0.935033
vt 0.405193 0.953359
vt 0.424299 0.967272
vt 0.383278 0.969011
vt 0.383278 0.986409
vt 0.424299 0.988148
vt 0.625000 0.986643
vt 0.375000 0.271975
vt 0.424299 0.954170
vt 0.442957 0.968063
vt 0.424299 0.886212
vt 0.442957 0.900105
vt 0.424299 0.920191
vt 0.442957 0.934084
vt 0.465320 0.952430
vt 0.465320 0.918451
vt 0.465320 0.884472
vt 0.465320 0.986409
vt 0.146975 0.500000
vt 0.146975 0.750000
vt 0.375000 0.978025
vt 0.425976 1.000000
vt 1.000000 0.000000
vt 0.500000 0.000000
vt 0.000000 0.000000
vt 0.446706 0.987198
vt 0.818856 0.500000
vt 0.818856 0.538841
vt 0.625000 0.610536
vt 0.625000 0.585133
vt 0.625000 0.591698
vt 0.625000 0.618021
vt 0.500000 0.591106
vt 0.500000 0.616509
vt 0.625000 0.341252
vt 0.375000 0.341252
vt 0.625000 0.306144
vt 0.375000 0.306144
vt 0.625000 0.253084
vt 0.622903 0.250000
vt 0.625000 0.534238
vt 0.372429 0.776561
vt 0.372429 0.824479
vt 0.375000 0.776755
vt 0.375000 0.824285
vt 0.372429 0.874753
vt 0.372429 0.726287
vt 0.372429 0.922671
vt 0.375000 0.874947
vt 0.375000 0.922477
vt 0.372429 0.972946
vt 0.375000 0.973139
vt 0.375000 0.678562
vt 0.375000 0.726093
vt 0.372429 0.678369
vt 0.372429 0.628094
vt 0.375000 0.580370
vt 0.375000 0.627900
vt 0.372429 0.580176
vt 0.372429 0.529902
vt 0.375000 0.529708
vt 0.620181 0.592794
vt 0.500000 0.615057
vt 0.500000 0.589945
vt 0.375000 0.612094
vt 0.375000 0.586981
vt 0.125000 0.612094
vt 0.125000 0.586981
vt 0.125000 0.587935
vt 0.125000 0.618475
vt 0.391871 0.621676
vt 0.375000 0.587935
vt 0.424299 0.683396
vt 0.424299 0.721259
vt 0.475575 0.678369
vt 0.475575 0.726287
vt 0.475575 0.628094
vt 0.475575 0.776561
vt 0.475575 0.580176
vt 0.475575 0.529902
vt 0.424299 0.585204
vt 0.424299 0.524874
vt 0.424299 0.623067
vt 0.424299 0.819451
vt 0.424299 0.781588
vt 0.475575 0.824479
vt 0.475575 0.874753
vt 0.475575 0.922671
vt 0.475575 0.972946
vt 0.424299 0.917644
vt 0.424299 0.977973
vt 0.424299 0.879781
vt 0.216252 0.537997
vt 0.216252 0.500000
vt 0.125000 0.537997
vt 0.181144 0.537997
vt 0.181144 0.500000
vt 0.620180 0.157206
vt 0.620182 0.592794
vt 0.537237 0.972946
vt 0.537237 0.922671
vt 0.589106 0.977973
vt 0.625000 0.974494
vt 0.537237 0.874753
vt 0.589106 0.917644
vt 0.589106 0.879781
vt 0.625000 0.876302
vt 0.625000 0.921123
vt 0.537237 0.824479
vt 0.537237 0.776561
vt 0.589106 0.819451
vt 0.537237 0.726287
vt 0.589106 0.781588
vt 0.625000 0.778109
vt 0.625000 0.822930
vt 0.537237 0.678369
vt 0.589106 0.721259
vt 0.589106 0.683396
vt 0.625000 0.679917
vt 0.625000 0.724738
vt 0.537237 0.628094
vt 0.537237 0.580176
vt 0.537237 0.529902
vt 0.589106 0.585204
vt 0.589106 0.524874
vt 0.625000 0.528353
vt 0.589106 0.623067
vt 0.625000 0.626546
vt 0.625000 0.581725
vt 0.644205 0.726286
vt 0.644205 0.628094
vt 0.644205 0.529902
vt 0.644205 0.824479
vt 0.644205 0.922671
vt 0.391872 0.621676
vt 0.783748 0.534238
vt 0.783748 0.500000
vt 0.391871 0.621677
vt 0.431719 0.613438
vt 0.622903 0.208587
vt 0.625000 0.213764
vt 0.375000 0.212003
vt 0.375000 0.208424
s 1
f 257/69/177 258/70/177 259/70/177
f 260/71/177 259/70/177 258/70/177
f 257/69/177 259/70/177 261/69/177
f 259/70/177 260/71/177 262/71/177
f 263/72/177 257/69/177 261/69/177
f 260/71/177 264/73/177 262/71/177
f 257/69/177 263/72/177 265/72/177
f 260/71/177 266/73/177 264/73/177
f 263/72/177 267/74/177 265/72/177
f 268/75/177 264/73/177 266/73/177
f 267/74/177 263/72/177 269/74/177
f 270/76/177 267/74/177 269/74/177
f 267/74/177 270/76/177 271/76/177
f 264/73/177 268/75/177 272/75/177
f 268/75/177 273/77/177 272/75/177
f 273/77/177 268/75/177 274/77/177
f 275/73/178 276/75/179 277/73/180
f 276/75/181 278/77/182 279/75/183
f 280/71/184 275/73/185 281/71/177
f 282/70/186 280/71/187 283/70/177
f 284/69/188 282/70/189 285/69/177
f 286/72/190 284/69/191 287/72/192
f 288/74/193 286/72/194 289/74/195
f 290/76/196 288/74/197 291/76/198
f 292/78/199 293/79/199 294/79/199
f 295/80/199 294/79/199 293/79/199
f 293/79/199 292/78/199 296/78/199
f 297/81/199 296/78/199 292/78/199
f 296/78/199 297/81/199 298/81/199
f 295/80/199 293/79/199 299/80/199
f 299/80/199 300/82/199 295/80/199
f 300/82/199 299/80/199 301/82/199
f 302/83/199 300/82/199 301/82/199
f 300/82/199 302/83/199 303/83/199
f 304/84/199 303/83/199 302/83/199
f 304/84/199 302/83/199 305/84/199
f 306/85/199 304/84/199 305/84/199
f 304/84/199 306/85/199 307/85/199
f 308/86/199 307/85/199 306/85/199
f 306/85/199 309/86/199 308/86/199
f 310/83/200 311/87/201 312/83/201
f 311/87/201 310/83/200 313/87/202
f 310/83/200 314/87/203 313/87/202
f 315/83/204 314/87/203 310/83/200
f 316/88/205 317/89/205 318/90/206
f 317/89/205 316/88/205 319/91/206
f 320/90/205 321/89/207 322/90/208
f 322/90/208 321/89/207 323/89/208
f 322/90/208 323/89/208 324/90/205
f 324/90/205 323/89/208 325/89/208
f 326/71/177 327/92/209 328/73/177
f 328/73/177 327/92/209 329/71/177
f 330/70/177 327/92/209 326/71/177
f 331/69/177 327/92/209 330/70/177
f 327/92/209 331/69/177 332/72/177
f 327/92/209 332/72/177 333/69/177
f 327/92/209 333/69/177 334/70/177
f 335/91/199 336/88/199 337/93/199
f 337/93/199 336/88/199 338/94/199
f 339/95/210 340/96/211 341/78/211
f 342/80/212 341/78/211 340/96/211
f 343/97/213 344/98/214 345/99/215
f 344/98/214 346/100/216 345/99/215
f 345/99/215 346/100/216 347/101/217
f 348/102/218 347/101/217 346/100/216
f 347/101/217 348/102/218 349/103/219
f 350/100/220 351/99/221 352/101/222
f 351/99/221 350/100/220 353/98/223
f 353/98/223 354/97/224 351/99/221
f 352/101/222 355/102/225 350/100/220
f 355/102/225 352/101/222 356/103/226
f 357/104/227 358/105/228 359/106/229
f 358/105/228 357/104/227 360/107/230
f 361/108/231 362/104/227 359/106/229
f 362/104/227 361/108/231 363/109/232
f 364/104/233 365/105/234 366/107/235
f 365/105/234 364/104/233 367/106/236
f 368/104/233 369/108/237 367/106/236
f 369/108/237 368/104/233 370/109/238
f 371/80/239 372/110/199 373/111/240
f 372/110/199 371/80/239 374/112/241
f 373/111/240 375/80/242 371/80/239
f 376/97/243 377/98/214 378/99/215
f 377/98/214 379/100/216 378/99/215
f 378/99/215 379/100/216 380/101/244
f 381/102/218 380/101/244 379/100/216
f 380/101/244 381/102/218 382/103/219
f 383/104/227 384/105/228 385/106/229
f 384/105/228 383/104/227 386/107/230
f 387/108/245 388/104/246 385/106/229
f 388/104/246 387/108/245 389/109/232
f 390/100/220 391/99/221 392/101/247
f 391/99/221 390/100/220 393/98/223
f 393/98/223 394/97/248 391/99/221
f 392/101/247 395/102/225 390/100/220
f 395/102/225 392/101/247 396/103/226
f 397/104/233 398/105/234 399/107/235
f 398/105/234 397/104/233 400/106/236
f 401/104/233 402/108/237 400/106/236
f 402/108/237 401/104/233 403/109/238
f 404/97/243 405/98/214 406/99/215
f 405/98/214 407/100/216 406/99/215
f 406/99/215 407/100/216 408/101/244
f 409/102/218 408/101/244 407/100/216
f 408/101/244 409/102/218 410/103/219
f 411/100/249 412/99/221 413/101/222
f 412/99/221 411/100/249 414/98/223
f 414/98/223 415/97/248 412/99/221
f 413/101/222 416/102/225 411/100/249
f 416/102/225 413/101/222 417/103/226
f 418/104/227 419/105/228 420/106/229
f 419/105/228 418/104/227 421/107/230
f 422/108/245 423/104/227 420/106/229
f 423/104/227 422/108/245 424/109/232
f 425/104/233 426/105/234 427/107/235
f 426/105/234 425/104/233 428/106/236
f 429/104/233 430/108/237 428/106/236
f 430/108/237 429/104/233 431/109/238
f 432/75/250 433/75/250 434/77/251
f 433/75/250 435/77/251 434/77/251
f 436/73/252 433/75/250 432/75/250
f 437/73/252 436/73/252 432/75/250
f 438/71/253 436/73/252 437/73/252
f 439/71/253 438/71/253 437/73/252
f 440/70/254 438/71/253 439/71/253
f 441/70/254 440/70/254 439/71/253
f 442/69/255 440/70/254 441/70/254
f 443/69/255 442/69/255 441/70/254
f 443/69/255 444/72/256 442/69/255
f 444/72/256 443/69/255 445/72/256
f 445/72/256 446/74/257 444/72/256
f 446/74/257 445/72/256 447/74/257
f 448/76/258 446/74/257 447/74/257
f 449/76/258 448/76/258 447/74/257
f 450/85/250 451/86/251 452/85/250
f 451/86/251 450/85/250 453/86/251
f 452/85/250 454/84/252 450/85/250
f 454/84/252 452/85/250 455/84/252
f 455/84/252 456/83/253 454/84/252
f 456/83/253 455/84/252 457/83/253
f 457/83/253 458/82/254 456/83/253
f 458/82/254 457/83/253 459/82/254
f 459/82/254 460/80/255 458/82/254
f 460/80/255 459/82/254 461/80/255
f 460/80/255 461/80/255 462/79/256
f 461/80/255 463/79/256 462/79/256
f 462/79/256 463/79/256 464/78/257
f 463/79/256 465/78/257 464/78/257
f 465/78/257 466/81/258 464/78/257
f 466/81/258 465/78/257 467/81/258
f 468/75/250 469/113/259 470/114/251
f 468/75/250 470/114/251 471/77/251
f 469/113/259 472/86/260 470/114/251
f 469/113/259 473/85/261 472/86/260
f 474/73/252 469/113/259 468/75/250
f 474/73/252 475/115/262 469/113/259
f 475/115/262 476/85/263 469/113/259
f 475/115/262 477/84/264 476/85/263
f 478/71/253 475/115/262 474/73/252
f 478/71/253 479/87/265 475/115/262
f 479/87/265 480/84/264 475/115/262
f 479/87/265 481/83/266 480/84/264
f 482/70/254 479/87/265 478/71/253
f 482/70/254 483/116/267 479/87/265
f 483/116/267 484/83/268 479/87/265
f 483/116/267 485/82/269 484/83/268
f 486/69/255 483/116/267 482/70/254
f 486/69/255 487/96/270 483/116/267
f 487/96/270 488/82/269 483/116/267
f 487/96/270 489/80/271 488/82/269
f 490/72/256 487/96/270 486/69/255
f 487/96/270 490/72/256 491/117/272
f 492/80/273 487/96/270 491/117/272
f 492/80/273 491/117/272 493/79/274
f 494/74/257 491/117/272 490/72/256
f 491/117/272 494/74/257 495/95/275
f 496/76/258 495/95/275 494/74/257
f 497/79/274 491/117/272 495/95/275
f 497/79/274 495/95/275 498/78/276
f 496/76/258 499/118/258 495/95/275
f 499/118/258 500/78/277 495/95/275
f 499/118/258 501/81/260 500/78/277
f 502/87/252 503/113/252 504/83/252
f 505/85/252 504/83/252 503/113/252
f 506/74/278 507/76/279 508/76/280
f 509/76/258 507/76/279 510/74/257
f 507/76/279 511/74/281 510/74/257
f 507/76/279 506/74/278 511/74/281
f 511/74/281 512/72/256 510/74/257
f 506/74/278 513/72/282 511/74/281
f 512/72/256 511/74/281 513/72/282
f 513/72/282 506/74/278 514/72/283
f 513/72/282 515/69/255 512/72/256
f 516/69/284 513/72/282 514/72/283
f 515/69/255 513/72/282 517/69/285
f 513/72/282 516/69/284 517/69/285
f 515/69/255 517/69/285 518/70/254
f 517/69/285 516/69/284 519/70/286
f 517/69/285 519/70/286 518/70/254
f 520/70/287 519/70/286 516/69/284
f 518/70/254 519/70/286 521/71/253
f 522/71/288 519/70/286 520/70/287
f 519/70/286 523/71/289 521/71/253
f 519/70/286 522/71/288 523/71/289
f 521/71/253 523/71/289 524/73/252
f 523/71/289 522/71/288 525/73/290
f 523/71/289 525/73/290 524/73/252
f 526/73/291 525/73/290 522/71/288
f 524/73/252 525/73/290 527/75/250
f 528/75/292 525/73/290 526/73/291
f 525/73/290 529/75/293 527/75/250
f 525/73/290 528/75/292 529/75/293
f 527/75/250 529/75/293 530/77/294
f 529/75/293 531/77/295 530/77/294
f 529/75/293 528/75/292 531/77/295
f 532/77/280 531/77/295 528/75/292
f 533/71/177 534/70/177 535/70/177
f 536/69/177 535/70/177 534/70/177
f 534/70/177 533/71/177 537/71/177
f 535/70/177 536/69/177 538/69/177
f 539/73/177 537/71/177 533/71/177
f 540/72/177 538/69/177 536/69/177
f 537/71/177 539/73/177 541/73/177
f 538/69/177 540/72/177 542/72/177
f 539/73/177 543/75/177 541/73/177
f 540/72/177 544/74/177 542/72/177
f 539/73/177 545/75/177 543/75/177
f 545/75/177 546/77/177 543/75/177
f 546/77/177 545/75/177 547/77/177
f 544/74/177 540/72/177 548/74/177
f 549/76/177 544/74/177 548/74/177
f 548/74/177 550/76/177 549/76/177
f 551/97/296 552/98/297 553/99/298
f 552/98/297 554/100/216 553/99/298
f 553/99/298 554/100/216 555/101/217
f 556/102/299 555/101/217 554/100/216
f 555/101/217 556/102/299 557/103/299
f 558/104/227 559/105/228 560/106/229
f 559/105/228 558/104/227 561/107/230
f 562/108/300 563/104/227 560/106/229
f 563/104/227 562/108/300 564/119/232
f 565/100/301 566/99/302 567/101/247
f 566/99/302 565/100/301 568/98/303
f 568/98/303 569/97/248 566/99/302
f 567/101/247 570/102/304 565/100/301
f 570/102/304 567/101/247 571/103/305
f 572/104/233 573/105/234 574/107/235
f 573/105/234 572/104/233 575/106/236
f 576/104/233 577/108/237 575/106/236
f 577/108/237 576/104/233 578/119/238
f 579/73/256 580/73/256 581/75/255
f 580/73/256 582/75/255 581/75/255
f 582/75/255 583/77/306 581/75/255
f 583/77/306 582/75/255 584/77/254
f 585/71/257 580/73/256 579/73/256
f 586/71/257 585/71/257 579/73/256
f 586/71/257 587/70/258 585/71/257
f 587/70/258 586/71/257 588/70/258
f 588/70/258 589/69/250 587/70/258
f 589/69/250 588/70/258 590/69/250
f 590/69/250 591/72/252 589/69/250
f 591/72/252 590/69/250 592/72/252
f 592/72/252 593/74/253 591/72/252
f 593/74/253 592/72/252 594/74/253
f 594/74/253 595/76/307 593/74/253
f 595/76/307 594/74/253 596/76/308
f 597/73/252 598/120/309 599/121/309
f 597/73/252 600/122/309 598/120/309
f 601/123/309 597/73/252 599/121/309
f 600/122/309 597/73/252 602/124/309
f 603/125/309 597/73/252 601/123/309
f 604/126/309 597/73/252 603/125/309
f 602/124/309 597/73/252 605/127/309
f 597/73/252 604/126/309 606/128/310
f 597/73/252 606/128/310 607/71/311
f 608/73/312 609/129/313 610/84/314
f 609/129/313 611/83/315 610/84/314
f 608/73/312 612/127/316 609/129/313
f 612/127/316 608/73/312 613/124/316
f 608/73/312 614/122/316 613/124/316
f 614/122/316 608/73/312 615/120/316
f 615/120/316 608/73/312 616/121/316
f 616/121/316 608/73/312 617/123/316
f 617/123/316 608/73/312 618/125/316
f 608/73/312 619/126/316 618/125/316
f 605/127/309 597/73/252 620/129/317
f 620/129/317 597/73/252 621/84/252
f 620/129/317 621/84/252 622/83/318
f 623/70/319 607/71/311 624/130/320
f 623/70/319 624/130/320 625/131/321
f 625/131/321 626/132/321 623/70/319
f 627/133/321 623/70/319 626/132/321
f 628/134/322 627/133/321 626/132/321
f 627/133/321 628/134/322 629/135/322
f 623/70/319 627/133/321 630/136/321
f 631/137/321 623/70/319 630/136/321
f 632/138/322 631/137/321 630/136/321
f 631/137/321 632/138/322 633/139/322
f 634/140/321 623/70/319 631/137/321
f 623/70/319 634/140/321 635/141/321
f 634/140/321 636/142/322 635/141/321
f 635/141/321 636/142/322 637/143/322
f 623/70/319 635/141/321 638/144/321
f 639/145/309 640/134/322 641/126/309
f 640/134/322 639/145/309 642/135/322
f 643/146/309 644/138/322 645/123/309
f 644/138/322 643/146/309 646/139/322
f 647/147/309 648/142/322 649/120/309
f 648/142/322 647/147/309 650/143/322
f 651/124/309 652/148/322 653/149/322
f 652/148/322 651/124/309 654/150/309
f 655/138/323 656/139/323 657/146/316
f 655/138/323 657/146/316 658/123/316
f 659/134/323 660/135/323 661/145/316
f 659/134/323 661/145/316 662/126/316
f 663/142/323 664/143/323 665/147/316
f 663/142/323 665/147/316 666/120/316
f 667/148/323 668/124/316 669/149/323
f 668/124/316 667/148/323 670/150/316
f 638/144/321 671/149/322 672/148/322
f 672/148/322 673/151/321 638/144/321
f 623/70/319 638/144/321 673/151/321
f 623/70/319 673/151/321 674/152/321
f 623/70/319 674/152/321 675/82/319
f 676/153/321 675/82/319 674/152/321
f 675/82/319 676/153/321 677/154/321
f 677/154/321 676/153/321 678/83/318
f 678/83/318 676/153/321 679/129/317
f 619/126/316 608/73/312 680/128/324
f 608/73/312 681/71/325 680/128/324
f 682/92/326 683/130/327 681/71/328
f 683/130/327 682/92/326 684/131/326
f 685/70/329 684/131/326 682/92/326
f 685/70/329 686/132/326 684/131/326
f 686/132/326 685/70/329 687/133/326
f 687/133/326 688/134/323 686/132/326
f 688/134/323 687/133/326 689/135/323
f 687/133/326 685/70/329 690/136/326
f 685/70/329 691/137/326 690/136/326
f 691/137/326 692/138/323 690/136/326
f 692/138/323 691/137/326 693/139/323
f 691/137/326 685/70/329 694/140/326
f 694/140/326 685/70/329 695/141/326
f 695/141/326 696/142/323 694/140/326
f 696/142/323 695/141/326 697/143/323
f 695/141/326 685/70/329 698/144/326
f 698/144/326 685/70/329 699/155/329
f 698/144/326 700/148/323 701/149/323
f 700/148/323 698/144/326 702/151/326
f 699/155/329 702/151/326 698/144/326
f 702/151/326 699/155/329 703/152/326
f 703/152/326 699/155/329 704/153/326
f 705/156/326 704/153/326 699/155/329
f 704/153/326 705/156/326 706/129/330
f 707/157/326 706/129/330 705/156/326
f 707/157/326 708/83/331 706/129/330
f 709/158/326 708/83/331 707/157/326
f 708/83/331 709/158/326 710/159/326
f 710/159/326 711/82/329 708/83/331
f 711/82/329 710/159/326 712/160/332
f 713/161/332 714/80/333 711/82/329
f 714/80/333 713/161/332 715/162/334
f 716/163/334 714/80/333 715/162/334
f 716/163/334 715/162/334 717/164/334
f 716/163/334 718/165/335 714/80/333
f 718/165/335 716/163/334 719/166/334
f 718/165/335 720/69/333 714/80/333
f 718/165/335 719/166/334 721/167/334
f 722/155/336 721/167/334 719/166/334
f 721/167/334 722/155/336 723/168/335
f 722/155/336 724/169/335 723/168/335
f 725/170/337 726/171/337 724/169/337
f 725/170/334 722/155/329 727/70/329
f 728/172/334 720/69/333 718/165/335
f 728/172/338 729/173/338 730/174/338
f 731/175/339 720/69/333 730/174/339
f 732/176/334 733/177/334 731/175/334
f 734/178/334 720/69/333 733/177/334
f 734/178/334 735/179/334 736/180/334
f 737/181/339 720/69/333 736/180/339
f 737/181/335 738/182/335 739/183/335
f 720/69/333 739/183/339 740/184/335
f 720/69/333 740/184/335 741/185/334
f 742/130/320 743/71/311 744/186/340
f 745/88/258 746/187/258 747/94/258
f 746/187/258 745/88/258 748/80/258
f 748/80/258 745/88/258 749/83/258
f 748/80/258 749/83/258 750/82/258
f 751/168/341 675/82/342 752/167/343
f 751/168/341 753/70/342 675/82/342
f 754/80/344 752/167/343 675/82/342
f 752/167/343 754/80/344 755/165/341
f 756/169/343 753/70/342 751/168/341
f 757/171/345 758/170/341 756/169/343
f 758/170/341 753/70/342 756/169/343
f 759/69/344 755/165/341 754/80/344
f 759/69/344 760/172/343 755/165/341
f 761/173/341 760/172/341 762/174/341
f 759/69/344 763/175/343 762/174/343
f 764/176/341 763/175/341 765/177/341
f 759/69/344 766/178/343 765/177/343
f 767/179/341 766/178/341 768/180/341
f 759/69/344 769/181/346 768/180/346
f 770/182/341 769/181/341 771/183/341
f 771/183/343 759/69/344 772/184/341
f 759/69/344 773/185/341 772/184/341
f 774/171/343 775/173/341 776/170/343
f 775/173/341 774/171/343 777/172/341
f 778/181/345 779/182/343 780/188/341
f 781/189/343 780/188/341 779/182/343
f 782/175/343 783/176/341 784/190/343
f 785/191/343 784/190/343 783/176/341
f 786/178/347 787/179/341 788/192/341
f 789/193/343 788/192/341 787/179/341
f 790/70/342 791/193/343 792/194/343
f 793/195/341 790/70/348 794/191/341
f 795/196/343 790/70/342 796/170/343
f 797/188/341 798/189/343 799/194/345
f 753/70/342 799/194/345 798/189/343
f 753/70/342 798/189/343 800/197/343
f 753/70/342 801/195/343 802/193/341
f 803/192/341 802/193/341 801/195/343
f 804/191/343 753/70/342 805/196/345
f 806/190/341 804/191/343 805/196/345
f 807/69/344 808/174/343 809/172/343
f 810/181/346 807/69/344 811/183/346
f 807/69/344 812/180/345 813/178/345
f 807/69/344 814/177/346 815/175/346
f 816/186/349 817/71/328 818/130/327
f 819/116/350 820/82/350 821/87/177
f 821/87/177 820/82/350 822/83/177
f 819/116/350 823/80/351 820/82/350
f 824/96/352 823/80/351 819/116/350
f 824/96/352 825/198/353 823/80/351
f 824/96/352 826/199/353 825/198/353
f 827/95/354 825/198/353 826/199/353
f 825/198/353 827/95/354 828/78/354
f 829/71/254 830/96/254 831/87/254
f 831/87/254 830/96/254 832/116/254
f 830/96/254 829/71/254 833/200/254
f 833/200/254 829/71/254 834/201/254
f 835/171/334 836/173/334 837/172/334
f 836/173/334 835/171/334 838/170/334
f 839/182/335 840/181/335 841/188/335
f 841/188/335 842/189/335 839/182/335
f 843/176/335 844/175/334 845/190/335
f 845/190/335 846/191/334 843/176/335
f 847/179/355 848/178/335 849/192/335
f 849/192/335 850/193/335 847/179/355
f 851/194/355 727/70/329 852/189/335
f 852/189/335 853/188/334 851/194/355
f 727/70/329 854/197/335 852/189/335
f 727/70/356 855/191/335 856/196/337
f 855/191/335 857/190/334 856/196/337
f 858/195/337 727/70/329 859/193/335
f 859/193/335 860/192/334 858/195/337
f 861/193/355 862/70/329 863/194/355
f 862/70/329 864/195/334 865/191/334
f 862/70/329 866/196/357 867/170/357
f 868/169/334 869/155/329 867/170/334
f 870/174/358 871/69/333 872/172/358
f 871/69/333 873/181/359 874/183/359
f 875/180/359 871/69/333 876/178/359
f 877/177/339 871/69/333 878/175/339
f 879/87/258 880/113/258 881/113/258
f 882/87/258 880/113/258 879/87/258
f 883/87/258 880/113/258 882/87/258
f 880/113/258 883/87/258 884/113/258
f 885/76/360 886/77/258 887/77/258
f 886/77/258 885/76/360 888/70/361
f 885/76/360 889/76/362 888/70/361
f 888/70/361 889/76/362 890/70/363
f 891/77/258 886/77/258 888/70/361
f 886/77/258 891/77/258 892/77/258
f 893/77/258 892/77/258 891/77/258
f 892/77/258 893/77/258 894/77/258
f 895/77/364 894/77/258 893/77/258
f 896/77/258 895/77/364 893/77/258
f 895/77/364 896/77/258 897/77/258
f 894/77/258 895/77/364 898/77/258
f 899/77/258 898/77/258 895/77/364
f 898/77/258 899/77/258 900/77/258
f 901/83/254 902/85/254 903/83/254
f 902/85/254 901/83/254 904/85/254
f 903/83/254 902/85/254 905/83/254
f 906/85/254 905/83/254 902/85/254
f 907/69/258 908/87/258 909/96/258
f 908/87/258 907/69/258 910/71/258
f 911/69/258 912/96/258 913/69/258
f 914/96/258 913/69/258 912/96/258
f 915/69/258 916/96/258 917/69/258
f 916/96/258 915/69/258 918/96/258
f 919/202/254 920/203/365 921/204/366
f 919/202/254 921/204/366 922/202/254
f 923/203/367 921/204/366 920/203/365
f 924/204/368 921/204/366 923/203/367
f 920/203/365 919/202/254 925/202/254
f 925/202/254 919/202/254 926/202/254
f 926/202/254 927/202/254 925/202/254
f 926/202/254 928/202/254 927/202/254
f 929/202/369 927/202/254 928/202/254
f 927/202/254 929/202/369 930/202/254
f 929/202/369 931/202/254 930/202/254
f 932/202/254 929/202/369 928/202/254
f 929/202/369 932/202/254 933/202/254
f 933/202/254 932/202/254 934/202/254
f 935/90/254 936/83/254 937/88/254
f 936/83/254 935/90/254 938/80/254
f 939/90/254 940/80/254 941/90/254
f 940/80/254 939/90/254 942/80/254
f 943/90/254 944/80/254 945/90/254
f 946/80/254 945/90/254 944/80/254
f 947/72/256 754/80/344 948/79/256
f 754/80/344 947/72/256 949/69/344
f 950/70/342 951/185/345 949/69/344
f 950/70/342 952/205/343 951/185/345
f 953/69/270 954/185/335 955/70/336
f 954/185/335 956/205/337 955/70/336
f 957/80/333 953/69/333 958/72/370
f 957/80/333 958/72/370 959/79/370
f 960/75/250 961/85/250 962/86/294
f 960/75/250 962/86/294 963/77/294
f 964/73/252 961/85/250 960/75/250
f 964/73/252 965/84/252 961/85/250
f 966/71/253 965/84/252 964/73/252
f 966/71/253 967/83/253 965/84/252
f 968/70/254 967/83/253 966/71/253
f 968/70/254 969/82/254 967/83/253
f 970/69/255 969/82/254 968/70/254
f 970/69/255 971/80/255 969/82/254
f 972/72/256 971/80/255 970/69/255
f 971/80/255 972/72/256 973/79/256
f 974/74/257 973/79/256 972/72/256
f 973/79/256 974/74/257 975/78/257
f 976/76/258 975/78/257 974/74/257
f 976/76/258 977/81/258 975/78/257
f 978/206/371 979/206/372 980/207/373
f 981/207/374 980/207/373 979/206/372
f 982/208/228 983/209/375 984/208/376
f 983/209/375 982/208/228 985/209/377
f 986/208/228 987/209/375 988/208/376
f 987/209/375 986/208/228 989/209/377
f 990/208/228 991/209/375 992/208/376
f 991/209/375 990/208/228 993/209/377
f 994/208/228 995/209/375 996/208/376
f 995/209/375 994/208/228 997/209/377
f 998/208/228 999/209/375 1000/208/376
f 999/209/375 998/208/228 1001/209/377
f 1002/210/378 1003/211/379 1004/210/380
f 1003/211/379 1002/210/378 1005/211/381
f 1006/208/382 1007/212/383 1008/209/384
f 1007/212/383 1006/208/382 1009/213/385
f 1008/209/384 1010/208/386 1006/208/382
f 1010/208/386 1008/209/384 1011/209/387
f 1012/83/254 1013/214/254 1014/215/254
f 1012/83/254 1014/215/254 1015/80/254
f 1016/216/254 1014/215/254 1013/214/254
f 1014/215/254 1016/216/254 1017/217/254
f 1018/218/254 1019/217/254 1016/216/254
f 1018/218/254 1020/90/254 1019/217/254
f 1020/90/254 1018/218/254 1021/219/254
f 1022/210/388 1023/211/389 1024/211/214
f 1023/211/389 1022/210/388 1025/210/390
f 1026/210/388 1027/211/389 1028/211/214
f 1027/211/389 1026/210/388 1029/210/390
f 1030/211/389 1031/211/214 1032/210/388
f 1030/211/389 1032/210/388 1033/210/390
f 1034/210/388 1035/211/391 1036/211/214
f 1035/211/391 1034/210/388 1037/210/392
f 1038/210/388 1039/211/389 1040/211/214
f 1039/211/389 1038/210/388 1041/210/390
f 1042/83/393 1043/83/394 1044/220/395
f 1045/220/396 1044/220/395 1043/83/394
f 1046/208/397 1047/212/398 1048/213/399
f 1047/212/398 1046/208/397 1049/209/375
f 1050/208/382 1051/212/383 1052/209/384
f 1051/212/383 1050/208/382 1053/213/385
f 1052/209/384 1054/208/386 1050/208/382
f 1052/209/384 1055/209/387 1054/208/386
f 1056/221/400 1057/72/401 1058/222/402
f 1058/222/402 1059/223/400 1056/221/400
f 1059/223/400 1058/222/402 1060/224/403
f 1057/72/401 1061/225/400 1058/222/402
f 1062/226/404 1057/72/401 1056/221/400
f 1063/227/400 1061/225/400 1057/72/401
f 1061/225/400 1063/227/400 1064/228/400
f 1064/228/400 1063/227/400 1065/229/405
f 1057/72/401 1066/230/404 1063/227/400
f 1067/69/400 1066/230/404 1057/72/401
f 1066/230/404 1067/69/400 1068/231/405
f 1057/72/401 1062/226/404 1069/79/406
f 1070/232/400 1062/226/404 1071/233/405
f 1062/226/404 1070/232/400 1072/234/404
f 1069/79/406 1062/226/404 1072/234/404
f 1072/234/404 1073/235/404 1069/79/406
f 1074/236/405 1073/235/404 1075/237/407
f 1073/235/404 1074/236/405 1076/238/400
f 1069/79/406 1073/235/404 1076/238/400
f 1076/238/400 1077/239/400 1069/79/406
f 1077/239/400 1078/80/408 1069/79/406
f 1078/80/408 1077/239/400 1079/240/407
f 1080/235/409 1081/79/401 1082/238/410
f 1080/235/409 1082/238/410 1083/236/411
f 1083/236/411 1084/237/412 1080/235/409
f 1081/79/401 1085/239/410 1082/238/410
f 1086/234/410 1081/79/401 1080/235/409
f 1087/80/410 1085/239/410 1081/79/401
f 1085/239/410 1087/80/410 1088/240/411
f 1081/79/401 1086/234/410 1089/226/413
f 1090/232/410 1089/226/413 1086/234/410
f 1089/226/413 1090/232/410 1091/233/411
f 1089/226/413 1092/72/252 1081/79/401
f 1093/221/410 1092/72/252 1089/226/413
f 1092/72/252 1093/221/410 1094/222/410
f 1095/223/410 1094/222/410 1093/221/410
f 1094/222/410 1095/223/410 1096/224/411
f 1092/72/252 1094/222/410 1097/225/410
f 1092/72/252 1097/225/410 1098/227/410
f 1099/228/410 1098/227/410 1097/225/410
f 1098/227/410 1099/228/410 1100/229/411
f 1092/72/252 1098/227/410 1101/230/410
f 1101/230/410 1102/69/410 1092/72/252
f 1102/69/410 1101/230/410 1103/231/411
f 1104/211/414 1105/241/415 1106/242/416
f 1104/211/414 1107/210/417 1105/241/415
f 1105/241/415 1108/243/418 1106/242/416
f 1108/243/418 1109/244/419 1106/242/416
f 1109/244/419 1108/243/418 1110/245/420
f 1111/210/421 1112/211/422 1113/241/423
f 1113/241/423 1112/211/422 1114/242/424
f 1114/242/424 1115/243/425 1113/241/423
f 1116/244/426 1115/243/425 1114/242/424
f 1115/243/425 1116/244/426 1117/245/427
f 1118/246/419 1119/247/428 1120/246/429
f 1119/247/428 1118/246/419 1121/247/430
f 1122/246/419 1123/247/428 1124/246/429
f 1123/247/428 1122/246/419 1125/247/430
f 1126/246/419 1127/247/431 1128/246/432
f 1127/247/431 1126/246/419 1129/247/430
f 1130/246/419 1131/247/428 1132/246/429
f 1131/247/428 1130/246/419 1133/247/430
f 1134/246/433 1135/247/428 1136/246/429
f 1135/247/428 1134/246/433 1137/247/432
f 1138/248/434 1139/248/435 1140/249/436
f 1138/248/434 1140/249/436 1141/249/437
f 1142/248/434 1143/248/435 1144/249/436
f 1142/248/434 1144/249/436 1145/249/437
f 1146/248/435 1147/249/237 1148/248/434
f 1147/249/237 1146/248/435 1149/249/436
f 1150/248/434 1151/248/435 1152/249/438
f 1150/248/434 1152/249/438 1153/249/237
f 1154/248/434 1155/248/435 1156/249/436
f 1154/248/434 1156/249/436 1157/249/437
f 1158/69/199 1159/72/199 1160/72/199
f 1159/72/199 1161/74/199 1160/72/199
f 1159/72/199 1158/69/199 1162/69/199
f 1159/72/199 1163/74/199 1161/74/199
f 1164/76/199 1161/74/199 1163/74/199
f 1161/74/199 1164/76/199 1165/76/199
f 1166/70/199 1162/69/199 1158/69/199
f 1166/70/199 1158/69/199 1167/70/199
f 1168/71/199 1166/70/199 1167/70/199
f 1168/71/199 1167/70/199 1169/71/199
f 1170/73/199 1168/71/199 1169/71/199
f 1169/71/199 1171/73/199 1170/73/199
f 1172/75/199 1170/73/199 1171/73/199
f 1170/73/199 1172/75/199 1173/75/199
f 1174/77/199 1173/75/199 1172/75/199
f 1173/75/199 1174/77/199 1175/77/199
f 1176/249/439 1177/248/440 1178/249/441
f 1177/248/440 1176/249/439 1179/248/442
f 1180/249/439 1181/248/440 1182/249/441
f 1181/248/440 1180/249/439 1183/248/442
f 1184/249/443 1185/248/442 1186/248/440
f 1185/248/442 1184/249/443 1187/249/439
f 1188/249/444 1189/248/440 1190/249/443
f 1189/248/440 1188/249/444 1191/248/442
f 1192/249/439 1193/248/440 1194/249/441
f 1193/248/440 1192/249/439 1195/248/442
f 1196/247/445 1197/247/446 1198/246/447
f 1196/247/445 1198/246/447 1199/246/448
f 1200/247/445 1201/247/446 1202/246/447
f 1200/247/445 1202/246/447 1203/246/448
f 1204/246/447 1205/247/449 1206/247/446
f 1205/247/449 1204/246/447 1207/246/450
f 1208/247/445 1209/247/446 1210/246/447
f 1208/247/445 1210/246/447 1211/246/448
f 1212/247/445 1213/247/450 1214/246/451
f 1212/247/445 1214/246/451 1215/246/448
f 1216/250/452 1217/212/383 1218/213/453
f 1217/212/383 1216/250/452 1219/251/454
f 1220/252/455 1221/253/456 1222/254/457
f 1223/232/455 1221/253/456 1220/252/455
f 1221/253/456 1223/232/455 1224/233/455
f 1222/254/457 1221/253/456 1225/255/455
f 1226/82/458 1222/254/457 1225/255/455
f 1226/82/458 1227/256/455 1222/254/457
f 1225/255/455 1228/70/459 1226/82/458
f 1229/257/456 1228/70/459 1225/255/455
f 1227/256/455 1226/82/458 1230/258/456
f 1230/258/456 1226/82/458 1231/259/456
f 1232/260/455 1227/256/455 1230/258/456
f 1226/82/458 1233/261/456 1231/259/456
f 1234/80/456 1233/261/456 1226/82/458
f 1233/261/456 1234/80/456 1235/240/456
f 1227/256/455 1232/260/455 1236/262/455
f 1237/236/456 1236/262/455 1232/260/455
f 1236/262/455 1237/236/456 1238/237/456
f 1239/263/456 1229/257/456 1240/264/456
f 1241/223/457 1239/263/456 1240/264/456
f 1239/263/456 1241/223/457 1242/224/457
f 1229/257/456 1239/263/456 1243/265/455
f 1243/265/455 1228/70/459 1229/257/456
f 1244/266/457 1228/70/459 1243/265/455
f 1228/70/459 1244/266/457 1245/267/455
f 1228/70/459 1245/267/455 1246/268/456
f 1244/266/457 1247/269/456 1245/267/455
f 1248/270/455 1228/70/459 1246/268/456
f 1228/70/459 1248/270/455 1249/69/455
f 1250/231/460 1249/69/455 1248/270/455
f 1247/269/456 1244/266/457 1251/271/456
f 1251/271/456 1252/228/457 1247/269/456
f 1247/269/456 1252/228/457 1253/229/455
f 1254/250/439 1255/212/398 1256/251/461
f 1255/212/398 1254/250/439 1257/213/462
f 1258/272/256 1259/272/463 1260/273/464
f 1258/272/256 1260/273/464 1261/273/256
f 1262/274/465 1263/274/256 1264/78/256
f 1262/274/465 1264/78/256 1265/78/466
f 1266/275/256 1267/275/256 1268/276/256
f 1266/275/256 1268/276/256 1269/276/256
f 1270/69/467 1271/270/467 1272/70/468
f 1271/270/467 1270/69/467 1273/231/469
f 1271/270/467 1274/268/470 1272/70/468
f 1272/70/468 1274/268/470 1275/267/467
f 1276/266/467 1272/70/468 1275/267/467
f 1277/269/470 1276/266/467 1275/267/467
f 1276/266/467 1277/269/470 1278/271/470
f 1278/271/470 1277/269/470 1279/228/470
f 1279/228/470 1277/269/470 1280/229/467
f 1272/70/468 1276/266/467 1281/265/467
f 1272/70/468 1281/265/467 1282/257/470
f 1283/263/470 1282/257/470 1281/265/467
f 1272/70/468 1282/257/470 1284/255/467
f 1282/257/470 1283/263/470 1285/264/470
f 1285/264/470 1283/263/470 1286/223/470
f 1286/223/470 1283/263/470 1287/224/467
f 1284/255/467 1288/82/471 1272/70/468
f 1289/254/470 1288/82/471 1284/255/467
f 1284/255/467 1290/253/470 1289/254/470
f 1289/254/470 1290/253/470 1291/252/470
f 1290/253/470 1292/232/467 1291/252/470
f 1292/232/467 1290/253/470 1293/233/467
f 1294/256/467 1288/82/471 1289/254/470
f 1288/82/471 1294/256/467 1295/258/467
f 1294/256/467 1296/260/467 1295/258/467
f 1288/82/471 1295/258/467 1297/259/470
f 1296/260/467 1294/256/467 1298/262/467
f 1298/262/467 1299/236/470 1296/260/467
f 1299/236/470 1298/262/467 1300/237/467
f 1301/261/470 1288/82/471 1297/259/470
f 1288/82/471 1301/261/470 1302/80/470
f 1303/240/470 1302/80/470 1301/261/470
f 1304/97/243 1305/98/472 1306/277/473
f 1305/98/472 1307/100/474 1306/277/473
f 1306/277/473 1307/100/474 1308/101/217
f 1308/101/217 1307/100/474 1309/102/218
f 1309/102/218 1310/103/219 1308/101/217
f 1311/100/249 1312/277/475 1313/101/247
f 1312/277/475 1311/100/249 1314/98/476
f 1314/98/476 1315/97/477 1312/277/475
f 1316/102/225 1311/100/249 1313/101/247
f 1317/103/226 1316/102/225 1313/101/247
f 1318/104/227 1319/105/228 1320/106/229
f 1319/105/228 1318/104/227 1321/107/230
f 1322/108/300 1323/104/227 1320/106/229
f 1323/104/227 1322/108/300 1324/109/232
f 1325/104/233 1326/105/234 1327/107/235
f 1326/105/234 1325/104/233 1328/106/236
f 1329/104/233 1330/108/437 1328/106/236
f 1330/108/437 1329/104/233 1331/109/238
f 1332/210/478 1333/211/479 1334/278/480
f 1335/210/378 1333/211/479 1332/210/478
f 1333/211/479 1335/210/378 1336/211/481
f 1334/278/480 1333/211/479 1337/242/424
f 1337/242/424 1338/243/482 1334/278/480
f 1339/244/426 1338/243/482 1337/242/424
f 1338/243/482 1339/244/426 1340/245/427
f 1341/208/382 1342/212/383 1343/209/384
f 1342/212/383 1341/208/382 1344/213/385
f 1343/209/384 1345/208/386 1341/208/382
f 1345/208/386 1343/209/384 1346/209/387
f 1347/279/483 1348/280/483 1349/70/484
f 1350/281/485 1347/279/483 1349/70/484
f 1350/281/485 1351/71/486 1352/282/487
f 1351/71/486 1350/281/485 1349/70/484
f 1353/283/483 1349/70/484 1348/280/483
f 1354/284/488 1353/283/483 1348/280/483
f 1353/283/483 1354/284/488 1355/285/488
f 1355/285/488 1354/284/488 1356/286/489
f 1356/286/489 1354/284/488 1357/287/489
f 1358/288/483 1349/70/484 1353/283/483
f 1349/70/484 1358/288/483 1359/289/483
f 1360/290/488 1359/289/483 1358/288/483
f 1349/70/484 1359/289/483 1361/291/483
f 1359/289/483 1360/290/488 1362/292/488
f 1362/292/488 1360/290/488 1363/293/489
f 1363/293/489 1360/290/488 1364/294/489
f 1361/291/483 1365/82/490 1349/70/484
f 1366/295/483 1365/82/490 1361/291/483
f 1361/291/483 1367/296/488 1366/295/483
f 1366/295/483 1367/296/488 1368/297/488
f 1367/296/488 1369/298/489 1368/297/488
f 1369/298/489 1367/296/488 1370/299/489
f 1371/300/488 1365/82/490 1366/295/483
f 1365/82/490 1371/300/488 1372/301/483
f 1365/82/490 1372/301/483 1373/302/483
f 1371/300/488 1374/303/488 1372/301/483
f 1375/304/485 1365/82/490 1373/302/483
f 1365/82/490 1375/304/485 1376/83/491
f 1377/305/492 1376/83/491 1375/304/485
f 1374/303/488 1371/300/488 1378/306/488
f 1378/306/488 1379/307/489 1374/303/488
f 1374/303/488 1379/307/489 1380/308/489
f 1381/297/493 1382/296/493 1383/295/494
f 1384/298/495 1382/296/493 1381/297/493
f 1382/296/493 1384/298/495 1385/299/495
f 1383/295/494 1382/296/493 1386/291/494
f 1387/82/496 1383/295/494 1386/291/494
f 1387/82/496 1388/300/494 1383/295/494
f 1386/291/494 1389/70/497 1387/82/496
f 1390/289/494 1389/70/497 1386/291/494
f 1388/300/494 1387/82/496 1391/301/494
f 1391/301/494 1387/82/496 1392/302/494
f 1393/303/493 1388/300/494 1391/301/494
f 1394/304/493 1392/302/494 1387/82/496
f 1395/83/498 1394/304/493 1387/82/496
f 1394/304/493 1395/83/498 1396/305/499
f 1388/300/494 1393/303/493 1397/306/493
f 1397/306/493 1393/303/493 1398/307/495
f 1398/307/495 1393/303/493 1399/308/495
f 1400/290/493 1390/289/494 1401/292/493
f 1402/293/495 1400/290/493 1401/292/493
f 1400/290/493 1402/293/495 1403/294/495
f 1390/289/494 1400/290/493 1404/288/494
f 1404/288/494 1389/70/497 1390/289/494
f 1405/283/494 1389/70/497 1404/288/494
f 1389/70/497 1405/283/494 1406/280/494
f 1389/70/497 1406/280/494 1407/279/494
f 1405/283/494 1408/284/493 1406/280/494
f 1409/281/500 1389/70/497 1407/279/494
f 1389/70/497 1409/281/500 1410/71/501
f 1411/282/502 1410/71/501 1409/281/500
f 1408/284/493 1405/283/494 1412/285/493
f 1412/285/493 1413/286/495 1408/284/493
f 1408/284/493 1413/286/495 1414/287/495
f 1415/309/503 1416/73/256 1417/84/504
f 1415/309/503 1417/84/504 1418/298/503
f 1418/298/503 1417/84/504 1419/310/503
f 1419/310/503 1417/84/504 1420/308/503
f 1420/308/503 1417/84/504 1421/311/505
f 1417/84/504 1422/83/506 1421/311/505
f 1416/73/256 1415/309/503 1423/293/503
f 1416/73/256 1423/293/503 1424/312/503
f 1416/73/256 1424/312/503 1425/286/503
f 1416/73/256 1425/286/503 1426/313/503
f 1416/73/256 1426/313/503 1427/282/507
f 1428/71/508 1416/73/256 1427/282/507
f 1429/309/509 1430/84/510 1431/73/511
f 1432/298/509 1430/84/510 1429/309/509
f 1430/84/510 1432/298/509 1433/310/509
f 1434/308/509 1430/84/510 1433/310/509
f 1430/84/510 1434/308/509 1435/311/512
f 1430/84/510 1435/311/512 1436/83/513
f 1431/73/511 1437/293/509 1429/309/509
f 1437/293/509 1431/73/511 1438/312/509
f 1438/312/509 1431/73/511 1439/286/509
f 1439/286/509 1431/73/511 1440/313/509
f 1440/313/509 1431/73/511 1441/282/514
f 1441/282/514 1431/73/511 1442/71/501
f 1443/208/382 1444/212/383 1445/209/515
f 1444/212/383 1443/208/382 1446/213/385
f 1445/209/515 1447/208/386 1443/208/382
f 1447/208/386 1445/209/515 1448/209/387
f 1449/210/516 1450/211/517 1451/241/480
f 1452/210/378 1450/211/517 1449/210/516
f 1450/211/517 1452/210/378 1453/211/481
f 1451/241/480 1450/211/517 1454/242/518
f 1454/242/518 1455/243/519 1451/241/480
f 1456/210/478 1457/211/520 1458/241/480
f 1459/210/378 1457/211/520 1456/210/478
f 1457/211/520 1459/210/378 1460/211/481
f 1458/241/480 1457/211/520 1461/242/424
f 1461/242/424 1462/243/482 1458/241/480
f 1463/244/521 1462/243/482 1461/242/424
f 1462/243/482 1463/244/521 1464/245/427
f 1465/208/382 1466/212/383 1467/209/384
f 1466/212/383 1465/208/382 1468/213/385
f 1467/209/384 1469/208/386 1465/208/382
f 1467/209/384 1470/209/387 1469/208/386
f 1471/79/177 1472/84/177 1473/82/177
f 1473/82/177 1472/84/177 1474/83/177
f 1471/79/177 1473/82/177 1475/80/177
f 1471/79/177 1476/82/177 1472/84/177
f 1472/84/177 1476/82/177 1477/83/177
f 1476/82/177 1471/79/177 1478/80/177
f 1479/208/397 1480/212/398 1481/213/399
f 1480/212/398 1479/208/397 1482/209/375
f 1483/210/522 1484/211/520 1485/241/422
f 1486/210/378 1484/211/520 1483/210/522
f 1484/211/520 1486/210/378 1487/211/481
f 1485/241/422 1484/211/520 1488/242/424
f 1488/242/424 1489/243/482 1485/241/422
f 1490/244/521 1489/243/482 1488/242/424
f 1489/243/482 1490/244/521 1491/245/427
f 1492/314/523 1493/212/383 1494/213/524
f 1493/212/383 1492/314/523 1495/251/454
f 1496/314/444 1497/212/398 1498/251/525
f 1497/212/398 1496/314/444 1499/213/462
f 1500/211/526 1501/278/527 1502/242/416
f 1500/211/526 1503/210/390 1501/278/527
f 1501/278/527 1504/243/528 1502/242/416
f 1504/243/528 1505/244/419 1502/242/416
f 1505/244/419 1504/243/528 1506/245/420
f 1507/84/256 1508/85/255 1509/84/256
f 1508/85/255 1507/84/256 1510/85/255
f 1511/86/306 1508/85/255 1510/85/255
f 1512/86/254 1511/86/306 1510/85/255
f 1509/84/256 1513/83/257 1507/84/256
f 1513/83/257 1509/84/256 1514/83/257
f 1513/83/257 1514/83/257 1515/82/258
f 1514/83/257 1516/82/258 1515/82/258
f 1515/82/258 1516/82/258 1517/80/250
f 1516/82/258 1518/80/250 1517/80/250
f 1517/80/250 1518/80/250 1519/79/252
f 1518/80/250 1520/79/252 1519/79/252
f 1519/79/252 1520/79/252 1521/78/253
f 1520/79/252 1522/78/253 1521/78/253
f 1521/78/253 1522/78/253 1523/81/307
f 1522/78/253 1524/81/308 1523/81/307
f 1525/315/529 1526/207/530 1527/206/531
f 1525/315/529 1527/206/531 1528/316/531
f 1529/202/532 1530/77/533 1531/203/534
f 1531/203/534 1530/77/533 1532/70/535
f 1533/202/536 1530/77/533 1529/202/532
f 1530/77/533 1533/202/536 1534/77/537
f 1535/202/538 1534/77/537 1533/202/536
f 1534/77/537 1535/202/538 1536/77/539
f 1531/203/540 1537/70/540 1538/70/177
f 1539/203/177 1531/203/540 1538/70/177
f 1540/208/397 1541/212/398 1542/213/399
f 1541/212/398 1540/208/397 1543/209/375
f 1544/317/444 1545/212/398 1546/251/525
f 1545/212/398 1544/317/444 1547/213/462
f 1548/317/523 1549/212/383 1550/213/524
f 1549/212/383 1548/317/523 1551/251/454
f 1552/211/526 1553/241/527 1554/242/416
f 1552/211/526 1555/210/390 1553/241/527
f 1553/241/527 1556/243/528 1554/242/416
f 1556/243/528 1557/244/419 1554/242/416
f 1557/244/419 1556/243/528 1558/245/420
f 1559/202/541 1560/77/542 1561/202/542
f 1560/77/542 1559/202/541 1562/77/543
f 1563/202/544 1562/77/543 1559/202/541
f 1562/77/543 1563/202/544 1564/77/545
f 1565/202/546 1564/77/545 1563/202/544
f 1564/77/545 1565/202/546 1566/77/547
f 1567/202/548 1566/77/547 1565/202/546
f 1566/77/547 1567/202/548 1568/77/549
f 1569/202/550 1568/77/549 1567/202/548
f 1568/77/549 1569/202/550 1570/77/550
f 1571/202/551 1570/77/550 1569/202/550
f 1570/77/550 1571/202/551 1572/77/552
f 1573/202/553 1572/77/552 1571/202/551
f 1572/77/552 1573/202/553 1574/77/554
f 1575/202/252 1574/77/554 1573/202/553
f 1574/77/554 1575/202/252 1576/77/252
f 1577/208/397 1578/212/398 1579/213/399
f 1578/212/398 1577/208/397 1580/209/375
f 1581/250/444 1582/212/398 1583/251/525
f 1582/212/398 1581/250/444 1584/213/462
f 1585/250/523 1586/212/383 1587/213/524
f 1586/212/383 1585/250/523 1588/251/454
f 1589/211/526 1590/241/555 1591/242/416
f 1589/211/526 1592/210/556 1590/241/555
f 1590/241/555 1593/243/528 1591/242/416
f 1593/243/528 1594/244/419 1591/242/416
f 1594/244/419 1593/243/528 1595/245/420
f 1596/211/557 1597/241/558 1598/242/559
f 1597/241/558 1599/243/560 1598/242/559
f 1596/211/557 1600/210/556 1597/241/558
f 1601/208/397 1602/212/398 1603/213/399
f 1602/212/398 1601/208/397 1604/209/561
f 1605/243/562 1606/318/563 1607/242/564
f 1606/318/563 1605/243/562 1608/245/563
f 1609/250/444 1610/212/398 1611/251/565
f 1610/212/398 1609/250/444 1612/213/399
f 1613/243/566 1614/318/567 1615/245/567
f 1614/318/567 1613/243/566 1616/242/568
f 1617/250/523 1618/212/383 1619/213/385
f 1618/212/383 1617/250/523 1620/251/569
f 1621/319/570 1622/219/571 1623/320/572
f 1623/320/572 1622/219/571 1624/218/573
f 1625/80/574 1626/96/575 1627/80/574
f 1627/80/574 1626/96/575 1628/96/576
f 1629/96/574 1630/87/574 1631/80/574
f 1632/83/575 1631/80/574 1630/87/574
f 1633/80/577 1634/96/578 1635/80/578
f 1635/80/578 1634/96/578 1636/96/577
f 1637/82/579 1638/83/580 1639/82/269
f 1640/80/581 1637/82/579 1639/82/269
f 1638/83/580 1637/82/579 1641/83/582
f 1637/82/579 1640/80/581 1642/80/583
f 1643/84/584 1638/83/580 1641/83/582
f 1642/80/583 1640/80/581 1644/79/585
f 1638/83/580 1643/84/584 1645/84/264
f 1646/79/274 1644/79/585 1640/80/581
f 1643/84/584 1647/85/586 1645/84/264
f 1648/78/587 1644/79/585 1646/79/274
f 1647/85/586 1643/84/584 1649/85/588
f 1650/86/589 1647/85/586 1649/85/588
f 1647/85/586 1650/86/589 1651/86/590
f 1644/79/585 1648/78/587 1652/78/591
f 1648/78/587 1653/81/592 1652/78/591
f 1653/81/592 1648/78/587 1654/81/260
f 1655/80/177 1656/79/177 1657/79/177
f 1658/78/177 1657/79/177 1656/79/177
f 1656/79/177 1655/80/177 1659/80/177
f 1658/78/177 1656/79/177 1660/78/177
f 1660/78/177 1661/81/177 1658/78/177
f 1661/81/177 1660/78/177 1662/81/177
f 1663/82/177 1659/80/177 1655/80/177
f 1659/80/177 1663/82/177 1664/82/177
f 1663/82/177 1665/83/177 1664/82/177
f 1663/82/177 1666/83/177 1665/83/177
f 1667/84/177 1665/83/177 1666/83/177
f 1665/83/177 1667/84/177 1668/84/177
f 1667/84/177 1669/85/177 1668/84/177
f 1667/84/177 1670/85/177 1669/85/177
f 1671/86/177 1669/85/177 1670/85/177
f 1669/85/177 1671/86/177 1672/86/177
f 1673/321/593 1674/90/594 1675/322/570
f 1674/90/594 1673/321/593 1676/90/595
